word_id	coco_image_id	flickr_url	licence
1943	122028	http://farm3.staticflickr.com/2539/3942153228_b8297d5d7c_z.jpg	Attribution-NonCommercial-ShareAlike License
1945	483039	http://farm1.staticflickr.com/132/337002060_e839539689_z.jpg	Attribution-NonCommercial-ShareAlike License
1947	23666	http://farm7.staticflickr.com/6065/6050612972_020a8bb7da_z.jpg	Attribution License
1948	303264	http://farm4.staticflickr.com/3063/2861395970_a5ab22a690_z.jpg	Attribution-NonCommercial-ShareAlike License
1950	524775	http://farm4.staticflickr.com/3747/9662656067_c3ef855ab1_z.jpg	Attribution-NonCommercial-NoDerivs License
1953	75663	http://farm3.staticflickr.com/2871/9639856922_48725c7de8_z.jpg	Attribution-NonCommercial-NoDerivs License
1954	242387	http://farm6.staticflickr.com/5307/5813158069_b9e3ea8cee_z.jpg	Attribution License
1955	195073	http://farm7.staticflickr.com/6064/6085750298_35fe0529f8_z.jpg	Attribution License
1956	107216	http://farm4.staticflickr.com/3044/2952950325_efdb270dbe_z.jpg	Attribution-NonCommercial-NoDerivs License
1958	503957	http://farm4.staticflickr.com/3613/3447633753_75fc5eea9f_z.jpg	Attribution License
1959	340998	http://farm9.staticflickr.com/8330/8439459791_0781b9f894_z.jpg	Attribution-NonCommercial License
1960	70187	http://farm9.staticflickr.com/8043/8116016488_1c931f2b76_z.jpg	Attribution-ShareAlike License
1961	147415	http://farm4.staticflickr.com/3660/3306226020_d7f6dcd2f9_z.jpg	Attribution-ShareAlike License
1962	448274	http://farm9.staticflickr.com/8098/8431666368_2a863496a0_z.jpg	Attribution-NonCommercial License
1964	415949	http://farm4.staticflickr.com/3550/3511080526_5a4d3550cc_z.jpg	Attribution-NonCommercial License
1967	134807	http://farm6.staticflickr.com/5314/5804311208_878e1459ce_z.jpg	Attribution-NonCommercial-NoDerivs License
1968	116439	http://farm3.staticflickr.com/2474/3735403050_b4ebfff4e4_z.jpg	Attribution-NonCommercial-NoDerivs License
1971	211230	http://farm6.staticflickr.com/5026/5651242021_188fb3ac23_z.jpg	Attribution-NonCommercial-NoDerivs License
1973	312896	http://farm4.staticflickr.com/3831/8987415730_f3f064a47e_z.jpg	Attribution License
1975	339529	http://farm8.staticflickr.com/7041/6883709267_70e59ef240_z.jpg	Attribution-NonCommercial License
1977	68748	http://farm1.staticflickr.com/212/508888771_928502173a_z.jpg	Attribution-NonCommercial-NoDerivs License
1978	220670	http://farm9.staticflickr.com/8334/8100226959_a6fc06446c_z.jpg	Attribution License
1979	135976	http://farm1.staticflickr.com/5/5241001_abd578ce38_z.jpg	Attribution-NonCommercial License
1983	307564	http://farm8.staticflickr.com/7212/7165968557_223734c9e7_z.jpg	Attribution-NonCommercial-ShareAlike License
1988	44637	http://farm3.staticflickr.com/2194/2403230831_a8dcd76dec_z.jpg	Attribution-NonCommercial-NoDerivs License
1995	295394	http://farm1.staticflickr.com/195/463883249_939f179f28_z.jpg	Attribution-NonCommercial-NoDerivs License
1996	535143	http://farm9.staticflickr.com/8387/8510880384_372427b933_z.jpg	Attribution License
1997	525273	http://farm4.staticflickr.com/3071/2668715875_8de5574945_z.jpg	Attribution-NonCommercial License
1998	106757	http://farm8.staticflickr.com/7215/7223539430_a21e03c395_z.jpg	Attribution-NonCommercial-NoDerivs License
1999	353608	http://farm4.staticflickr.com/3084/2677953815_9f836653d1_z.jpg	Attribution-NonCommercial-ShareAlike License
2002	294353	http://farm5.staticflickr.com/4130/5093662267_98388b8144_z.jpg	Attribution License
2004	110415	http://farm1.staticflickr.com/168/363098068_9841ab19bf_z.jpg	Attribution-NonCommercial-ShareAlike License
2005	110257	http://farm2.staticflickr.com/1379/5162591351_5af9d183e9_z.jpg	Attribution-NonCommercial-ShareAlike License
2006	479452	http://farm8.staticflickr.com/7161/6758288423_cdcf9d5e1d_z.jpg	Attribution-NoDerivs License
2009	422534	http://farm3.staticflickr.com/2446/4032377078_661ee18e66_z.jpg	Attribution-NonCommercial-NoDerivs License
2011	264581	http://farm9.staticflickr.com/8226/8541565490_5b655291f0_z.jpg	Attribution License
2012	247788	http://farm5.staticflickr.com/4064/4705080491_d04209d3bb_z.jpg	Attribution License
2015	462138	http://farm3.staticflickr.com/2163/1823756603_b0aa0edd12_z.jpg	Attribution-NonCommercial License
2017	528318	http://farm6.staticflickr.com/5032/5899844200_fa8a89e9d4_z.jpg	Attribution-NonCommercial-NoDerivs License
2018	540469	http://farm4.staticflickr.com/3252/2295642557_ae8e326c25_z.jpg	Attribution-ShareAlike License
2019	440269	http://farm8.staticflickr.com/7241/7332405964_c024ac4bf1_z.jpg	Attribution-ShareAlike License
2021	131280	http://farm2.staticflickr.com/1018/525886966_5ac2163e58_z.jpg	Attribution-ShareAlike License
2022	78384	http://farm1.staticflickr.com/38/96971470_38948cf86f_z.jpg	Attribution-NonCommercial License
2023	78384	http://farm1.staticflickr.com/38/96971470_38948cf86f_z.jpg	Attribution-NonCommercial License
2025	284084	http://farm1.staticflickr.com/74/201940062_434eb3816e_z.jpg	Attribution-NonCommercial-ShareAlike License
2028	305348	http://farm1.staticflickr.com/149/356747854_97a25d4968_z.jpg	Attribution-ShareAlike License
2029	522135	http://farm3.staticflickr.com/2699/4440108588_3a0ca46367_z.jpg	Attribution-NonCommercial-NoDerivs License
2030	80017	http://farm3.staticflickr.com/2373/2087005353_9ffecbce65_z.jpg	Attribution License
2032	304528	http://farm3.staticflickr.com/2153/2316704526_ae76db6cec_z.jpg	Attribution-NonCommercial License
2033	397769	http://farm4.staticflickr.com/3007/3019182860_8b0b076357_z.jpg	Attribution-NonCommercial-ShareAlike License
2034	78312	http://farm6.staticflickr.com/5341/9673851166_7cd97720a2_z.jpg	Attribution-NonCommercial-NoDerivs License
2035	509746	http://farm7.staticflickr.com/6038/6247473577_45cd0d0059_z.jpg	Attribution-NonCommercial-NoDerivs License
2037	482091	http://farm5.staticflickr.com/4037/4523092126_d60556d542_z.jpg	Attribution-NonCommercial License
2042	142592	http://farm9.staticflickr.com/8337/8214802997_dd45915aa6_z.jpg	Attribution-NonCommercial-NoDerivs License
2043	387748	http://farm5.staticflickr.com/4007/4334822048_6b85c2160c_z.jpg	Attribution-NonCommercial-NoDerivs License
2044	326845	http://farm1.staticflickr.com/117/295848309_2511612e1c_z.jpg	Attribution-NonCommercial-NoDerivs License
2046	547519	http://farm8.staticflickr.com/7101/7159937333_160a90e72b_z.jpg	Attribution-NonCommercial-NoDerivs License
2049	483028	http://farm8.staticflickr.com/7023/6508690397_0b90d072f8_z.jpg	Attribution License
2050	86215	http://farm6.staticflickr.com/5247/5206869832_09b4dd7533_z.jpg	Attribution License
2051	80303	http://farm8.staticflickr.com/7419/9281836443_cc216283bc_z.jpg	Attribution-NonCommercial-NoDerivs License
2052	93156	http://farm4.staticflickr.com/3662/3662014372_007bc4661b_z.jpg	Attribution-NonCommercial-NoDerivs License
2053	558190	http://farm3.staticflickr.com/2652/4072759133_2f46796d7b_z.jpg	Attribution License
2054	190670	http://farm3.staticflickr.com/2528/3959919679_e494bcf2df_z.jpg	Attribution-NoDerivs License
2056	58873	http://farm4.staticflickr.com/3012/3068783892_79c721234b_z.jpg	Attribution-NonCommercial License
2057	422804	http://farm1.staticflickr.com/32/64544014_32301b1832_z.jpg	Attribution-NonCommercial License
2058	58836	http://farm1.staticflickr.com/128/338569701_dcb7ce1ff6_z.jpg	Attribution-NonCommercial License
2059	91804	http://farm1.staticflickr.com/170/412671131_edebbda632_z.jpg	Attribution License
2060	445055	http://farm3.staticflickr.com/2290/2128091146_3e343ab74c_z.jpg	Attribution License
2061	334069	http://farm9.staticflickr.com/8166/7611202298_10a768609f_z.jpg	Attribution License
2063	506411	http://farm4.staticflickr.com/3065/2306246413_86b2db3b94_z.jpg	Attribution-NoDerivs License
2064	325022	http://farm9.staticflickr.com/8419/8705842273_21f7d8b9aa_z.jpg	Attribution-NonCommercial-NoDerivs License
2068	480454	http://farm7.staticflickr.com/6170/6164530820_8f61b69c44_z.jpg	Attribution-NonCommercial-NoDerivs License
2069	442026	http://farm9.staticflickr.com/8084/8340104879_489964e139_z.jpg	Attribution-NonCommercial-ShareAlike License
2070	20161	http://farm3.staticflickr.com/2405/2151781910_0905746602_z.jpg	Attribution-NonCommercial-NoDerivs License
2071	44763	http://farm1.staticflickr.com/131/359759173_9c5939d67f_z.jpg	Attribution-NonCommercial License
2072	471991	http://farm4.staticflickr.com/3677/9210647719_12f9e6c4bf_z.jpg	Attribution-NonCommercial-NoDerivs License
2073	99415	http://farm2.staticflickr.com/1190/1200124805_f5d4309624_z.jpg	Attribution-NonCommercial License
2074	197053	http://farm3.staticflickr.com/2142/2146004943_d1e094042f_z.jpg	Attribution-NonCommercial-NoDerivs License
2075	342766	http://farm8.staticflickr.com/7350/9390206492_4dd73235ec_z.jpg	Attribution-NonCommercial-NoDerivs License
2076	64516	http://farm8.staticflickr.com/7243/7343197374_602d97d1ac_z.jpg	Attribution-NonCommercial License
2077	101315	http://farm1.staticflickr.com/127/351841497_f62c275d94_z.jpg	Attribution-NonCommercial-NoDerivs License
2078	45524	http://farm5.staticflickr.com/4110/5207361921_65fd729f52_z.jpg	Attribution-NonCommercial License
2079	103486	http://farm8.staticflickr.com/7292/8744201213_71854279fe_z.jpg	Attribution License
2082	90306	http://farm5.staticflickr.com/4040/4388356114_bc61b69e0e_z.jpg	Attribution-NonCommercial-ShareAlike License
2083	122252	http://farm9.staticflickr.com/8001/7611590372_b81bb7f439_z.jpg	Attribution-NonCommercial-NoDerivs License
2086	45053	http://farm2.staticflickr.com/1247/5151554900_41bb3761cc_z.jpg	Attribution-NonCommercial License
2087	495125	http://farm6.staticflickr.com/5092/5526642779_fd35a48314_z.jpg	Attribution-NonCommercial-ShareAlike License
2088	251985	http://farm4.staticflickr.com/3376/3173411804_bc4f01e7f5_z.jpg	Attribution-NonCommercial License
2089	120566	http://farm5.staticflickr.com/4151/5060577330_29b9382a29_z.jpg	Attribution-NonCommercial-ShareAlike License
2091	372303	http://farm4.staticflickr.com/3266/2731183423_fbc4426a83_z.jpg	Attribution-NonCommercial-ShareAlike License
2092	551780	http://farm6.staticflickr.com/5125/5333676592_1219ccca49_z.jpg	Attribution License
2097	458042	http://farm3.staticflickr.com/2649/3804958201_f594a8b280_z.jpg	Attribution-NonCommercial-NoDerivs License
2098	250569	http://farm2.staticflickr.com/1244/5100824219_837fc1e1c0_z.jpg	Attribution-ShareAlike License
2099	28764	http://farm9.staticflickr.com/8215/8341899828_5ca8a027d7_z.jpg	Attribution License
2102	236406	http://farm1.staticflickr.com/28/55362450_55486f910e_z.jpg	Attribution-NonCommercial-ShareAlike License
2103	62814	http://farm4.staticflickr.com/3236/3129275550_5f26835673_z.jpg	Attribution-ShareAlike License
2104	191616	http://farm4.staticflickr.com/3539/3488931596_7e48603c80_z.jpg	Attribution-NonCommercial-NoDerivs License
2105	452727	http://farm1.staticflickr.com/222/521150318_8b66bec66a_z.jpg	Attribution-NonCommercial-NoDerivs License
2106	336873	http://farm3.staticflickr.com/2364/2070226004_70424516c5_z.jpg	Attribution-NonCommercial License
2108	214834	http://farm6.staticflickr.com/5462/9114294988_7a46343556_z.jpg	Attribution-NonCommercial License
2109	200446	http://farm1.staticflickr.com/143/407449300_210554735a_z.jpg	Attribution-NonCommercial-ShareAlike License
2110	38726	http://farm5.staticflickr.com/4085/5057998517_b0b4c27ca3_z.jpg	Attribution-ShareAlike License
2111	234293	http://farm9.staticflickr.com/8029/8015257788_af25b64930_z.jpg	Attribution-NonCommercial-ShareAlike License
2112	114414	http://farm1.staticflickr.com/60/181833415_34e95f7bdc_z.jpg	Attribution-NonCommercial-ShareAlike License
2113	551446	http://farm8.staticflickr.com/7119/7741240946_1166abc772_z.jpg	Attribution-ShareAlike License
2115	23594	http://farm4.staticflickr.com/3205/3126571167_ca08ce6297_z.jpg	Attribution-NonCommercial License
2116	270254	http://farm1.staticflickr.com/27/56508218_d0d5903559_z.jpg	Attribution-NonCommercial-NoDerivs License
2117	245383	http://farm7.staticflickr.com/6116/6231647457_34d8cdd3cd_z.jpg	Attribution License
2118	236406	http://farm1.staticflickr.com/28/55362450_55486f910e_z.jpg	Attribution-NonCommercial-ShareAlike License
2119	115902	http://farm4.staticflickr.com/3380/3524659906_20d3e8644a_z.jpg	Attribution-ShareAlike License
2122	520204	http://farm5.staticflickr.com/4141/4927765525_d755bdb133_z.jpg	Attribution-NonCommercial-ShareAlike License
2123	6339	http://farm3.staticflickr.com/2830/9608620970_e19901cf08_z.jpg	Attribution-NonCommercial-NoDerivs License
2124	64054	http://farm3.staticflickr.com/2756/4387083536_d93c3762e6_z.jpg	Attribution-NonCommercial-ShareAlike License
2125	365021	http://farm3.staticflickr.com/2715/4080013059_7d1c45048f_z.jpg	Attribution License
2126	259886	http://farm6.staticflickr.com/5242/5225723212_7b5e7ea2a1_z.jpg	Attribution-NonCommercial License
2128	8223	http://farm2.staticflickr.com/1432/822318126_e6020accd2_z.jpg	Attribution-NonCommercial-ShareAlike License
2129	134278	http://farm9.staticflickr.com/8085/8478381242_6566bb02db_z.jpg	Attribution-NonCommercial-ShareAlike License
2131	307435	http://farm9.staticflickr.com/8310/8058372698_a6600c22c7_z.jpg	Attribution-NonCommercial-NoDerivs License
2133	272613	http://farm1.staticflickr.com/29/66713844_2444b2502c_z.jpg	Attribution-ShareAlike License
2134	216277	http://farm4.staticflickr.com/3207/2883216399_24ecb51b1b_z.jpg	Attribution-NonCommercial-NoDerivs License
2136	259924	http://farm4.staticflickr.com/3614/3301075010_6af2ef34d6_z.jpg	Attribution-NonCommercial-NoDerivs License
2138	486125	http://farm5.staticflickr.com/4088/4843145982_86e02ab7d1_z.jpg	Attribution License
2139	344859	http://farm9.staticflickr.com/8006/7642080808_c9d9565d4c_z.jpg	Attribution-NonCommercial License
2140	222140	http://farm1.staticflickr.com/44/172636826_3487ce015e_z.jpg	Attribution-ShareAlike License
2141	204020	http://farm9.staticflickr.com/8208/8214294432_59e967fa80_z.jpg	Attribution-NonCommercial-NoDerivs License
2144	375811	http://farm7.staticflickr.com/6006/5887799655_234c641464_z.jpg	Attribution-ShareAlike License
2146	488573	http://farm1.staticflickr.com/88/231031890_dee9dfcd13_z.jpg	Attribution-NonCommercial-NoDerivs License
2148	324832	http://farm9.staticflickr.com/8373/8597489270_a521481a12_z.jpg	Attribution License
2150	200625	http://farm5.staticflickr.com/4099/4765011474_b5b094e699_z.jpg	Attribution-NoDerivs License
2154	340494	http://farm9.staticflickr.com/8297/7778401130_d45ce7c831_z.jpg	Attribution-ShareAlike License
2155	330818	http://farm5.staticflickr.com/4054/4625870673_1ab15d25c6_z.jpg	Attribution-NonCommercial-ShareAlike License
2157	187253	http://farm1.staticflickr.com/80/234506087_e06526574d_z.jpg	Attribution-NoDerivs License
2158	101948	http://farm4.staticflickr.com/3437/3818209234_06b3692c12_z.jpg	Attribution-NonCommercial-NoDerivs License
2159	157153	http://farm9.staticflickr.com/8188/8359519431_c915b2c435_z.jpg	Attribution-NonCommercial-NoDerivs License
2161	416240	http://farm5.staticflickr.com/4083/5063878552_97fd7a53ae_z.jpg	Attribution-NonCommercial-ShareAlike License
2162	310315	http://farm9.staticflickr.com/8484/8191187362_58bc2454ce_z.jpg	Attribution-NonCommercial-NoDerivs License
2163	523473	http://farm7.staticflickr.com/6234/6274181491_d45e89b135_z.jpg	Attribution-ShareAlike License
2165	331475	http://farm5.staticflickr.com/4118/4815112948_f23d4f535a_z.jpg	Attribution-ShareAlike License
2167	355905	http://farm3.staticflickr.com/2374/2234914187_12a24f98d7_z.jpg	Attribution-NonCommercial-ShareAlike License
2168	521879	http://farm4.staticflickr.com/3744/9260880893_5de9a1fc52_z.jpg	Attribution-NonCommercial-NoDerivs License
2169	332096	http://farm6.staticflickr.com/5105/5688948117_5015637bbb_z.jpg	Attribution-NonCommercial-ShareAlike License
2173	274888	http://farm5.staticflickr.com/4151/5126302824_e333e78753_z.jpg	Attribution-NonCommercial License
2174	254397	http://farm1.staticflickr.com/243/454643722_2922657d34_z.jpg	Attribution License
2177	515387	http://farm4.staticflickr.com/3215/2992305451_7c274a39ef_z.jpg	Attribution-NoDerivs License
2179	464630	http://farm7.staticflickr.com/6055/6241625966_7c523a4da8_z.jpg	Attribution-NonCommercial-ShareAlike License
2181	324455	http://farm9.staticflickr.com/8383/8458840869_1f8b567e3e_z.jpg	Attribution-NonCommercial-NoDerivs License
2182	126144	http://farm8.staticflickr.com/7248/7435655460_4710b8ec0d_z.jpg	Attribution-NonCommercial-ShareAlike License
2183	36450	http://farm4.staticflickr.com/3768/9346475796_b82739efb5_z.jpg	Attribution-NonCommercial-ShareAlike License
2184	314357	http://farm9.staticflickr.com/8044/8418020955_a9a8c5752b_z.jpg	Attribution-NonCommercial-ShareAlike License
2185	386875	http://farm9.staticflickr.com/8232/8575416917_30f3410e21_z.jpg	Attribution-NonCommercial-NoDerivs License
2187	178248	http://farm7.staticflickr.com/6129/5949269997_3d3acba8fd_z.jpg	Attribution-NonCommercial-NoDerivs License
2188	275695	http://farm3.staticflickr.com/2376/2457659954_d63f8d0085_z.jpg	Attribution-ShareAlike License
2190	24560	http://farm4.staticflickr.com/3479/4560660128_4ac347e725_z.jpg	Attribution-NonCommercial-NoDerivs License
2191	561635	http://farm1.staticflickr.com/126/415031861_5658ebe2d4_z.jpg	Attribution-NonCommercial-NoDerivs License
2192	418964	http://farm9.staticflickr.com/8384/8562168743_6bcef55e42_z.jpg	Attribution-ShareAlike License
2193	277203	http://farm9.staticflickr.com/8142/7280395068_ec53d382c8_z.jpg	Attribution-NoDerivs License
2195	417542	http://farm1.staticflickr.com/21/26908512_32f2f6a4bf_z.jpg	Attribution-NonCommercial-ShareAlike License
2196	143064	http://farm6.staticflickr.com/5284/5234656861_c081f5bf1f_z.jpg	Attribution License
2197	552245	http://farm6.staticflickr.com/5259/5501699158_8e5faa9321_z.jpg	Attribution-NonCommercial License
2198	164552	http://farm3.staticflickr.com/2444/3910437235_11880c0d38_z.jpg	Attribution-NonCommercial License
2199	261765	http://farm5.staticflickr.com/4057/4701217619_7d3161434f_z.jpg	Attribution License
2200	88825	http://farm8.staticflickr.com/7074/7400326960_7d8e42cb16_z.jpg	Attribution-NoDerivs License
2202	251985	http://farm4.staticflickr.com/3376/3173411804_bc4f01e7f5_z.jpg	Attribution-NonCommercial License
2204	56116	http://farm8.staticflickr.com/7063/6813865784_bfe15e3fbc_z.jpg	Attribution-NonCommercial-ShareAlike License
2205	50372	http://farm7.staticflickr.com/6184/6126654887_ed12a2780c_z.jpg	Attribution-NonCommercial-ShareAlike License
2206	21190	http://farm9.staticflickr.com/8097/8355515628_de28811677_z.jpg	Attribution License
2208	429818	http://farm1.staticflickr.com/204/485125015_d403a1a5ed_z.jpg	Attribution-NonCommercial-NoDerivs License
2211	282981	http://farm7.staticflickr.com/6047/6253171180_cb9ca8cf43_z.jpg	Attribution-NonCommercial-ShareAlike License
2212	41940	http://farm3.staticflickr.com/2240/2055784428_37510bdc81_z.jpg	Attribution-NoDerivs License
2213	522225	http://farm9.staticflickr.com/8036/7946162344_ee2e1a814e_z.jpg	Attribution-NonCommercial-ShareAlike License
2214	106799	http://farm8.staticflickr.com/7286/9543396496_169038c4b4_z.jpg	Attribution-ShareAlike License
2215	506950	http://farm3.staticflickr.com/2632/3991573910_6a3c61fd5c_z.jpg	Attribution-NonCommercial-ShareAlike License
2218	303041	http://farm2.staticflickr.com/1222/1286206162_037923a4f7_z.jpg	Attribution-NonCommercial-ShareAlike License
2220	119061	http://farm9.staticflickr.com/8006/7500937802_15615a7b58_z.jpg	Attribution-NonCommercial License
2221	560371	http://farm4.staticflickr.com/3081/2368167876_cb13e711e8_z.jpg	Attribution License
2222	16963	http://farm1.staticflickr.com/213/474216215_fece82b3f3_z.jpg	Attribution-ShareAlike License
2224	184359	http://farm5.staticflickr.com/4032/5134536454_184138d8b1_z.jpg	Attribution-NonCommercial License
2225	362812	http://farm5.staticflickr.com/4108/5092820306_89878b6558_z.jpg	Attribution-NonCommercial-NoDerivs License
2226	481252	http://farm5.staticflickr.com/4025/4427970508_abfdac9d72_z.jpg	Attribution-NonCommercial-ShareAlike License
2227	256087	http://farm8.staticflickr.com/7230/7351301952_47750a4304_z.jpg	Attribution-NonCommercial-ShareAlike License
2228	473731	http://farm9.staticflickr.com/8386/8626586312_d94972232c_z.jpg	Attribution-NonCommercial-ShareAlike License
2229	406934	http://farm1.staticflickr.com/51/139532397_97a26679fe_z.jpg	Attribution-NonCommercial-ShareAlike License
2230	373382	http://farm9.staticflickr.com/8167/7478485178_29c9af308c_z.jpg	Attribution-NonCommercial-ShareAlike License
2231	46919	http://farm1.staticflickr.com/44/138362482_04890301e1_z.jpg	Attribution-NonCommercial-NoDerivs License
2233	85846	http://farm5.staticflickr.com/4131/4836649378_32854feab5_z.jpg	Attribution-NonCommercial-ShareAlike License
2234	487338	http://farm9.staticflickr.com/8237/8573361800_8ff4b93378_z.jpg	Attribution-NonCommercial-NoDerivs License
2235	176477	http://farm3.staticflickr.com/2009/1801281301_eba89fc1dc_z.jpg	Attribution-NonCommercial License
2236	520012	http://farm9.staticflickr.com/8283/7615250254_5cbd913211_z.jpg	Attribution-ShareAlike License
2238	424332	http://farm8.staticflickr.com/7097/7240135250_b3229408b8_z.jpg	Attribution-NonCommercial License
2239	489461	http://farm4.staticflickr.com/3708/10098907063_5d63fb12fe_z.jpg	Attribution-NonCommercial-ShareAlike License
2240	135344	http://farm4.staticflickr.com/3374/3621613144_932ed41ec5_z.jpg	Attribution-NonCommercial-NoDerivs License
2242	122182	http://farm9.staticflickr.com/8172/7957492312_77f8f5bf2a_z.jpg	Attribution-NonCommercial-NoDerivs License
2243	232963	http://farm4.staticflickr.com/3169/3017386019_32345947cc_z.jpg	Attribution-NonCommercial License
2244	185064	http://farm8.staticflickr.com/7459/9059277883_ef6dccd9a1_z.jpg	Attribution-NonCommercial-ShareAlike License
2245	208761	http://farm2.staticflickr.com/1424/1055015569_8e739b3e68_z.jpg	Attribution-NonCommercial-NoDerivs License
2247	134302	http://farm9.staticflickr.com/8026/7324048450_4cfcd063e3_z.jpg	Attribution-NonCommercial-ShareAlike License
2248	162728	http://farm1.staticflickr.com/33/58992418_7bb6fad966_z.jpg	Attribution-NonCommercial-ShareAlike License
2250	169169	http://farm4.staticflickr.com/3123/2582354813_e9054155e1_z.jpg	Attribution-NonCommercial-ShareAlike License
2251	76401	http://farm3.staticflickr.com/2727/4159509844_4b8914cc44_z.jpg	Attribution-NonCommercial-ShareAlike License
2252	394806	http://farm1.staticflickr.com/11/12087542_71687e4661_z.jpg	Attribution-NonCommercial-NoDerivs License
2253	97976	http://farm9.staticflickr.com/8184/8097637803_64b66cdaf0_z.jpg	Attribution-NonCommercial-NoDerivs License
2254	365041	http://farm6.staticflickr.com/5509/9571078756_f5d6d737c2_z.jpg	Attribution-NonCommercial-NoDerivs License
2255	350061	http://farm1.staticflickr.com/159/435161830_dc8c1937c4_z.jpg	Attribution-NonCommercial-ShareAlike License
2256	488270	http://farm4.staticflickr.com/3377/3646822527_5e0550ba07_z.jpg	Attribution-NonCommercial-ShareAlike License
2258	71330	http://farm1.staticflickr.com/24/49186712_1be69b2258_z.jpg	Attribution-ShareAlike License
2259	198798	http://farm3.staticflickr.com/2772/4380431144_c724687121_z.jpg	Attribution-NonCommercial-NoDerivs License
2260	312786	http://farm9.staticflickr.com/8049/8358765789_c63209fcd7_z.jpg	Attribution-NonCommercial-NoDerivs License
2261	143110	http://farm5.staticflickr.com/4085/4832272485_cd36e3c899_z.jpg	Attribution-NonCommercial-NoDerivs License
2262	506979	http://farm9.staticflickr.com/8284/7730426810_5848d02231_z.jpg	Attribution-NonCommercial-ShareAlike License
2263	568628	http://farm5.staticflickr.com/4117/4926964534_00a5027b07_z.jpg	Attribution-NonCommercial License
2264	380191	http://farm9.staticflickr.com/8045/8125141213_ea07aa1b7f_z.jpg	Attribution-ShareAlike License
2265	190547	http://farm5.staticflickr.com/4073/4796890699_ffb010eb10_z.jpg	Attribution-NonCommercial License
2267	450383	http://farm1.staticflickr.com/49/164004637_ff0732ed45_z.jpg	Attribution-NoDerivs License
2268	348854	http://farm9.staticflickr.com/8165/7627476528_d5af408dfd_z.jpg	Attribution-NonCommercial License
2269	576996	http://farm8.staticflickr.com/7026/6693448943_0a9fc90dfc_z.jpg	Attribution-NonCommercial-ShareAlike License
2270	117095	http://farm1.staticflickr.com/106/312265091_305fcf1f55_z.jpg	Attribution-NonCommercial-NoDerivs License
2271	578209	http://farm1.staticflickr.com/115/298427982_093d3ff75e_z.jpg	Attribution-NonCommercial-NoDerivs License
2272	256938	http://farm4.staticflickr.com/3629/3427762821_e3510690d9_z.jpg	Attribution-NonCommercial License
2273	48441	http://farm4.staticflickr.com/3773/9499775633_89c4ec0e29_z.jpg	Attribution-NonCommercial License
2274	555108	http://farm8.staticflickr.com/7074/7338700856_d4c03e94f2_z.jpg	Attribution-NonCommercial-NoDerivs License
2275	242307	http://farm8.staticflickr.com/7178/6900115463_687ebf3858_z.jpg	Attribution-NonCommercial-NoDerivs License
2276	372220	http://farm3.staticflickr.com/2405/1577261339_956560a08f_z.jpg	Attribution License
2277	25807	http://farm4.staticflickr.com/3782/8936529140_9684429c6b_z.jpg	Attribution License
2278	282957	http://farm1.staticflickr.com/22/29714110_72e985d8bc_z.jpg	Attribution-NonCommercial-NoDerivs License
2279	482275	http://farm9.staticflickr.com/8035/8025419960_b469e95438_z.jpg	Attribution-NonCommercial-ShareAlike License
2283	365470	http://farm5.staticflickr.com/4014/4474039070_2c2fda9b73_z.jpg	Attribution-NonCommercial-ShareAlike License
2284	781	http://farm8.staticflickr.com/7417/8928564008_fc3b887ed4_z.jpg	Attribution-NonCommercial-NoDerivs License
2286	15140	http://farm4.staticflickr.com/3653/3375108189_8d3f1f549e_z.jpg	Attribution-NonCommercial-ShareAlike License
2287	492810	http://farm5.staticflickr.com/4001/4677897665_744c098246_z.jpg	Attribution-NonCommercial-ShareAlike License
2288	460222	http://farm2.staticflickr.com/1160/773037846_eb64fd6a21_z.jpg	Attribution-NonCommercial License
2289	448616	http://farm3.staticflickr.com/2723/4162255824_8d4d216c07_z.jpg	Attribution-ShareAlike License
2290	27969	http://farm9.staticflickr.com/8503/8399094687_0f1eb4cbca_z.jpg	Attribution-ShareAlike License
2291	62766	http://farm7.staticflickr.com/6019/6245003349_0c80173566_z.jpg	Attribution-NonCommercial-ShareAlike License
2292	471686	http://farm9.staticflickr.com/8259/8625261188_1107a2edfe_z.jpg	Attribution License
2293	269172	http://farm7.staticflickr.com/6068/6127071617_50bf5ec78c_z.jpg	Attribution-NoDerivs License
2294	98210	http://farm5.staticflickr.com/4007/4375517914_26efaa0b24_z.jpg	Attribution-NonCommercial-NoDerivs License
2295	72004	http://farm3.staticflickr.com/2464/3793525733_596edc7160_z.jpg	Attribution-NonCommercial License
2296	578524	http://farm4.staticflickr.com/3246/3054553670_ab09e1dac4_z.jpg	Attribution-NonCommercial-NoDerivs License
2298	5094	http://farm2.staticflickr.com/1335/4726871474_b71658ef91_z.jpg	Attribution License
2299	337111	http://farm1.staticflickr.com/50/139054858_2d2571d8e3_z.jpg	Attribution-ShareAlike License
2301	293346	http://farm2.staticflickr.com/1386/1478666664_17c8c76c16_z.jpg	Attribution-NonCommercial-NoDerivs License
2303	293514	http://farm5.staticflickr.com/4024/4437614155_60015fa27c_z.jpg	Attribution-NonCommercial-NoDerivs License
2305	349433	http://farm5.staticflickr.com/4008/4282153273_d111e87dfe_z.jpg	Attribution-NonCommercial-ShareAlike License
2306	483889	http://farm2.staticflickr.com/1015/1110227844_c9d1a44977_z.jpg	Attribution-NonCommercial-ShareAlike License
2309	92107	http://farm5.staticflickr.com/4138/4889050146_68e3b3bdee_z.jpg	Attribution-NonCommercial License
2310	365587	http://farm4.staticflickr.com/3679/8962382718_d88d820a8a_z.jpg	Attribution-NonCommercial License
2311	290379	http://farm1.staticflickr.com/34/121047135_c98c06501b_z.jpg	Attribution License
2312	66376	http://farm5.staticflickr.com/4060/4388897791_fa94acc441_z.jpg	Attribution License
2314	104395	http://farm9.staticflickr.com/8113/8694890063_a984bf1d5f_z.jpg	Attribution License
2316	143521	http://farm5.staticflickr.com/4023/4685091250_25be120788_z.jpg	Attribution-NonCommercial-ShareAlike License
2317	338558	http://farm1.staticflickr.com/61/157614251_dd2ec568ee_z.jpg	Attribution-NonCommercial-ShareAlike License
2318	486171	http://farm6.staticflickr.com/5462/8948786604_d9aa3f5447_z.jpg	Attribution License
2319	91172	http://farm4.staticflickr.com/3795/9082426877_401eec11cd_z.jpg	Attribution-NonCommercial-NoDerivs License
2320	364719	http://farm5.staticflickr.com/4090/5062749367_fe91ed4ffc_z.jpg	Attribution-NonCommercial-NoDerivs License
2321	575060	http://farm4.staticflickr.com/3213/2786425890_d2bcafed86_z.jpg	Attribution-NonCommercial-NoDerivs License
2323	450383	http://farm1.staticflickr.com/49/164004637_ff0732ed45_z.jpg	Attribution-NoDerivs License
2324	113998	http://farm4.staticflickr.com/3374/3555369986_8d9d172e94_z.jpg	Attribution-ShareAlike License
2325	373401	http://farm4.staticflickr.com/3230/2673463796_344d80e52a_z.jpg	Attribution-NoDerivs License
2326	388805	http://farm3.staticflickr.com/2598/4034438705_64c77536bc_z.jpg	Attribution-ShareAlike License
2327	80798	http://farm9.staticflickr.com/8408/8770509969_484b662d40_z.jpg	Attribution-NonCommercial-NoDerivs License
2329	505786	http://farm7.staticflickr.com/6144/5967658970_332eec40b8_z.jpg	Attribution-NonCommercial-ShareAlike License
2330	143629	http://farm3.staticflickr.com/2542/4022947723_78d669f9c3_z.jpg	Attribution License
2331	457161	http://farm4.staticflickr.com/3382/3200136816_40408e26cb_z.jpg	Attribution License
2332	250629	http://farm9.staticflickr.com/8482/8174614991_27bf76402a_z.jpg	Attribution-ShareAlike License
2333	90676	http://farm3.staticflickr.com/2850/9229605933_8f0637fcb1_z.jpg	Attribution-NonCommercial-ShareAlike License
2334	65842	http://farm8.staticflickr.com/7284/8741044402_25c88d152a_z.jpg	Attribution-NoDerivs License
2335	413984	http://farm8.staticflickr.com/7134/6948588296_923a929a4c_z.jpg	Attribution-NoDerivs License
2336	423256	http://farm9.staticflickr.com/8372/8497794055_59ea05824f_z.jpg	Attribution License
2337	506183	http://farm3.staticflickr.com/2819/9692197908_3f05d0f132_z.jpg	Attribution License
2338	347456	http://farm6.staticflickr.com/5308/5885294408_015bb70d70_z.jpg	Attribution License
2339	216161	http://farm5.staticflickr.com/4123/4861802696_d15b1b07ef_z.jpg	Attribution License
2342	416018	http://farm4.staticflickr.com/3211/2987041345_85288f56e8_z.jpg	Attribution-NonCommercial License
2343	301236	http://farm3.staticflickr.com/2074/2486981250_3ba1b6c95d_z.jpg	Attribution-NonCommercial-ShareAlike License
2344	163413	http://farm9.staticflickr.com/8467/8135488262_9f2b675e64_z.jpg	Attribution License
2345	534601	http://farm2.staticflickr.com/1364/764836605_366756e35a_z.jpg	Attribution-NonCommercial License
2346	567901	http://farm4.staticflickr.com/3031/2830191525_b848893a55_z.jpg	Attribution-NonCommercial-NoDerivs License
2347	176289	http://farm4.staticflickr.com/3331/4635808907_611f66566f_z.jpg	Attribution License
2348	427396	http://farm9.staticflickr.com/8263/8650212456_5ab72dd47b_z.jpg	Attribution-ShareAlike License
2349	88165	http://farm9.staticflickr.com/8182/7987562198_66d69c9a32_z.jpg	Attribution-NonCommercial-NoDerivs License
2350	528886	http://farm8.staticflickr.com/7183/6865859508_846f28af3a_z.jpg	Attribution License
2351	88605	http://farm3.staticflickr.com/2107/5707992650_5f27df78a8_z.jpg	Attribution-NonCommercial-NoDerivs License
2352	48573	http://farm4.staticflickr.com/3818/10093733374_0e45795ede_z.jpg	Attribution-ShareAlike License
2353	450455	http://farm2.staticflickr.com/1100/771339040_078158dd38_z.jpg	Attribution-ShareAlike License
2355	72249	http://farm1.staticflickr.com/23/33636108_8f14a188b6_z.jpg	Attribution License
2356	548186	http://farm1.staticflickr.com/59/231246817_4968e7a251_z.jpg	Attribution-NonCommercial-NoDerivs License
2357	221730	http://farm5.staticflickr.com/4098/4821922636_fe6b2aaeae_z.jpg	Attribution-NonCommercial-ShareAlike License
2358	324165	http://farm3.staticflickr.com/2015/2523079678_8d9a7eaf34_z.jpg	Attribution-NonCommercial-ShareAlike License
2359	246156	http://farm4.staticflickr.com/3062/3547268387_81e7cfc986_z.jpg	Attribution-ShareAlike License
2360	14748	http://farm3.staticflickr.com/2371/1555170839_1ad4b125a4_z.jpg	Attribution-NonCommercial-ShareAlike License
2361	20136	http://farm8.staticflickr.com/7299/9194610014_99c2273874_z.jpg	Attribution-NonCommercial License
2362	221665	http://farm9.staticflickr.com/8326/8423081363_97fc8d057a_z.jpg	Attribution License
2363	179278	http://farm1.staticflickr.com/23/41073932_48c0b2fa78_z.jpg	Attribution-ShareAlike License
2366	445276	http://farm4.staticflickr.com/3747/8998655989_a13f2d239b_z.jpg	Attribution-NonCommercial-NoDerivs License
2367	282669	http://farm4.staticflickr.com/3023/2585351582_a419260c92_z.jpg	Attribution-NonCommercial-NoDerivs License
2368	46230	http://farm4.staticflickr.com/3046/3024057514_2f98ef2bd7_z.jpg	Attribution-ShareAlike License
2369	233744	http://farm4.staticflickr.com/3180/2581705733_11daf9898e_z.jpg	Attribution-NonCommercial License
2371	350825	http://farm6.staticflickr.com/5023/5725587876_4f26d70bd7_z.jpg	Attribution License
2372	296233	http://farm5.staticflickr.com/4041/5163456649_bb0a66c7b9_z.jpg	Attribution-NonCommercial-NoDerivs License
2373	15069	http://farm5.staticflickr.com/4092/5080996427_61604db1e1_z.jpg	Attribution-ShareAlike License
2374	420501	http://farm8.staticflickr.com/7153/6441935233_93cc7aae63_z.jpg	Attribution-NonCommercial-NoDerivs License
2375	415523	http://farm6.staticflickr.com/5502/9551800243_e467a9b981_z.jpg	Attribution-NonCommercial-NoDerivs License
2376	111195	http://farm8.staticflickr.com/7271/7463916052_cccd2f5675_z.jpg	Attribution License
2377	363399	http://farm9.staticflickr.com/8071/8442224343_0a9404f6a8_z.jpg	Attribution-NonCommercial-ShareAlike License
2378	75451	http://farm1.staticflickr.com/51/140792958_59c903b096_z.jpg	Attribution-NonCommercial-ShareAlike License
2379	444956	http://farm1.staticflickr.com/44/109448469_f6d4b3138f_z.jpg	Attribution-NonCommercial-NoDerivs License
2380	304319	http://farm2.staticflickr.com/1214/1213839779_15fef83d8d_z.jpg	Attribution-NonCommercial-NoDerivs License
2381	558064	http://farm3.staticflickr.com/2510/3870165352_1688d44f6e_z.jpg	Attribution-NonCommercial-NoDerivs License
2382	507798	http://farm6.staticflickr.com/5062/5828919326_52e70bd472_z.jpg	Attribution-NonCommercial License
2383	254828	http://farm8.staticflickr.com/7122/8170344556_db19584cf7_z.jpg	Attribution-NonCommercial-NoDerivs License
2384	63764	http://farm4.staticflickr.com/3339/5830242664_e5a8986bf6_z.jpg	Attribution-ShareAlike License
2386	276706	http://farm1.staticflickr.com/14/13931154_9bfe16d988_z.jpg	Attribution-NonCommercial-ShareAlike License
2387	422676	http://farm9.staticflickr.com/8286/7518662156_ceb222b6e5_z.jpg	Attribution-NonCommercial-ShareAlike License
2388	164390	http://farm3.staticflickr.com/2267/1552772810_e4a1ea4db2_z.jpg	Attribution-NonCommercial-NoDerivs License
2389	544086	http://farm8.staticflickr.com/7167/6834915335_d6d5dcc96c_z.jpg	Attribution-NoDerivs License
2390	487228	http://farm4.staticflickr.com/3819/10082682334_9b77e6b1af_z.jpg	Attribution-ShareAlike License
2391	85482	http://farm5.staticflickr.com/4104/5069897181_9164156cba_z.jpg	Attribution-NonCommercial-NoDerivs License
2392	326845	http://farm1.staticflickr.com/117/295848309_2511612e1c_z.jpg	Attribution-NonCommercial-NoDerivs License
2393	481802	http://farm3.staticflickr.com/2612/3939765997_b8b0339829_z.jpg	Attribution-NonCommercial License
2394	110724	http://farm7.staticflickr.com/6066/6097572158_7eafa158ec_z.jpg	Attribution-NonCommercial-NoDerivs License
2395	45366	http://farm3.staticflickr.com/2835/10159599524_0d4fb4d178_z.jpg	Attribution-NonCommercial-NoDerivs License
2396	579053	http://farm8.staticflickr.com/7237/7163881556_07696a011c_z.jpg	Attribution-ShareAlike License
2398	272832	http://farm9.staticflickr.com/8040/8007799838_62f0e3d624_z.jpg	Attribution-NonCommercial-NoDerivs License
2399	179319	http://farm3.staticflickr.com/2146/2744320900_c984e713b1_z.jpg	Attribution-NoDerivs License
2400	436665	http://farm7.staticflickr.com/6123/6011195759_8c31e672f5_z.jpg	Attribution-NonCommercial-ShareAlike License
2401	357860	http://farm8.staticflickr.com/7149/6492091895_aa168ae7a4_z.jpg	Attribution-NonCommercial License
2402	284028	http://farm5.staticflickr.com/4127/4981962420_49cb264864_z.jpg	Attribution-NonCommercial-NoDerivs License
2405	274526	http://farm9.staticflickr.com/8054/8089106420_efb70329a2_z.jpg	Attribution-NonCommercial-NoDerivs License
2406	391674	http://farm4.staticflickr.com/3738/9374992742_fe19ebf30d_z.jpg	Attribution-NonCommercial-NoDerivs License
2407	538394	http://farm3.staticflickr.com/2325/1880539428_fb56bf4503_z.jpg	Attribution-NonCommercial License
2408	369866	http://farm2.staticflickr.com/1010/1139007940_59149ca3c2_z.jpg	Attribution-NonCommercial-NoDerivs License
2409	128632	http://farm1.staticflickr.com/217/458146354_47d1d98c3f_z.jpg	Attribution-NoDerivs License
2410	136289	http://farm5.staticflickr.com/4009/4345067520_e8966410e0_z.jpg	Attribution-NonCommercial License
2411	552796	http://farm6.staticflickr.com/5013/5557032034_d167d65920_z.jpg	Attribution-NonCommercial-NoDerivs License
2412	387736	http://farm4.staticflickr.com/3468/3697515513_a64a4fede2_z.jpg	Attribution-NonCommercial License
2413	405959	http://farm4.staticflickr.com/3581/3414660402_171c02f42d_z.jpg	Attribution-NoDerivs License
2414	370996	http://farm8.staticflickr.com/7017/6443132007_90e773ef01_z.jpg	Attribution License
2417	95100	http://farm3.staticflickr.com/2609/4121795842_1f7527ca76_z.jpg	Attribution-NonCommercial License
2418	222309	http://farm9.staticflickr.com/8526/8590026583_525dbcb91b_z.jpg	Attribution License
2419	132316	http://farm4.staticflickr.com/3746/9042924560_20540cff88_z.jpg	Attribution-NonCommercial-ShareAlike License
2420	456113	http://farm4.staticflickr.com/3032/2851247433_7a584ff2cc_z.jpg	Attribution-NonCommercial-NoDerivs License
2421	39619	http://farm1.staticflickr.com/77/165271719_948d90b408_z.jpg	Attribution-NonCommercial-ShareAlike License
2422	449508	http://farm4.staticflickr.com/3703/9476403879_417043072a_z.jpg	Attribution-NonCommercial-NoDerivs License
2424	143931	http://farm9.staticflickr.com/8474/8145963753_2e334946c7_z.jpg	Attribution-NonCommercial-ShareAlike License
2425	74603	http://farm8.staticflickr.com/7288/8736489007_4b67bd3953_z.jpg	Attribution-NonCommercial-ShareAlike License
2426	320273	http://farm4.staticflickr.com/3688/9655920463_92038f365c_z.jpg	Attribution-NonCommercial-ShareAlike License
2427	67805	http://farm3.staticflickr.com/2606/4042821586_41e3d90f0b_z.jpg	Attribution License
2428	434078	http://farm3.staticflickr.com/2830/9591285411_834cb5ff92_z.jpg	Attribution-NonCommercial License
2429	208086	http://farm7.staticflickr.com/6058/5891832476_549e8baeed_z.jpg	Attribution-NonCommercial License
2430	541887	http://farm7.staticflickr.com/6055/6228391227_b7e64f0682_z.jpg	Attribution-NoDerivs License
2431	283620	http://farm4.staticflickr.com/3184/2727523613_45d2231e4d_z.jpg	Attribution-NonCommercial License
2432	495753	http://farm6.staticflickr.com/5121/5216807865_9a17aafcf7_z.jpg	Attribution License
2433	259056	http://farm3.staticflickr.com/2771/4466910973_950f6f7d24_z.jpg	Attribution-NonCommercial-ShareAlike License
2436	522933	http://farm9.staticflickr.com/8339/8242181305_279540960c_z.jpg	Attribution-NonCommercial-NoDerivs License
2437	249608	http://farm3.staticflickr.com/2620/3846292557_4b9fe3a0e6_z.jpg	Attribution-NonCommercial-NoDerivs License
2439	495557	http://farm4.staticflickr.com/3773/9922711814_aa89840bfe_z.jpg	Attribution-NonCommercial-ShareAlike License
2440	419834	http://farm3.staticflickr.com/2052/2498106168_cee682516f_z.jpg	Attribution-NonCommercial License
2441	432522	http://farm1.staticflickr.com/172/468083383_7a51a58685_z.jpg	Attribution-NonCommercial-ShareAlike License
2442	529545	http://farm4.staticflickr.com/3745/10002118395_966a5b3d89_z.jpg	Attribution-NoDerivs License
2443	257666	http://farm9.staticflickr.com/8175/8004016348_3ac01d4615_z.jpg	Attribution-NonCommercial-NoDerivs License
2444	434765	http://farm9.staticflickr.com/8356/8429697651_3ee63bdf00_z.jpg	Attribution-NonCommercial License
2445	202843	http://farm9.staticflickr.com/8036/7960143312_326a99e8c3_z.jpg	Attribution-NonCommercial License
2446	8006	http://farm2.staticflickr.com/1266/729903566_769951485f_z.jpg	Attribution-ShareAlike License
2447	513124	http://farm3.staticflickr.com/2136/2539441771_5703371b4d_z.jpg	Attribution-NonCommercial License
2448	165094	http://farm4.staticflickr.com/3158/2769658703_53e3b0ac13_z.jpg	Attribution-NonCommercial License
2449	376891	http://farm5.staticflickr.com/4150/5055642146_5ff4495de0_z.jpg	Attribution-NonCommercial-ShareAlike License
2450	440766	http://farm6.staticflickr.com/5254/5534331832_a743d72fdd_z.jpg	Attribution-NonCommercial-ShareAlike License
2451	48365	http://farm6.staticflickr.com/5083/5337571782_45de96a2ca_z.jpg	Attribution-NonCommercial-ShareAlike License
2452	161962	http://farm8.staticflickr.com/7082/7142350911_6c57304429_z.jpg	Attribution-NonCommercial-NoDerivs License
2453	260478	http://farm4.staticflickr.com/3195/2671964497_4fe864b574_z.jpg	Attribution-NoDerivs License
2455	521808	http://farm4.staticflickr.com/3468/3913175172_f1ebfe52ca_z.jpg	Attribution-NonCommercial-NoDerivs License
2458	9462	http://farm8.staticflickr.com/7236/7388263964_6b7491bbe4_z.jpg	Attribution-NonCommercial License
2459	341431	http://farm5.staticflickr.com/4018/4408489844_c44d0afcfd_z.jpg	Attribution-NonCommercial-NoDerivs License
2460	498639	http://farm8.staticflickr.com/7020/6792734999_a4888c87d9_z.jpg	Attribution-NonCommercial License
2461	105728	http://farm6.staticflickr.com/5298/5438863600_ca449109e6_z.jpg	Attribution-ShareAlike License
2462	334276	http://farm3.staticflickr.com/2418/2042970533_20dfac4bde_z.jpg	Attribution License
2463	124991	http://farm3.staticflickr.com/2033/1608189936_f8d6d54f30_z.jpg	Attribution-NonCommercial-ShareAlike License
2464	290350	http://farm3.staticflickr.com/2485/4114343598_2f69ee214f_z.jpg	Attribution-ShareAlike License
2466	92675	http://farm7.staticflickr.com/6181/6055000972_6443b170a9_z.jpg	Attribution-NonCommercial License
2467	482801	http://farm9.staticflickr.com/8292/7865249730_d43b03a7a0_z.jpg	Attribution-NoDerivs License
2468	529570	http://farm3.staticflickr.com/2526/4177093763_5d3d1ae6bf_z.jpg	Attribution-NonCommercial-NoDerivs License
2469	351938	http://farm9.staticflickr.com/8473/8107409300_b571b5e8fc_z.jpg	Attribution-ShareAlike License
2470	102316	http://farm3.staticflickr.com/2154/2218859621_7d1383d2ba_z.jpg	Attribution-NonCommercial-NoDerivs License
2474	515106	http://farm9.staticflickr.com/8350/8176514918_6a963c1a16_z.jpg	Attribution-ShareAlike License
2475	301147	http://farm4.staticflickr.com/3676/8928438159_01fbe9af62_z.jpg	Attribution-NonCommercial-NoDerivs License
2476	536649	http://farm6.staticflickr.com/5093/5573718451_dff658f01c_z.jpg	Attribution License
2478	475567	http://farm4.staticflickr.com/3397/3307767223_31b8f95f6c_z.jpg	Attribution-NonCommercial-NoDerivs License
2480	51101	http://farm9.staticflickr.com/8338/8283230511_cfd125ba53_z.jpg	Attribution-NonCommercial-NoDerivs License
2482	388965	http://farm9.staticflickr.com/8451/7906229892_49255b7750_z.jpg	Attribution-NonCommercial License
2483	217623	http://farm3.staticflickr.com/2578/4137616783_522c1a4374_z.jpg	Attribution-NonCommercial-NoDerivs License
2484	537300	http://farm8.staticflickr.com/7038/6804983254_f4b1cba461_z.jpg	Attribution-NonCommercial License
2486	242885	http://farm1.staticflickr.com/153/424609159_f7855570aa_z.jpg	Attribution-NonCommercial License
2489	441974	http://farm3.staticflickr.com/2280/1640663777_fd769d2dc0_z.jpg	Attribution-NonCommercial-ShareAlike License
2492	437485	http://farm9.staticflickr.com/8336/8150836609_7637dbccc1_z.jpg	Attribution-NonCommercial License
2493	126590	http://farm4.staticflickr.com/3276/2804601316_3561570844_z.jpg	Attribution License
2494	341886	http://farm4.staticflickr.com/3035/2895903229_c2a2201cfb_z.jpg	Attribution-NonCommercial-ShareAlike License
2495	381472	http://farm9.staticflickr.com/8229/8556048066_f6fdf00081_z.jpg	Attribution-NonCommercial-NoDerivs License
2496	119120	http://farm4.staticflickr.com/3244/4640813932_7aa71130d1_z.jpg	Attribution-NoDerivs License
2497	149221	http://farm7.staticflickr.com/6175/6184322494_9a179070da_z.jpg	Attribution-NonCommercial-NoDerivs License
2499	200613	http://farm3.staticflickr.com/2369/2257928410_73dfdc0499_z.jpg	Attribution-NonCommercial-ShareAlike License
2500	320840	http://farm3.staticflickr.com/2760/4419730915_c76d9a2673_z.jpg	Attribution-NonCommercial-NoDerivs License
2501	551314	http://farm4.staticflickr.com/3108/2440696695_28fa7a282a_z.jpg	Attribution-NonCommercial-NoDerivs License
2502	274413	http://farm6.staticflickr.com/5466/8888583288_5c7457fdd9_z.jpg	Attribution-NonCommercial License
2505	439339	http://farm3.staticflickr.com/2820/9241564688_d6df558823_z.jpg	Attribution License
2506	222676	http://farm6.staticflickr.com/5234/5811676472_c84883346a_z.jpg	Attribution-NonCommercial-NoDerivs License
2507	216161	http://farm5.staticflickr.com/4123/4861802696_d15b1b07ef_z.jpg	Attribution License
2508	492267	http://farm8.staticflickr.com/7279/7619923158_282c80850f_z.jpg	Attribution-ShareAlike License
2509	50461	http://farm4.staticflickr.com/3392/3500560167_8298025468_z.jpg	Attribution-NonCommercial-ShareAlike License
2510	278172	http://farm4.staticflickr.com/3324/3318185896_fd7eee481b_z.jpg	Attribution-NonCommercial-ShareAlike License
2511	511066	http://farm4.staticflickr.com/3533/3715591093_7e5325fbe3_z.jpg	Attribution-NonCommercial-ShareAlike License
2512	441212	http://farm6.staticflickr.com/5018/5582206038_1736fe51a3_z.jpg	Attribution-NonCommercial-ShareAlike License
2513	61133	http://farm9.staticflickr.com/8146/7398278136_8cf21a553d_z.jpg	Attribution-NonCommercial License
2514	286083	http://farm9.staticflickr.com/8423/7868611572_837affb3ac_z.jpg	Attribution-NonCommercial-NoDerivs License
2515	401642	http://farm1.staticflickr.com/26/54404234_c78ac45ff8_z.jpg	Attribution-NonCommercial-NoDerivs License
2517	21183	http://farm4.staticflickr.com/3539/3777577453_fa86e39511_z.jpg	Attribution License
2518	93791	http://farm4.staticflickr.com/3028/2645508807_090622108d_z.jpg	Attribution-NonCommercial-NoDerivs License
2520	244967	http://farm7.staticflickr.com/6020/5978307291_14b287d216_z.jpg	Attribution License
2521	391561	http://farm4.staticflickr.com/3013/2373451955_1766f58781_z.jpg	Attribution License
2522	110415	http://farm1.staticflickr.com/168/363098068_9841ab19bf_z.jpg	Attribution-NonCommercial-ShareAlike License
2523	51101	http://farm9.staticflickr.com/8338/8283230511_cfd125ba53_z.jpg	Attribution-NonCommercial-NoDerivs License
2525	429084	http://farm7.staticflickr.com/6228/6251380573_e49af40be8_z.jpg	Attribution License
2526	48504	http://farm8.staticflickr.com/7277/7490351172_b2e440de09_z.jpg	Attribution-NonCommercial License
2527	337274	http://farm4.staticflickr.com/3036/2290846314_53502a1869_z.jpg	Attribution-NonCommercial-NoDerivs License
2528	89902	http://farm1.staticflickr.com/59/240911972_c6540b533d_z.jpg	Attribution-NonCommercial License
2529	322056	http://farm1.staticflickr.com/198/519254965_28b4034cce_z.jpg	Attribution-NonCommercial-NoDerivs License
2530	474642	http://farm7.staticflickr.com/6197/6038762521_14313445a4_z.jpg	Attribution-NonCommercial-ShareAlike License
2533	135344	http://farm4.staticflickr.com/3374/3621613144_932ed41ec5_z.jpg	Attribution-NonCommercial-NoDerivs License
2534	109444	http://farm5.staticflickr.com/4133/5053076065_7d7fbb5ccb_z.jpg	Attribution-ShareAlike License
2537	481891	http://farm1.staticflickr.com/70/211513900_ef9b5df3f8_z.jpg	Attribution-ShareAlike License
2538	567636	http://farm8.staticflickr.com/7026/6812728633_95833ba71c_z.jpg	Attribution-NonCommercial-ShareAlike License
2539	528929	http://farm8.staticflickr.com/7290/8743586578_be70fd1ecc_z.jpg	Attribution-NonCommercial-NoDerivs License
2540	110313	http://farm2.staticflickr.com/1208/5124326793_acceb2984b_z.jpg	Attribution-NonCommercial-ShareAlike License
2543	416864	http://farm9.staticflickr.com/8435/7988207349_48a81351c1_z.jpg	Attribution-NonCommercial License
2544	403851	http://farm4.staticflickr.com/3660/3511072921_f48f067b4d_z.jpg	Attribution-NonCommercial-NoDerivs License
2545	239849	http://farm5.staticflickr.com/4127/5038023825_4b91c09e1e_z.jpg	Attribution-NonCommercial License
2546	389382	http://farm1.staticflickr.com/166/420176428_ad5f5821bb_z.jpg	Attribution-NonCommercial License
2547	469235	http://farm9.staticflickr.com/8081/8331463911_c5cb36ddf6_z.jpg	Attribution-NonCommercial-ShareAlike License
2548	220205	http://farm9.staticflickr.com/8525/8501123502_eb1da96c14_z.jpg	Attribution-ShareAlike License
2549	205116	http://farm2.staticflickr.com/1023/1095360979_3bdcf6da1e_z.jpg	Attribution-NonCommercial-NoDerivs License
2550	558108	http://farm8.staticflickr.com/7040/6902887107_06ab0712d6_z.jpg	Attribution License
2551	346107	http://farm9.staticflickr.com/8113/8923565773_0e3c259fae_z.jpg	Attribution-NonCommercial License
2553	218870	http://farm7.staticflickr.com/6145/5917682504_43d09bbfb7_z.jpg	Attribution-ShareAlike License
2554	16449	http://farm6.staticflickr.com/5328/8912390767_8a602cc8fd_z.jpg	Attribution-NonCommercial-NoDerivs License
2555	367666	http://farm3.staticflickr.com/2392/2493101278_86e9da23b3_z.jpg	Attribution-NonCommercial-ShareAlike License
2556	81357	http://farm9.staticflickr.com/8209/8239667572_501a2137ec_z.jpg	Attribution-NonCommercial License
2557	103510	http://farm9.staticflickr.com/8193/8081037225_ac804ac62a_z.jpg	Attribution-NonCommercial-ShareAlike License
2558	163496	http://farm4.staticflickr.com/3397/3613201400_f466324bf1_z.jpg	Attribution-ShareAlike License
2559	70714	http://farm5.staticflickr.com/4007/4234011887_26249322f4_z.jpg	Attribution-NonCommercial License
2560	542485	http://farm4.staticflickr.com/3770/9041666135_219a30a9ff_z.jpg	Attribution-NonCommercial-ShareAlike License
2561	327964	http://farm9.staticflickr.com/8240/8458635568_926feb2d18_z.jpg	Attribution License
2562	501307	http://farm3.staticflickr.com/2553/3825666470_32e67fc129_z.jpg	Attribution-NoDerivs License
2564	358344	http://farm8.staticflickr.com/7147/6598292667_7e7cd35e51_z.jpg	Attribution-NonCommercial-ShareAlike License
2565	552289	http://farm3.staticflickr.com/2205/2288110212_9e21bdf92b_z.jpg	Attribution-NonCommercial-NoDerivs License
2566	131280	http://farm2.staticflickr.com/1018/525886966_5ac2163e58_z.jpg	Attribution-ShareAlike License
2567	440269	http://farm8.staticflickr.com/7241/7332405964_c024ac4bf1_z.jpg	Attribution-ShareAlike License
2568	512829	http://farm5.staticflickr.com/4011/4485692361_917aef9614_z.jpg	Attribution License
2569	349318	http://farm9.staticflickr.com/8059/8267215735_d5366c999f_z.jpg	Attribution License
2574	392152	http://farm4.staticflickr.com/3111/2922275844_b0c9fa260a_z.jpg	Attribution-NonCommercial-NoDerivs License
2577	379754	http://farm5.staticflickr.com/4036/4363370316_51f45fd515_z.jpg	Attribution-NonCommercial-ShareAlike License
2578	487064	http://farm3.staticflickr.com/2367/2095777575_7f4d9fb232_z.jpg	Attribution-NonCommercial-ShareAlike License
2579	237093	http://farm1.staticflickr.com/1/128138695_45a902f0cf_z.jpg	Attribution-ShareAlike License
2580	141251	http://farm5.staticflickr.com/4127/5049476763_7f55274ecd_z.jpg	Attribution-NonCommercial-ShareAlike License
2581	106144	http://farm4.staticflickr.com/3156/2616320558_8934bd5415_z.jpg	Attribution-NonCommercial-ShareAlike License
2582	229896	http://farm8.staticflickr.com/7313/9254914521_1d3e4aed04_z.jpg	Attribution License
2583	386400	http://farm8.staticflickr.com/7254/7647747502_0a76f12738_z.jpg	Attribution-NonCommercial-ShareAlike License
2584	211830	http://farm3.staticflickr.com/2222/2376868966_85f7497a32_z.jpg	Attribution-NonCommercial-NoDerivs License
2585	191320	http://farm9.staticflickr.com/8084/8361303625_320a019787_z.jpg	Attribution License
2586	452727	http://farm1.staticflickr.com/222/521150318_8b66bec66a_z.jpg	Attribution-NonCommercial-NoDerivs License
2588	99753	http://farm6.staticflickr.com/5301/5692964153_5ebe806afb_z.jpg	Attribution-NonCommercial-NoDerivs License
2589	394806	http://farm1.staticflickr.com/11/12087542_71687e4661_z.jpg	Attribution-NonCommercial-NoDerivs License
2590	397094	http://farm7.staticflickr.com/6079/6100993985_d5e7be7000_z.jpg	Attribution-NonCommercial License
2591	248469	http://farm6.staticflickr.com/5012/5453625747_89cf609d22_z.jpg	Attribution-NoDerivs License
2592	229948	http://farm8.staticflickr.com/7417/8921029351_8e5a047b31_z.jpg	Attribution-NonCommercial License
2593	361088	http://farm9.staticflickr.com/8285/7755076140_f3ec24611f_z.jpg	Attribution-NonCommercial-ShareAlike License
2594	218668	http://farm9.staticflickr.com/8494/8345653621_5e2f08c7e0_z.jpg	Attribution-NonCommercial-ShareAlike License
2595	3382	http://farm8.staticflickr.com/7192/7015819903_47bef33f5f_z.jpg	Attribution-ShareAlike License
2597	480726	http://farm4.staticflickr.com/3243/2664855377_f46c50c0c3_z.jpg	Attribution-NonCommercial-ShareAlike License
2599	332455	http://farm2.staticflickr.com/1018/3167622968_3c01531d7d_z.jpg	Attribution-ShareAlike License
2600	215356	http://farm3.staticflickr.com/2634/4121472186_e8d0894b99_z.jpg	Attribution License
2601	378448	http://farm9.staticflickr.com/8228/8359838814_7668c45b2c_z.jpg	Attribution License
2602	242153	http://farm4.staticflickr.com/3394/3177614365_ebc4581337_z.jpg	Attribution License
2604	578683	http://farm2.staticflickr.com/1004/1197540272_4b443e55b4_z.jpg	Attribution License
2608	310757	http://farm1.staticflickr.com/181/367739369_751a09938f_z.jpg	Attribution-NonCommercial-NoDerivs License
2609	322866	http://farm1.staticflickr.com/154/352658271_34ce005e47_z.jpg	Attribution-NonCommercial-ShareAlike License
2611	25870	http://farm4.staticflickr.com/3619/3338853959_ba3e7a9b86_z.jpg	Attribution-ShareAlike License
2612	358185	http://farm9.staticflickr.com/8232/8558814930_38c9ceea1f_z.jpg	Attribution-NonCommercial-ShareAlike License
2613	389884	http://farm3.staticflickr.com/2766/4333430873_83be72ba05_z.jpg	Attribution-NonCommercial-ShareAlike License
2614	352524	http://farm5.staticflickr.com/4104/4995854765_2f2bb49916_z.jpg	Attribution-NonCommercial-ShareAlike License
2617	304725	http://farm5.staticflickr.com/4121/4828877222_937dee6f3b_z.jpg	Attribution-NonCommercial-NoDerivs License
2618	118237	http://farm8.staticflickr.com/7338/8723415371_d799c587fa_z.jpg	Attribution-NonCommercial-ShareAlike License
2619	368581	http://farm8.staticflickr.com/7056/8690774332_11d9f20756_z.jpg	Attribution License
2620	22196	http://farm6.staticflickr.com/5534/9626345920_8a26d58eca_z.jpg	Attribution License
2622	573518	http://farm4.staticflickr.com/3145/2875112613_59264cab73_z.jpg	Attribution-NonCommercial-NoDerivs License
2624	256896	http://farm1.staticflickr.com/236/3263483197_52ab9d1cdb_z.jpg	Attribution-NonCommercial-NoDerivs License
2626	418260	http://farm3.staticflickr.com/2476/3776695730_25611efed2_z.jpg	Attribution License
2627	180966	http://farm4.staticflickr.com/3551/3324041427_a9173b7dae_z.jpg	Attribution License
2628	177406	http://farm5.staticflickr.com/4068/4383955336_65be547446_z.jpg	Attribution License
2631	53569	http://farm5.staticflickr.com/4138/4935121052_a31679a139_z.jpg	Attribution-NonCommercial-ShareAlike License
2632	371132	http://farm1.staticflickr.com/23/26395579_6a35d5b142_z.jpg	Attribution-NonCommercial-ShareAlike License
2633	115902	http://farm4.staticflickr.com/3380/3524659906_20d3e8644a_z.jpg	Attribution-ShareAlike License
2635	335109	http://farm9.staticflickr.com/8262/8692998335_3f1f0fa493_z.jpg	Attribution-NonCommercial-ShareAlike License
2639	531855	http://farm4.staticflickr.com/3114/3454635307_d6d6826fae_z.jpg	Attribution License
2640	292266	http://farm4.staticflickr.com/3253/2602809429_cda0c8cf3a_z.jpg	Attribution-NonCommercial-ShareAlike License
2641	299920	http://farm3.staticflickr.com/2385/2118025840_6fe35d468c_z.jpg	Attribution-NonCommercial License
2642	475641	http://farm4.staticflickr.com/3700/8780283703_8f646da39f_z.jpg	Attribution-NonCommercial-NoDerivs License
2647	203132	http://farm7.staticflickr.com/6022/5923343276_084fb2c537_z.jpg	Attribution-NonCommercial-NoDerivs License
2650	541687	http://farm4.staticflickr.com/3026/3353263153_037982f974_z.jpg	Attribution-NonCommercial-ShareAlike License
2651	230537	http://farm8.staticflickr.com/7020/6479015861_19360ff1c6_z.jpg	Attribution License
2655	156260	http://farm4.staticflickr.com/3559/3325972557_aa47c817fc_z.jpg	Attribution License
2656	251723	http://farm1.staticflickr.com/155/365525501_2d701349e1_z.jpg	Attribution-NonCommercial License
2657	379360	http://farm1.staticflickr.com/51/149051980_eb5d37755b_z.jpg	Attribution-NonCommercial License
2658	419632	http://farm8.staticflickr.com/7237/7264097440_609d106ee1_z.jpg	Attribution-NonCommercial-NoDerivs License
2659	107138	http://farm5.staticflickr.com/4025/4574881598_b28623fa5d_z.jpg	Attribution License
2662	22291	http://farm2.staticflickr.com/1406/4731477863_612808199b_z.jpg	Attribution-NonCommercial-ShareAlike License
2663	232187	http://farm1.staticflickr.com/70/170051037_19f988b177_z.jpg	Attribution-NonCommercial License
2666	111447	http://farm8.staticflickr.com/7136/6881555216_7a580ed8f8_z.jpg	Attribution-NonCommercial-ShareAlike License
2667	563904	http://farm9.staticflickr.com/8099/8605546591_631d143083_z.jpg	Attribution License
2668	366695	http://farm9.staticflickr.com/8071/8326642474_889be3857c_z.jpg	Attribution-NonCommercial License
2669	238860	http://farm5.staticflickr.com/4114/4876643196_133cb3d45a_z.jpg	Attribution-NonCommercial-ShareAlike License
2675	126674	http://farm3.staticflickr.com/2093/2270280673_765d5563ae_z.jpg	Attribution-NonCommercial License
2677	387226	http://farm4.staticflickr.com/3825/8797869265_8dbf57bfd0_z.jpg	Attribution-NonCommercial-NoDerivs License
2679	353237	http://farm4.staticflickr.com/3406/3196687071_25c7bae962_z.jpg	Attribution-NoDerivs License
2680	195993	http://farm1.staticflickr.com/131/323923672_4c82de8a7b_z.jpg	Attribution-NonCommercial-ShareAlike License
2681	368222	http://farm6.staticflickr.com/5176/5389399652_ef1ec0429a_z.jpg	Attribution-NonCommercial-NoDerivs License
2682	93411	http://farm8.staticflickr.com/7110/6951053364_c3f6361f16_z.jpg	Attribution-NonCommercial-ShareAlike License
2683	158602	http://farm9.staticflickr.com/8053/8427343391_6913bfcc14_z.jpg	Attribution-NonCommercial License
2687	568396	http://farm9.staticflickr.com/8522/8581450876_b7bca30450_z.jpg	Attribution-NonCommercial-ShareAlike License
2693	352305	http://farm3.staticflickr.com/2208/2498182519_848b4c05c5_z.jpg	Attribution-ShareAlike License
2694	569946	http://farm9.staticflickr.com/8086/8389991431_40e7216fc2_z.jpg	Attribution-NonCommercial License
2695	485776	http://farm1.staticflickr.com/232/484739779_ec1315d9f9_z.jpg	Attribution-NonCommercial-ShareAlike License
2696	568137	http://farm5.staticflickr.com/4045/4549052421_db45d9886b_z.jpg	Attribution-NonCommercial-NoDerivs License
2699	129786	http://farm9.staticflickr.com/8361/8412359715_982e8b1d4f_z.jpg	Attribution License
2700	328452	http://farm7.staticflickr.com/6063/6047579469_eee266cfd1_z.jpg	Attribution-NonCommercial License
2701	7931	http://farm4.staticflickr.com/3616/3408746713_766a163a18_z.jpg	Attribution-NonCommercial-ShareAlike License
2703	501377	http://farm4.staticflickr.com/3768/9399095051_e9caaa0d38_z.jpg	Attribution-ShareAlike License
2705	185579	http://farm7.staticflickr.com/6105/6350792126_b8e5bbb1c0_z.jpg	Attribution License
2707	169757	http://farm1.staticflickr.com/181/435041682_ed206d7709_z.jpg	Attribution-NonCommercial-NoDerivs License
2711	220988	http://farm8.staticflickr.com/7263/7550917044_b9e54fa864_z.jpg	Attribution-NonCommercial-NoDerivs License
2712	326248	http://farm7.staticflickr.com/6007/6000678376_c9fa0b85ca_z.jpg	Attribution-NonCommercial-ShareAlike License
2714	360811	http://farm4.staticflickr.com/3744/9137086840_b37a1e1903_z.jpg	Attribution License
2715	246787	http://farm5.staticflickr.com/4084/4998994707_91a5e14c34_z.jpg	Attribution-NoDerivs License
2716	429613	http://farm8.staticflickr.com/7221/7054006131_f79fa3b1a5_z.jpg	Attribution-NonCommercial-ShareAlike License
2717	186131	http://farm8.staticflickr.com/7220/6887004594_917c16ff9a_z.jpg	Attribution-NonCommercial-ShareAlike License
2718	537382	http://farm5.staticflickr.com/4020/4456912529_c1304d277a_z.jpg	Attribution-NonCommercial-NoDerivs License
2720	411274	http://farm9.staticflickr.com/8281/7514176578_bb068504e2_z.jpg	Attribution-NonCommercial-ShareAlike License
2721	579446	http://farm6.staticflickr.com/5443/9352529220_eb78c631cf_z.jpg	Attribution-NonCommercial License
2723	521819	http://farm2.staticflickr.com/1209/1327607843_4681d8b97e_z.jpg	Attribution-NonCommercial-ShareAlike License
2724	498134	http://farm9.staticflickr.com/8217/8436818728_9ffbc9d12b_z.jpg	Attribution License
2725	545929	http://farm3.staticflickr.com/2034/2148672115_bb677de95a_z.jpg	Attribution-NonCommercial-ShareAlike License
2727	287506	http://farm9.staticflickr.com/8242/8613251913_baf9af3f96_z.jpg	Attribution-NonCommercial-NoDerivs License
2729	571973	http://farm9.staticflickr.com/8179/7983938870_816c5530dd_z.jpg	Attribution-NonCommercial-ShareAlike License
2734	190043	http://farm1.staticflickr.com/205/478673134_d7074ecd4c_z.jpg	Attribution-NonCommercial-NoDerivs License
2738	65773	http://farm4.staticflickr.com/3625/3596491190_bb7c44afa8_z.jpg	Attribution-ShareAlike License
2741	104494	http://farm2.staticflickr.com/1330/3171210727_78580aeb8f_z.jpg	Attribution License
2742	570574	http://farm4.staticflickr.com/3208/2758852797_a36b198810_z.jpg	Attribution License
2743	548109	http://farm7.staticflickr.com/6038/6371383903_9bd4d75b6c_z.jpg	Attribution-NonCommercial-NoDerivs License
2744	513520	http://farm5.staticflickr.com/4055/4305105688_10f7e553ec_z.jpg	Attribution-NonCommercial-NoDerivs License
2748	286450	http://farm8.staticflickr.com/7452/9325494215_0cb47c9f65_z.jpg	Attribution-NonCommercial-NoDerivs License
2753	509740	http://farm9.staticflickr.com/8440/7957062212_b27c88dc8e_z.jpg	Attribution-NonCommercial-NoDerivs License
2754	532131	http://farm8.staticflickr.com/7024/6754464873_fa16dc54b1_z.jpg	Attribution-NonCommercial License
2755	32846	http://farm4.staticflickr.com/3658/3501118324_f0ac4e0594_z.jpg	Attribution-NonCommercial-NoDerivs License
2756	246435	http://farm7.staticflickr.com/6035/6292445906_dcb4133c67_z.jpg	Attribution-ShareAlike License
2757	253217	http://farm1.staticflickr.com/140/353329150_df8b90ff4f_z.jpg	Attribution-NonCommercial License
2758	414324	http://farm5.staticflickr.com/4045/4662745824_2a57885fcb_z.jpg	Attribution-NonCommercial-NoDerivs License
2759	262101	http://farm4.staticflickr.com/3227/3029988141_c0d360fb56_z.jpg	Attribution-NonCommercial-NoDerivs License
2760	173932	http://farm6.staticflickr.com/5070/5854930873_23d4c9585a_z.jpg	Attribution-ShareAlike License
2762	434385	http://farm9.staticflickr.com/8392/8603473822_c658836dc5_z.jpg	Attribution License
2763	77601	http://farm8.staticflickr.com/7222/7359031054_a0df729dd8_z.jpg	Attribution-ShareAlike License
2766	434370	http://farm4.staticflickr.com/3081/3183835852_a81c4ef3b9_z.jpg	Attribution-NonCommercial-ShareAlike License
2768	169097	http://farm2.staticflickr.com/1234/1240511640_688ae46554_z.jpg	Attribution-NoDerivs License
2769	369991	http://farm4.staticflickr.com/3009/2797878220_9c4179ea71_z.jpg	Attribution-ShareAlike License
2772	285717	http://farm2.staticflickr.com/1411/695957559_9e0762f100_z.jpg	Attribution-NonCommercial-NoDerivs License
2774	117095	http://farm1.staticflickr.com/106/312265091_305fcf1f55_z.jpg	Attribution-NonCommercial-NoDerivs License
2776	489735	http://farm4.staticflickr.com/3084/2330520129_0cdf6d1b1c_z.jpg	Attribution-NonCommercial-ShareAlike License
2777	129786	http://farm9.staticflickr.com/8361/8412359715_982e8b1d4f_z.jpg	Attribution License
2778	325125	http://farm7.staticflickr.com/6001/5921993926_8f3210dbfc_z.jpg	Attribution-ShareAlike License
2780	25807	http://farm4.staticflickr.com/3782/8936529140_9684429c6b_z.jpg	Attribution License
2782	304921	http://farm6.staticflickr.com/5136/5401672325_ae7b966c49_z.jpg	Attribution-ShareAlike License
2783	331236	http://farm3.staticflickr.com/2506/3708566631_ef4c951ee6_z.jpg	Attribution License
2785	82518	http://farm2.staticflickr.com/1042/952388242_37223f47c0_z.jpg	Attribution-NonCommercial License
2786	200401	http://farm4.staticflickr.com/3449/3977449412_cb01a281bc_z.jpg	Attribution-NonCommercial-ShareAlike License
2787	273416	http://farm4.staticflickr.com/3282/5703180183_fdb42bf35c_z.jpg	Attribution-ShareAlike License
2789	207003	http://farm9.staticflickr.com/8076/8383210814_9a74427667_z.jpg	Attribution-NonCommercial License
2790	418047	http://farm2.staticflickr.com/1105/5116338370_30393b0098_z.jpg	Attribution-NonCommercial-NoDerivs License
2791	503274	http://farm9.staticflickr.com/8362/8316872709_48b57066a8_z.jpg	Attribution-NonCommercial License
2792	569154	http://farm8.staticflickr.com/7433/9497644264_51f4c8503b_z.jpg	Attribution-NonCommercial-ShareAlike License
2793	92006	http://farm6.staticflickr.com/5241/5260286927_60d1b6ef0c_z.jpg	Attribution-ShareAlike License
2794	291630	http://farm2.staticflickr.com/1014/5187886357_22c6fa1f64_z.jpg	Attribution-NonCommercial License
2795	211118	http://farm6.staticflickr.com/5030/5881124526_5c03c23739_z.jpg	Attribution-NonCommercial-NoDerivs License
2796	369991	http://farm4.staticflickr.com/3009/2797878220_9c4179ea71_z.jpg	Attribution-ShareAlike License
2797	487228	http://farm4.staticflickr.com/3819/10082682334_9b77e6b1af_z.jpg	Attribution-ShareAlike License
2798	155461	http://farm2.staticflickr.com/1091/956913758_2ae834ed23_z.jpg	Attribution-NonCommercial-ShareAlike License
2800	268733	http://farm8.staticflickr.com/7060/6876230607_0727ebdaac_z.jpg	Attribution-NonCommercial-NoDerivs License
2802	576582	http://farm9.staticflickr.com/8540/8706962258_e06738b1dc_z.jpg	Attribution-NonCommercial-NoDerivs License
2803	453157	http://farm4.staticflickr.com/3143/2444009138_c36f3c60b9_z.jpg	Attribution-NonCommercial-ShareAlike License
2804	576187	http://farm9.staticflickr.com/8371/8473797139_938f2bf9fb_z.jpg	Attribution-NonCommercial-ShareAlike License
2808	481725	http://farm8.staticflickr.com/7299/9457191554_183105df30_z.jpg	Attribution-NonCommercial License
2814	370808	http://farm1.staticflickr.com/208/513500250_db0ee0523e_z.jpg	Attribution-NonCommercial-ShareAlike License
2815	209178	http://farm1.staticflickr.com/64/201512545_39a3f85481_z.jpg	Attribution License
2816	432488	http://farm8.staticflickr.com/7032/6708696171_4eb8866d6f_z.jpg	Attribution-NonCommercial-NoDerivs License
2817	578391	http://farm8.staticflickr.com/7351/8999009960_6475f86ace_z.jpg	Attribution-NonCommercial License
2818	292266	http://farm4.staticflickr.com/3253/2602809429_cda0c8cf3a_z.jpg	Attribution-NonCommercial-ShareAlike License
2819	92006	http://farm6.staticflickr.com/5241/5260286927_60d1b6ef0c_z.jpg	Attribution-ShareAlike License
2820	483530	http://farm6.staticflickr.com/5486/9407612203_c6e4aa039d_z.jpg	Attribution-NonCommercial-NoDerivs License
2821	316061	http://farm8.staticflickr.com/7155/6845022289_7f1c201282_z.jpg	Attribution-NonCommercial-NoDerivs License
2822	569769	http://farm9.staticflickr.com/8028/7683159614_e3931c2247_z.jpg	Attribution-NonCommercial-ShareAlike License
2823	315428	http://farm3.staticflickr.com/2616/4183537414_00ef47ace0_z.jpg	Attribution-NoDerivs License
2824	4931	http://farm5.staticflickr.com/4003/4322116491_dd8dea5e20_z.jpg	Attribution-NonCommercial-NoDerivs License
2825	183988	http://farm4.staticflickr.com/3434/3249019811_ac0feeb941_z.jpg	Attribution-NonCommercial-NoDerivs License
2826	209722	http://farm3.staticflickr.com/2833/8771155213_3fac1f082f_z.jpg	No known copyright restrictions
2827	361391	http://farm8.staticflickr.com/7031/6602499889_edca22694a_z.jpg	Attribution-NonCommercial-NoDerivs License
2828	350825	http://farm6.staticflickr.com/5023/5725587876_4f26d70bd7_z.jpg	Attribution License
2830	211844	http://farm4.staticflickr.com/3207/3063891875_fe6c1e472c_z.jpg	Attribution-ShareAlike License
2831	62237	http://farm5.staticflickr.com/4046/4331621463_3156751994_z.jpg	Attribution-NonCommercial-ShareAlike License
2832	142426	http://farm8.staticflickr.com/7159/6615635477_34613c5d1b_z.jpg	Attribution License
2833	292579	http://farm4.staticflickr.com/3215/2974330616_3c6634b265_z.jpg	Attribution-NonCommercial-ShareAlike License
2834	16408	http://farm3.staticflickr.com/2304/2225110655_3d58a8d793_z.jpg	Attribution-NonCommercial-NoDerivs License
2836	161128	http://farm4.staticflickr.com/3189/2756663393_1c18fbf0be_z.jpg	Attribution-NonCommercial License
2837	200056	http://farm8.staticflickr.com/7313/8722684601_05e793241e_z.jpg	Attribution-ShareAlike License
2838	339886	http://farm2.staticflickr.com/1305/639235485_19c15be1dc_z.jpg	Attribution-NonCommercial-ShareAlike License
2841	41128	http://farm9.staticflickr.com/8188/8143249720_8b9bfefb77_z.jpg	Attribution-NonCommercial-NoDerivs License
2842	324165	http://farm3.staticflickr.com/2015/2523079678_8d9a7eaf34_z.jpg	Attribution-NonCommercial-ShareAlike License
2843	434723	http://farm9.staticflickr.com/8329/8359504273_d1e1e6753a_z.jpg	Attribution License
2844	16957	http://farm2.staticflickr.com/1229/1414532461_708b672bee_z.jpg	Attribution-NonCommercial-NoDerivs License
2845	483564	http://farm2.staticflickr.com/1203/1120457623_7beb87b407_z.jpg	Attribution-NonCommercial-NoDerivs License
2846	169100	http://farm5.staticflickr.com/4068/4580096692_784a2108dc_z.jpg	Attribution-NonCommercial-ShareAlike License
2847	480452	http://farm9.staticflickr.com/8255/8633694513_c15965cb41_z.jpg	Attribution-NonCommercial License
2848	389190	http://farm1.staticflickr.com/44/124690633_81fa8bbd78_z.jpg	Attribution-NonCommercial License
2850	12138	http://farm3.staticflickr.com/2841/9681265814_cf3f9f5ea8_z.jpg	Attribution-ShareAlike License
2851	122264	http://farm8.staticflickr.com/7185/6870149451_29a961eba3_z.jpg	Attribution-NonCommercial-ShareAlike License
2853	331613	http://farm9.staticflickr.com/8345/8235241812_1ac54cc805_z.jpg	Attribution-ShareAlike License
2854	514097	http://farm3.staticflickr.com/2751/4301163334_71030c5f12_z.jpg	Attribution-NonCommercial-ShareAlike License
2857	296960	http://farm8.staticflickr.com/7121/7615653148_f2bf5b3ac1_z.jpg	Attribution-NonCommercial-NoDerivs License
2858	186298	http://farm8.staticflickr.com/7202/6851597895_0e66893a31_z.jpg	Attribution-ShareAlike License
2860	124580	http://farm4.staticflickr.com/3465/3948564026_1a8d6428e4_z.jpg	Attribution-NoDerivs License
2861	322321	http://farm4.staticflickr.com/3215/2887437661_844447fc46_z.jpg	Attribution License
2862	109357	http://farm8.staticflickr.com/7228/7027966515_674c868cd7_z.jpg	Attribution License
2863	162780	http://farm1.staticflickr.com/33/48473979_24070d1fb4_z.jpg	Attribution-NoDerivs License
2866	251027	http://farm2.staticflickr.com/1074/4724655333_07df7c5fea_z.jpg	Attribution-NonCommercial License
2869	369991	http://farm4.staticflickr.com/3009/2797878220_9c4179ea71_z.jpg	Attribution-ShareAlike License
2870	577343	http://farm9.staticflickr.com/8486/8276303010_5647a422a7_z.jpg	Attribution-NonCommercial-ShareAlike License
2872	398568	http://farm6.staticflickr.com/5148/5684335849_2dbd44f96b_z.jpg	Attribution-NonCommercial-ShareAlike License
2880	32888	http://farm3.staticflickr.com/2799/4499195766_137c7e559b_z.jpg	Attribution-NonCommercial-NoDerivs License
2881	411047	http://farm4.staticflickr.com/3807/10299666355_934f1d197b_z.jpg	Attribution-ShareAlike License
2882	421139	http://farm3.staticflickr.com/2417/2441925959_4d98c47051_z.jpg	Attribution-NonCommercial-NoDerivs License
2887	35696	http://farm3.staticflickr.com/2337/2183209931_ba21cf33fd_z.jpg	Attribution-NonCommercial-ShareAlike License
2888	300981	http://farm3.staticflickr.com/2503/4024296989_020b16e2ff_z.jpg	Attribution-NonCommercial-NoDerivs License
2890	274613	http://farm3.staticflickr.com/2583/4112967433_404b0f1c76_z.jpg	Attribution-NonCommercial-NoDerivs License
2895	251985	http://farm4.staticflickr.com/3376/3173411804_bc4f01e7f5_z.jpg	Attribution-NonCommercial License
2896	457781	http://farm9.staticflickr.com/8019/7542531022_dcee2c035f_z.jpg	Attribution-NonCommercial-ShareAlike License
2897	32760	http://farm8.staticflickr.com/7018/6504071945_98ace458f1_z.jpg	Attribution-NonCommercial-ShareAlike License
2898	284111	http://farm3.staticflickr.com/2156/2305275610_b3b88a4de3_z.jpg	Attribution-NonCommercial-ShareAlike License
2900	326442	http://farm5.staticflickr.com/4013/4645067502_164bc6d8e8_z.jpg	Attribution-NonCommercial-ShareAlike License
2902	148181	http://farm5.staticflickr.com/4026/4492997892_bbdefda9bd_z.jpg	Attribution-NonCommercial License
2904	25552	http://farm3.staticflickr.com/2831/9799497746_5480aff5b5_z.jpg	Attribution-NonCommercial-ShareAlike License
2905	310526	http://farm1.staticflickr.com/21/24916813_38ae80b42d_z.jpg	Attribution-NonCommercial-ShareAlike License
2906	300864	http://farm4.staticflickr.com/3109/5799157976_3c3f3e4e20_z.jpg	Attribution-NonCommercial License
2907	300864	http://farm4.staticflickr.com/3109/5799157976_3c3f3e4e20_z.jpg	Attribution-NonCommercial License
2909	210057	http://farm4.staticflickr.com/3716/9684324264_b2ae50350e_z.jpg	Attribution License
2910	95283	http://farm9.staticflickr.com/8254/8684314726_0fc0062b52_z.jpg	Attribution-NonCommercial-ShareAlike License
2911	530766	http://farm6.staticflickr.com/5509/10127296926_6af7379312_z.jpg	Attribution-NonCommercial-NoDerivs License
2913	501023	http://farm3.staticflickr.com/2121/2450552356_9579f1f550_z.jpg	Attribution-NonCommercial-NoDerivs License
2914	442735	http://farm2.staticflickr.com/1169/1419219106_1e34eb786a_z.jpg	Attribution-NonCommercial-ShareAlike License
2920	510962	http://farm1.staticflickr.com/167/381989970_406a8d0ae5_z.jpg	Attribution-NonCommercial License
2922	235597	http://farm5.staticflickr.com/4082/4885666917_f8745c5c60_z.jpg	Attribution-NonCommercial-NoDerivs License
2923	156928	http://farm6.staticflickr.com/5546/9666528141_fb458f781a_z.jpg	Attribution License
2925	384401	http://farm3.staticflickr.com/2752/4458659997_d07f2bf04c_z.jpg	Attribution-NoDerivs License
2927	420530	http://farm8.staticflickr.com/7172/6547893387_5a4a064f5e_z.jpg	Attribution-ShareAlike License
2928	474955	http://farm1.staticflickr.com/35/107294830_0435c895ac_z.jpg	Attribution-NonCommercial-ShareAlike License
2930	79896	http://farm8.staticflickr.com/7033/6641429509_b79e1ec08a_z.jpg	Attribution License
2932	142697	http://farm2.staticflickr.com/1385/1322003616_6322bb9292_z.jpg	Attribution-NonCommercial-NoDerivs License
2933	550273	http://farm5.staticflickr.com/4093/4901755916_0d456799a9_z.jpg	Attribution-ShareAlike License
2934	392575	http://farm9.staticflickr.com/8068/8160305730_72b86327e6_z.jpg	Attribution-NonCommercial-NoDerivs License
2936	94792	http://farm1.staticflickr.com/35/93252927_d5c065502e_z.jpg	Attribution License
2937	567437	http://farm4.staticflickr.com/3195/3141520184_71833a32e6_z.jpg	Attribution License
2939	101315	http://farm1.staticflickr.com/127/351841497_f62c275d94_z.jpg	Attribution-NonCommercial-NoDerivs License
2942	503599	http://farm9.staticflickr.com/8005/7289741480_50742e6084_z.jpg	Attribution License
2944	383968	http://farm5.staticflickr.com/4141/4803363282_738a8d9488_z.jpg	Attribution License
2946	214725	http://farm6.staticflickr.com/5102/5657074283_2ffd97be16_z.jpg	Attribution-NonCommercial-NoDerivs License
2947	258571	http://farm3.staticflickr.com/2165/2448564480_8ddc2a6788_z.jpg	Attribution-ShareAlike License
2948	216116	http://farm6.staticflickr.com/5029/5680677645_fa3178b0d7_z.jpg	Attribution-NonCommercial-ShareAlike License
2950	479263	http://farm3.staticflickr.com/2331/1839335423_8c942b5ad5_z.jpg	Attribution-NonCommercial-NoDerivs License
2953	306094	http://farm6.staticflickr.com/5049/5339567710_a334f3a7c6_z.jpg	Attribution-ShareAlike License
2955	25376	http://farm3.staticflickr.com/2670/3864174902_5e241b079d_z.jpg	Attribution-NonCommercial-ShareAlike License
2957	521238	http://farm9.staticflickr.com/8031/7959731982_478b3de33f_z.jpg	Attribution-NonCommercial-NoDerivs License
2960	41547	http://farm1.staticflickr.com/10/13662015_5d0ff28550_z.jpg	Attribution-NonCommercial-ShareAlike License
2968	5587	http://farm8.staticflickr.com/7250/7562029954_769f683222_z.jpg	Attribution-NonCommercial-ShareAlike License
2969	546639	http://farm1.staticflickr.com/175/463303236_0e5bd3f117_z.jpg	Attribution-NonCommercial-ShareAlike License
2971	406296	http://farm4.staticflickr.com/3072/2576481575_c1af18084c_z.jpg	Attribution-NonCommercial-NoDerivs License
2974	469793	http://farm9.staticflickr.com/8394/8607168037_956cbbff21_z.jpg	Attribution-NonCommercial-NoDerivs License
2976	225557	http://farm4.staticflickr.com/3230/3132220896_9a800c9a4f_z.jpg	Attribution-NonCommercial-ShareAlike License
2979	107357	http://farm8.staticflickr.com/7254/7845044066_9c3f3380d0_z.jpg	Attribution-NonCommercial-ShareAlike License
2982	299488	http://farm3.staticflickr.com/2150/1542485216_730e25d9ec_z.jpg	Attribution-NoDerivs License
2985	170308	http://farm9.staticflickr.com/8163/7573490268_fa2e040c98_z.jpg	Attribution-NonCommercial-NoDerivs License
2990	346107	http://farm9.staticflickr.com/8113/8923565773_0e3c259fae_z.jpg	Attribution-NonCommercial License
2992	102517	http://farm7.staticflickr.com/6045/6377051009_b2f7cbbe45_z.jpg	Attribution License
2995	268745	http://farm4.staticflickr.com/3702/9650487014_93c8d6fa52_z.jpg	Attribution-NonCommercial License
2997	545250	http://farm3.staticflickr.com/2887/9112583631_0294e1aa77_z.jpg	Attribution License
3000	96185	http://farm9.staticflickr.com/8434/7844521230_ff8842bb7f_z.jpg	Attribution-NonCommercial-ShareAlike License
3002	98290	http://farm8.staticflickr.com/7190/6793310086_7957feca06_z.jpg	Attribution-NonCommercial-NoDerivs License
3004	335922	http://farm5.staticflickr.com/4099/4929622191_fb7b3125b6_z.jpg	Attribution-NonCommercial-ShareAlike License
3005	450383	http://farm1.staticflickr.com/49/164004637_ff0732ed45_z.jpg	Attribution-NoDerivs License
3006	326559	http://farm3.staticflickr.com/2700/4500246635_b1e32f0a62_z.jpg	Attribution-ShareAlike License
3008	373776	http://farm9.staticflickr.com/8541/8603251510_8f95f00a5e_z.jpg	Attribution-NonCommercial-ShareAlike License
3012	61779	http://farm3.staticflickr.com/2569/3982106489_35483b821a_z.jpg	Attribution-NonCommercial-ShareAlike License
3013	89582	http://farm6.staticflickr.com/5330/9336000405_c7d7f2b09e_z.jpg	Attribution-NonCommercial-ShareAlike License
3015	144994	http://farm9.staticflickr.com/8252/8458586938_aeaaafdc60_z.jpg	Attribution License
3017	293366	http://farm4.staticflickr.com/3722/9702783979_30bca218d2_z.jpg	Attribution-NonCommercial License
3018	97218	http://farm9.staticflickr.com/8487/8232170214_d488221c23_z.jpg	Attribution-NonCommercial-ShareAlike License
3019	135966	http://farm5.staticflickr.com/4092/5221954634_eab0956a23_z.jpg	Attribution-NonCommercial-ShareAlike License
3020	288259	http://farm3.staticflickr.com/2154/2128160791_da7d2e6791_z.jpg	Attribution License
3021	496313	http://farm5.staticflickr.com/4019/4419980488_8ca3f0f898_z.jpg	Attribution-NonCommercial-ShareAlike License
3022	436117	http://farm9.staticflickr.com/8102/8453554475_6a130a1c3b_z.jpg	Attribution License
3023	507686	http://farm6.staticflickr.com/5110/5607976567_dc7232a483_z.jpg	Attribution-ShareAlike License
3025	394180	http://farm1.staticflickr.com/21/34655896_cf45b62d85_z.jpg	Attribution-NonCommercial License
3026	166569	http://farm5.staticflickr.com/4084/4981343936_f228a0ef47_z.jpg	Attribution-NonCommercial-ShareAlike License
3028	439325	http://farm9.staticflickr.com/8036/8024561235_4e55801068_z.jpg	Attribution-NonCommercial-NoDerivs License
3031	27163	http://farm3.staticflickr.com/2191/2930117721_753b9c704c_z.jpg	Attribution-NonCommercial License
3032	383640	http://farm5.staticflickr.com/4041/4236241457_d5a41a8a23_z.jpg	Attribution-NonCommercial-ShareAlike License
3033	76962	http://farm1.staticflickr.com/7/6310953_919a4309d5_z.jpg	Attribution-NonCommercial-ShareAlike License
3034	514558	http://farm4.staticflickr.com/3367/3473236643_d081cb7d6e_z.jpg	Attribution-NonCommercial-NoDerivs License
3036	18214	http://farm4.staticflickr.com/3109/2739727727_f8c0f22f6b_z.jpg	Attribution-NonCommercial-ShareAlike License
3038	384612	http://farm3.staticflickr.com/2851/9679746883_296d35af7d_z.jpg	Attribution License
3039	60548	http://farm3.staticflickr.com/2120/2043635620_e6b25ccb34_z.jpg	Attribution-NonCommercial-NoDerivs License
3040	107035	http://farm9.staticflickr.com/8499/8301202901_98bbae1e12_z.jpg	Attribution License
3041	36361	http://farm3.staticflickr.com/2483/5749434440_cb1a0a063f_z.jpg	Attribution-ShareAlike License
3042	414659	http://farm9.staticflickr.com/8458/8041481727_c94e6a16a0_z.jpg	Attribution-NonCommercial-ShareAlike License
3043	456438	http://farm8.staticflickr.com/7204/6800351130_6d0fe31983_z.jpg	Attribution-NonCommercial-ShareAlike License
3044	82518	http://farm2.staticflickr.com/1042/952388242_37223f47c0_z.jpg	Attribution-NonCommercial License
3046	406451	http://farm9.staticflickr.com/8048/8374434847_a9b44d2466_z.jpg	Attribution-NonCommercial License
3047	564657	http://farm5.staticflickr.com/4089/5039413653_486489b20a_z.jpg	Attribution-NonCommercial-ShareAlike License
3048	237142	http://farm1.staticflickr.com/45/160028836_518dce985a_z.jpg	Attribution-NonCommercial-NoDerivs License
3049	340126	http://farm1.staticflickr.com/52/256143710_1f23f1d175_z.jpg	Attribution-NonCommercial-ShareAlike License
3052	297787	http://farm3.staticflickr.com/2458/4005160729_4704164a67_z.jpg	Attribution-NonCommercial-ShareAlike License
3053	106047	http://farm4.staticflickr.com/3231/2734466946_89e7c96ef6_z.jpg	Attribution-NonCommercial-NoDerivs License
3054	553541	http://farm2.staticflickr.com/1184/1357342313_f917b872f6_z.jpg	Attribution-NonCommercial-ShareAlike License
3055	22041	http://farm1.staticflickr.com/225/451515656_12564fcbaa_z.jpg	Attribution-NonCommercial-NoDerivs License
3056	548253	http://farm9.staticflickr.com/8399/8606025589_fbd3c7fef6_z.jpg	Attribution License
3057	227318	http://farm3.staticflickr.com/2371/2401016537_73227166f3_z.jpg	Attribution License
3058	404428	http://farm9.staticflickr.com/8291/7742340824_3989d1950f_z.jpg	Attribution-NonCommercial License
3059	416589	http://farm2.staticflickr.com/1029/817029381_3c2006f607_z.jpg	Attribution-NonCommercial-NoDerivs License
3060	560373	http://farm1.staticflickr.com/10/13100023_847f9fcb63_z.jpg	Attribution-NonCommercial-NoDerivs License
3061	22559	http://farm4.staticflickr.com/3182/2939425258_abf2a91b80_z.jpg	Attribution License
3062	361738	http://farm4.staticflickr.com/3401/4632619505_173091cf8f_z.jpg	Attribution-NonCommercial-ShareAlike License
3063	312694	http://farm4.staticflickr.com/3062/2823374120_9bcb69ed27_z.jpg	Attribution-NonCommercial-NoDerivs License
3064	228206	http://farm3.staticflickr.com/2472/3682408828_03f95e5c6f_z.jpg	No known copyright restrictions
3065	333546	http://farm9.staticflickr.com/8101/8658970027_6eae9827e6_z.jpg	Attribution-NonCommercial License
3068	571497	http://farm4.staticflickr.com/3539/3354549576_c2dcf15b80_z.jpg	Attribution-NonCommercial License
3070	76846	http://farm3.staticflickr.com/2771/4516855705_c4f962a173_z.jpg	Attribution-NonCommercial-ShareAlike License
3071	277912	http://farm1.staticflickr.com/76/156740129_fed936a603_z.jpg	Attribution-NonCommercial-NoDerivs License
3072	447118	http://farm1.staticflickr.com/153/353373234_5606e1fee2_z.jpg	Attribution-NonCommercial-NoDerivs License
3073	317090	http://farm1.staticflickr.com/131/359008168_260e593da2_z.jpg	Attribution-NoDerivs License
3074	361763	http://farm4.staticflickr.com/3104/2623679085_131eecf2b2_z.jpg	Attribution-NonCommercial-NoDerivs License
3075	487139	http://farm6.staticflickr.com/5023/5544620607_8ebb2977ff_z.jpg	Attribution-NonCommercial-NoDerivs License
3077	127342	http://farm4.staticflickr.com/3123/2403447528_ebb415c0a5_z.jpg	Attribution-NonCommercial-ShareAlike License
3078	571334	http://farm2.staticflickr.com/1219/1198665807_119b20d754_z.jpg	Attribution-NonCommercial License
3079	235597	http://farm5.staticflickr.com/4082/4885666917_f8745c5c60_z.jpg	Attribution-NonCommercial-NoDerivs License
3081	581566	http://farm7.staticflickr.com/6082/6121483718_9fc5e2a004_z.jpg	Attribution-ShareAlike License
3082	10108	http://farm4.staticflickr.com/3360/3444049112_fc8b6acf6e_z.jpg	Attribution-NonCommercial-NoDerivs License
3083	412015	http://farm8.staticflickr.com/7451/9791506493_c7a94b8a0c_z.jpg	Attribution-NonCommercial-NoDerivs License
3084	285195	http://farm3.staticflickr.com/2887/9116488578_10ebbd46ea_z.jpg	Attribution License
3085	293425	http://farm8.staticflickr.com/7380/10138314276_f46d520dc3_z.jpg	Attribution-NonCommercial-ShareAlike License
3088	460702	http://farm4.staticflickr.com/3164/2794941497_9f6339cc04_z.jpg	Attribution-NonCommercial-ShareAlike License
3089	553071	http://farm6.staticflickr.com/5296/5421816949_d0996b0570_z.jpg	Attribution License
3090	246389	http://farm5.staticflickr.com/4111/4991020516_2112d320f7_z.jpg	Attribution-ShareAlike License
3092	255483	http://farm2.staticflickr.com/1083/526468485_6035b5409e_z.jpg	Attribution-NonCommercial License
3093	44763	http://farm1.staticflickr.com/131/359759173_9c5939d67f_z.jpg	Attribution-NonCommercial License
3095	460791	http://farm8.staticflickr.com/7237/7275219818_15664f41ef_z.jpg	Attribution-ShareAlike License
3096	169872	http://farm4.staticflickr.com/3546/3461797825_0219c6fbfe_z.jpg	Attribution-NonCommercial License
3097	295889	http://farm6.staticflickr.com/5470/9333388830_779ea3c546_z.jpg	Attribution-NonCommercial-ShareAlike License
3098	22256	http://farm5.staticflickr.com/4021/4320027288_3a76feba94_z.jpg	Attribution-NonCommercial-ShareAlike License
3099	292266	http://farm4.staticflickr.com/3253/2602809429_cda0c8cf3a_z.jpg	Attribution-NonCommercial-ShareAlike License
3102	49957	http://farm8.staticflickr.com/7015/6762525307_852c5fa841_z.jpg	Attribution-NonCommercial License
3104	63959	http://farm1.staticflickr.com/75/153367858_e9e87ac5f3_z.jpg	Attribution-NonCommercial License
3105	66443	http://farm9.staticflickr.com/8365/8587885751_cc01c2abc4_z.jpg	Attribution-NonCommercial-ShareAlike License
3106	129551	http://farm4.staticflickr.com/3098/3106400926_fbb1d76a7e_z.jpg	Attribution-NonCommercial-ShareAlike License
3108	443248	http://farm3.staticflickr.com/2529/4139377601_9f68eaa525_z.jpg	Attribution-ShareAlike License
3109	214725	http://farm6.staticflickr.com/5102/5657074283_2ffd97be16_z.jpg	Attribution-NonCommercial-NoDerivs License
3110	212288	http://farm4.staticflickr.com/3785/9023021300_1218980e4c_z.jpg	Attribution-ShareAlike License
3112	278931	http://farm5.staticflickr.com/4118/5436491611_2507d66631_z.jpg	Attribution License
3113	243045	http://farm3.staticflickr.com/2209/2820242327_a46d932191_z.jpg	Attribution License
3114	76962	http://farm1.staticflickr.com/7/6310953_919a4309d5_z.jpg	Attribution-NonCommercial-ShareAlike License
3115	209901	http://farm2.staticflickr.com/1397/1166155968_db6499cc9a_z.jpg	Attribution-NonCommercial-NoDerivs License
3120	70740	http://farm8.staticflickr.com/7168/6610823707_88cb60807f_z.jpg	Attribution-ShareAlike License
3121	239323	http://farm3.staticflickr.com/2461/3566411754_d6de4c7360_z.jpg	Attribution License
3122	179672	http://farm2.staticflickr.com/1137/665667727_ca82f079f7_z.jpg	Attribution-NonCommercial-ShareAlike License
3127	524436	http://farm8.staticflickr.com/7213/6981041686_5914368e78_z.jpg	Attribution-NonCommercial-NoDerivs License
3128	206486	http://farm3.staticflickr.com/2430/3741989290_01885fbf43_z.jpg	Attribution License
3129	580540	http://farm3.staticflickr.com/2396/2240100508_cde2535cb3_z.jpg	Attribution-NonCommercial-ShareAlike License
3132	95001	http://farm3.staticflickr.com/2886/10055621775_8218ba1e81_z.jpg	Attribution-NonCommercial-NoDerivs License
3133	306990	http://farm9.staticflickr.com/8118/8658091534_ef3a4959b2_z.jpg	Attribution-NonCommercial-ShareAlike License
3134	305329	http://farm8.staticflickr.com/7244/7234716656_d6cc485ce1_z.jpg	Attribution-NonCommercial License
3136	29594	http://farm8.staticflickr.com/7007/6757557383_9d567a53ef_z.jpg	Attribution-NonCommercial-ShareAlike License
3137	237487	http://farm4.staticflickr.com/3605/3440500848_f534a58a80_z.jpg	Attribution-NonCommercial-NoDerivs License
3139	104952	http://farm6.staticflickr.com/5479/9524962197_bef7b5bdd8_z.jpg	Attribution License
3140	99753	http://farm6.staticflickr.com/5301/5692964153_5ebe806afb_z.jpg	Attribution-NonCommercial-NoDerivs License
3142	355480	http://farm3.staticflickr.com/2689/4167014085_f2bc24db5f_z.jpg	Attribution License
3143	116182	http://farm8.staticflickr.com/7057/6879082180_9a12d5ce17_z.jpg	Attribution License
3144	512086	http://farm3.staticflickr.com/2299/2241083843_3e93e251d7_z.jpg	Attribution-NoDerivs License
3145	470714	http://farm6.staticflickr.com/5177/5516064197_71cd6b52e6_z.jpg	Attribution-NonCommercial-ShareAlike License
3146	539671	http://farm3.staticflickr.com/2637/3902020550_5065a47030_z.jpg	Attribution-NoDerivs License
3148	488605	http://farm5.staticflickr.com/4049/4476288577_8bf0a495f3_z.jpg	Attribution-NonCommercial-ShareAlike License
3149	208974	http://farm8.staticflickr.com/7170/6640278385_60fc71e11e_z.jpg	Attribution-ShareAlike License
3153	49269	http://farm4.staticflickr.com/3221/2452733878_1dc9c4ee0b_z.jpg	Attribution-NonCommercial-ShareAlike License
3154	391486	http://farm9.staticflickr.com/8104/8578565885_baa9548201_z.jpg	Attribution-NonCommercial-ShareAlike License
3156	305527	http://farm8.staticflickr.com/7050/6871418272_8f97af5761_z.jpg	Attribution-NonCommercial-ShareAlike License
3157	100717	http://farm6.staticflickr.com/5481/9777024125_d5d9f23440_z.jpg	Attribution-NonCommercial-ShareAlike License
3158	385389	http://farm6.staticflickr.com/5337/9219886406_c0299c30e3_z.jpg	Attribution-NonCommercial-NoDerivs License
3159	334995	http://farm5.staticflickr.com/4076/4890451402_fa9681a5cd_z.jpg	Attribution-NonCommercial-NoDerivs License
3160	408418	http://farm8.staticflickr.com/7174/6760431159_883281a724_z.jpg	Attribution-NonCommercial License
3161	109521	http://farm2.staticflickr.com/1069/1024454555_cb0d62603d_z.jpg	Attribution-NonCommercial License
3163	194621	http://farm2.staticflickr.com/1366/1314304821_9137a9d41c_z.jpg	Attribution-ShareAlike License
3167	254042	http://farm4.staticflickr.com/3479/3773473022_a2c5a1e613_z.jpg	Attribution-NonCommercial-NoDerivs License
3169	230627	http://farm2.staticflickr.com/1070/1286943348_510de2120c_z.jpg	Attribution-NonCommercial-NoDerivs License
3170	435260	http://farm6.staticflickr.com/5310/5595135377_5efca2d89e_z.jpg	Attribution-NonCommercial-ShareAlike License
3171	538398	http://farm9.staticflickr.com/8218/8270000634_de3d4edaea_z.jpg	Attribution-NonCommercial-NoDerivs License
3172	539787	http://farm3.staticflickr.com/2475/3687686020_feff1e26e7_z.jpg	Attribution-NonCommercial-ShareAlike License
3173	361994	http://farm3.staticflickr.com/2433/3629800749_c244de2c25_z.jpg	Attribution-ShareAlike License
3174	552985	http://farm3.staticflickr.com/2693/4379653534_b73ee5504b_z.jpg	Attribution-NonCommercial-NoDerivs License
3180	27490	http://farm4.staticflickr.com/3330/4626122394_9aa4e87497_z.jpg	Attribution-NoDerivs License
3185	46118	http://farm6.staticflickr.com/5042/5230709707_25aceda152_z.jpg	Attribution-NonCommercial License
3186	475957	http://farm8.staticflickr.com/7411/9631092404_70fe1d111f_z.jpg	Attribution-NonCommercial-ShareAlike License
3187	421009	http://farm7.staticflickr.com/6180/6182904281_e96187351b_z.jpg	Attribution-NonCommercial License
3190	546787	http://farm3.staticflickr.com/2136/2346251535_74ff017e34_z.jpg	Attribution-NonCommercial-ShareAlike License
3192	22487	http://farm9.staticflickr.com/8424/7709026810_1a387bc311_z.jpg	Attribution-NonCommercial License
3194	487953	http://farm9.staticflickr.com/8231/8601507434_b155f07eba_z.jpg	Attribution-NonCommercial-ShareAlike License
3196	15678	http://farm8.staticflickr.com/7093/6921996510_a99677d164_z.jpg	Attribution-NonCommercial-ShareAlike License
3197	303537	http://farm7.staticflickr.com/6038/6239605664_5c4b3dc800_z.jpg	Attribution License
3201	77697	http://farm5.staticflickr.com/4002/4272113985_4541e197ce_z.jpg	Attribution-ShareAlike License
3203	193213	http://farm4.staticflickr.com/3270/2589190976_0f4f325915_z.jpg	Attribution-NonCommercial-NoDerivs License
3206	368927	http://farm4.staticflickr.com/3624/3358388869_4a5755f951_z.jpg	Attribution-NonCommercial-ShareAlike License
3207	429754	http://farm4.staticflickr.com/3655/3552569380_8ae5acbc9f_z.jpg	Attribution-NonCommercial-ShareAlike License
3209	478802	http://farm9.staticflickr.com/8212/8273448322_8f633aef76_z.jpg	Attribution-NonCommercial-NoDerivs License
3211	53047	http://farm5.staticflickr.com/4090/5084188143_e0c87e71f0_z.jpg	Attribution License
3216	422899	http://farm1.staticflickr.com/76/165585214_bc120ccaab_z.jpg	Attribution-NonCommercial-ShareAlike License
3217	317804	http://farm9.staticflickr.com/8508/8393798275_d00be2bbfc_z.jpg	Attribution-NonCommercial-ShareAlike License
3218	527554	http://farm1.staticflickr.com/110/295012495_85caae0d34_z.jpg	Attribution-NonCommercial-ShareAlike License
3220	445392	http://farm5.staticflickr.com/4039/4579106966_31286a6d57_z.jpg	Attribution-NonCommercial-NoDerivs License
3222	1232	http://farm1.staticflickr.com/88/226544851_e353194f84_z.jpg	Attribution-NonCommercial-ShareAlike License
3223	22979	http://farm8.staticflickr.com/7410/8831864944_1d9c7677bc_z.jpg	Attribution License
3224	44729	http://farm6.staticflickr.com/5310/5635414187_d853c243d7_z.jpg	Attribution License
3227	206391	http://farm1.staticflickr.com/76/189768893_0b134ef8ed_z.jpg	Attribution-NonCommercial-ShareAlike License
3228	414918	http://farm1.staticflickr.com/108/257348410_e13ee1764e_z.jpg	Attribution-NoDerivs License
3229	177978	http://farm7.staticflickr.com/6198/6126715751_f915bbbf68_z.jpg	Attribution-ShareAlike License
3230	22098	http://farm1.staticflickr.com/106/368360778_ffc238ed6e_z.jpg	Attribution-ShareAlike License
3234	162411	http://farm8.staticflickr.com/7085/7298451142_70cf847f05_z.jpg	Attribution-NoDerivs License
3235	422240	http://farm3.staticflickr.com/2002/2029100450_cd1810e18a_z.jpg	Attribution-NonCommercial-NoDerivs License
3238	568216	http://farm3.staticflickr.com/2339/2481563806_ec38a4ebfb_z.jpg	Attribution-NonCommercial-NoDerivs License
3239	238292	http://farm6.staticflickr.com/5046/5376609480_19ba0eeb4a_z.jpg	Attribution-NonCommercial License
3243	271729	http://farm4.staticflickr.com/3011/2893695320_df47e8f4fd_z.jpg	Attribution-NonCommercial-ShareAlike License
3244	565286	http://farm1.staticflickr.com/22/31714551_831f641072_z.jpg	Attribution-NonCommercial-NoDerivs License
3245	5600	http://farm8.staticflickr.com/7458/9291472503_d222abcce4_z.jpg	Attribution-NonCommercial-NoDerivs License
3248	11081	http://farm6.staticflickr.com/5265/5597770942_3577375952_z.jpg	Attribution-NonCommercial-NoDerivs License
3249	450620	http://farm6.staticflickr.com/5337/9878143973_db4d993c24_z.jpg	Attribution-NonCommercial-NoDerivs License
3250	513793	http://farm1.staticflickr.com/45/166518605_8353ee4104_z.jpg	Attribution-NonCommercial-NoDerivs License
3251	114907	http://farm9.staticflickr.com/8303/7825237468_9345ce9a8e_z.jpg	Attribution License
3252	350855	http://farm9.staticflickr.com/8103/8566831300_739085113c_z.jpg	Attribution-NonCommercial-ShareAlike License
3253	271655	http://farm4.staticflickr.com/3030/2781672652_62d6472e25_z.jpg	Attribution-NonCommercial-ShareAlike License
3255	383760	http://farm1.staticflickr.com/4/4012142_2ed08db0a3_z.jpg	Attribution-NonCommercial-ShareAlike License
3256	173289	http://farm9.staticflickr.com/8259/8703705734_11b357b184_z.jpg	Attribution-NonCommercial-NoDerivs License
3257	505865	http://farm1.staticflickr.com/226/513585824_a9f47d2a7d_z.jpg	Attribution-NonCommercial-ShareAlike License
3259	351793	http://farm8.staticflickr.com/7221/7051541869_9fd14a2576_z.jpg	Attribution-NonCommercial-NoDerivs License
3260	57871	http://farm6.staticflickr.com/5134/5539913049_ecbcbcdf7b_z.jpg	Attribution License
3261	269815	http://farm9.staticflickr.com/8378/8556914364_e4cb4af6a1_z.jpg	Attribution-NonCommercial-ShareAlike License
3262	28588	http://farm1.staticflickr.com/42/171465522_47b171245b_z.jpg	Attribution-NonCommercial-ShareAlike License
3263	198360	http://farm8.staticflickr.com/7312/9208293475_01db54db55_z.jpg	Attribution License
3264	57926	http://farm9.staticflickr.com/8362/8262364068_4ea9bb97f1_z.jpg	Attribution License
3265	302511	http://farm8.staticflickr.com/7422/9315562324_257cbe2b21_z.jpg	Attribution-ShareAlike License
3267	65859	http://farm5.staticflickr.com/4025/4645584095_2cb17685c6_z.jpg	Attribution-NonCommercial License
3268	105538	http://farm4.staticflickr.com/3109/2300617935_cf9217229d_z.jpg	Attribution License
3269	533961	http://farm4.staticflickr.com/3012/5704309029_16e62764e5_z.jpg	Attribution-NonCommercial-NoDerivs License
3271	364535	http://farm1.staticflickr.com/26/56749910_c499fc9697_z.jpg	Attribution-NonCommercial-ShareAlike License
3273	451153	http://farm4.staticflickr.com/3718/9202868136_102fa19d0c_z.jpg	Attribution-NonCommercial-ShareAlike License
3274	481652	http://farm9.staticflickr.com/8422/7720252816_f7bf95d807_z.jpg	Attribution-NonCommercial-ShareAlike License
3275	524520	http://farm8.staticflickr.com/7403/8719193805_49fdb19bd3_z.jpg	Attribution-NonCommercial-NoDerivs License
3276	1089	http://farm6.staticflickr.com/5042/5368558616_8a31fc9130_z.jpg	Attribution-NonCommercial License
3279	504517	http://farm4.staticflickr.com/3521/3198237498_035bf34220_z.jpg	Attribution-NonCommercial License
3281	568461	http://farm8.staticflickr.com/7244/7231432016_49a91d9e11_z.jpg	Attribution License
3283	296236	http://farm3.staticflickr.com/2427/3914049003_f1f4bef06c_z.jpg	Attribution-NonCommercial-NoDerivs License
3284	148129	http://farm3.staticflickr.com/2321/2538936930_4755eb8ac9_z.jpg	Attribution-ShareAlike License
3285	60425	http://farm8.staticflickr.com/7234/7287626174_c41f76af06_z.jpg	Attribution-NonCommercial-NoDerivs License
3286	563380	http://farm9.staticflickr.com/8546/8606193028_72b321736d_z.jpg	Attribution-NonCommercial-ShareAlike License
3287	272613	http://farm1.staticflickr.com/29/66713844_2444b2502c_z.jpg	Attribution-ShareAlike License
3288	358724	http://farm8.staticflickr.com/7213/6994815172_87f088b9c0_z.jpg	Attribution-NonCommercial-NoDerivs License
3289	45026	http://farm8.staticflickr.com/7280/8153712679_011e2d340c_z.jpg	Attribution License
3290	103856	http://farm8.staticflickr.com/7025/6539767283_2b1b569db9_z.jpg	Attribution-NonCommercial-ShareAlike License
3291	405622	http://farm5.staticflickr.com/4089/4978571696_246ee00b26_z.jpg	Attribution-NonCommercial-ShareAlike License
3292	357800	http://farm1.staticflickr.com/48/126653421_66377ae6ca_z.jpg	Attribution-NonCommercial License
3293	177015	http://farm1.staticflickr.com/131/355302776_1d1215b7c1_z.jpg	Attribution License
3294	518647	http://farm3.staticflickr.com/2418/2499254492_83078ee2a4_z.jpg	Attribution-ShareAlike License
3295	324500	http://farm5.staticflickr.com/4114/4784582030_49fb52ea74_z.jpg	Attribution-NonCommercial-ShareAlike License
3296	417105	http://farm5.staticflickr.com/4147/5001090438_32d38a9585_z.jpg	Attribution-NonCommercial-ShareAlike License
3297	238385	http://farm3.staticflickr.com/2526/4148686672_c68d4e8039_z.jpg	Attribution-ShareAlike License
3299	441152	http://farm9.staticflickr.com/8245/8570954546_08daa49f6b_z.jpg	Attribution-NonCommercial-ShareAlike License
3300	254407	http://farm3.staticflickr.com/2881/9178061408_48a5771353_z.jpg	Attribution-NoDerivs License
3301	525297	http://farm3.staticflickr.com/2788/4346390876_5445c4f004_z.jpg	Attribution-ShareAlike License
3302	252292	http://farm5.staticflickr.com/4122/4934292612_0cdabd6aa7_z.jpg	Attribution-NonCommercial-ShareAlike License
3303	348637	http://farm6.staticflickr.com/5188/5608574408_9e95deed59_z.jpg	Attribution License
3305	353494	http://farm6.staticflickr.com/5254/5456389697_5c727bc3ed_z.jpg	Attribution-ShareAlike License
3306	454325	http://farm3.staticflickr.com/2384/2462060601_e5636e2c63_z.jpg	Attribution-ShareAlike License
3307	405188	http://farm1.staticflickr.com/110/298930232_4142393676_z.jpg	Attribution-ShareAlike License
3308	130324	http://farm4.staticflickr.com/3374/3184181610_d013772b0c_z.jpg	Attribution-NonCommercial-NoDerivs License
3309	402726	http://farm7.staticflickr.com/6167/6163248103_96c023e82d_z.jpg	Attribution-NonCommercial-ShareAlike License
3310	249817	http://farm3.staticflickr.com/2514/4005686695_a8a5e2339e_z.jpg	Attribution-NonCommercial-NoDerivs License
3316	569769	http://farm9.staticflickr.com/8028/7683159614_e3931c2247_z.jpg	Attribution-NonCommercial-ShareAlike License
3317	382554	http://farm6.staticflickr.com/5198/6905550010_a361ab49f7_z.jpg	Attribution-NonCommercial-ShareAlike License
3318	165359	http://farm4.staticflickr.com/3264/2631952986_9ea07c9eea_z.jpg	Attribution-NoDerivs License
3322	353197	http://farm3.staticflickr.com/2807/10044395515_334d3419da_z.jpg	Attribution-NonCommercial-ShareAlike License
3323	310013	http://farm2.staticflickr.com/1380/4725744443_60eeb9a529_z.jpg	Attribution-NonCommercial-ShareAlike License
3324	437944	http://farm4.staticflickr.com/3721/9098531010_862e52cc2c_z.jpg	Attribution-NonCommercial-NoDerivs License
3325	110415	http://farm1.staticflickr.com/168/363098068_9841ab19bf_z.jpg	Attribution-NonCommercial-ShareAlike License
3326	88136	http://farm5.staticflickr.com/4037/4580668473_881f0cb99c_z.jpg	Attribution-NonCommercial-ShareAlike License
3327	351384	http://farm1.staticflickr.com/22/27988379_c100bf8804_z.jpg	Attribution-NonCommercial-ShareAlike License
3329	23501	http://farm4.staticflickr.com/3098/3149272057_a42e633641_z.jpg	Attribution License
3331	431704	http://farm1.staticflickr.com/33/101527983_09c27eda96_z.jpg	Attribution-NonCommercial-NoDerivs License
3332	429793	http://farm1.staticflickr.com/10/14012870_04e2895dd9_z.jpg	Attribution-NonCommercial-ShareAlike License
3333	267898	http://farm9.staticflickr.com/8034/7985504956_89ff6a7cff_z.jpg	Attribution-NonCommercial-NoDerivs License
3334	422804	http://farm1.staticflickr.com/32/64544014_32301b1832_z.jpg	Attribution-NonCommercial License
3335	552796	http://farm6.staticflickr.com/5013/5557032034_d167d65920_z.jpg	Attribution-NonCommercial-NoDerivs License
3336	301047	http://farm1.staticflickr.com/9/74607205_5b3389975b_z.jpg	Attribution-NonCommercial-NoDerivs License
3337	473571	http://farm5.staticflickr.com/4058/4668761785_61466866be_z.jpg	Attribution License
3338	125042	http://farm6.staticflickr.com/5304/5790307509_97a3066ea6_z.jpg	Attribution-NonCommercial-ShareAlike License
3339	533739	http://farm4.staticflickr.com/3309/3550358113_16fcd7380f_z.jpg	Attribution License
3340	344896	http://farm1.staticflickr.com/72/203310452_662c4cec4f_z.jpg	Attribution-NonCommercial-ShareAlike License
3342	477473	http://farm3.staticflickr.com/2150/2292798916_a8da505106_z.jpg	Attribution-NonCommercial-ShareAlike License
3343	240841	http://farm4.staticflickr.com/3084/2549342580_3b06c83d72_z.jpg	Attribution License
3344	38845	http://farm5.staticflickr.com/4097/4897250947_30092d0f6d_z.jpg	Attribution-NonCommercial License
3345	160294	http://farm9.staticflickr.com/8365/8586970480_c2962cbff3_z.jpg	Attribution-NonCommercial-NoDerivs License
3346	362768	http://farm9.staticflickr.com/8427/7793342994_e6b7cb5901_z.jpg	Attribution-NoDerivs License
3347	512644	http://farm9.staticflickr.com/8173/8062338211_a12bbf8124_z.jpg	Attribution-NonCommercial License
3348	191846	http://farm4.staticflickr.com/3615/3567739296_db154e76c8_z.jpg	Attribution-NonCommercial-ShareAlike License
3349	33667	http://farm4.staticflickr.com/3094/3133429790_ef6c62b67b_z.jpg	Attribution-NonCommercial-NoDerivs License
3350	462283	http://farm6.staticflickr.com/5291/5434332391_fca6a92829_z.jpg	Attribution License
3351	397569	http://farm9.staticflickr.com/8097/8573161891_7a97f9f61d_z.jpg	Attribution License
3353	366695	http://farm9.staticflickr.com/8071/8326642474_889be3857c_z.jpg	Attribution-NonCommercial License
3355	154419	http://farm4.staticflickr.com/3132/2743077676_98589d60d9_z.jpg	Attribution-NonCommercial-NoDerivs License
3356	107548	http://farm8.staticflickr.com/7310/9330983776_34ab1e846a_z.jpg	Attribution-NoDerivs License
3357	319443	http://farm8.staticflickr.com/7378/9580050283_699a7d0924_z.jpg	Attribution-ShareAlike License
3358	294847	http://farm9.staticflickr.com/8160/7628630068_c58ef139a3_z.jpg	Attribution-NonCommercial-NoDerivs License
3359	277403	http://farm8.staticflickr.com/7033/6794823281_627d03f939_z.jpg	Attribution-NonCommercial-ShareAlike License
3360	570775	http://farm9.staticflickr.com/8314/7927143920_cba5d34d6e_z.jpg	Attribution-ShareAlike License
3361	157037	http://farm4.staticflickr.com/3106/3513602638_4a404011f6_z.jpg	Attribution License
3362	488564	http://farm6.staticflickr.com/5217/5398405254_967500dc7c_z.jpg	Attribution-NonCommercial-ShareAlike License
3364	515682	http://farm4.staticflickr.com/3002/2517814069_5266c4f06d_z.jpg	Attribution-ShareAlike License
3368	227035	http://farm1.staticflickr.com/26/64882788_0ba42b7057_z.jpg	Attribution-NonCommercial-NoDerivs License
3369	21475	http://farm1.staticflickr.com/232/451749515_5098e87895_z.jpg	Attribution License
3370	523495	http://farm4.staticflickr.com/3104/3173857279_26b074d084_z.jpg	Attribution-NonCommercial-ShareAlike License
3371	9488	http://farm2.staticflickr.com/1057/690360331_806c163858_z.jpg	Attribution-NonCommercial-NoDerivs License
3372	480403	http://farm1.staticflickr.com/128/386354100_b6e16f60a5_z.jpg	Attribution-NonCommercial-ShareAlike License
3375	403170	http://farm4.staticflickr.com/3588/3583477713_504a532f61_z.jpg	Attribution-NonCommercial-NoDerivs License
3376	563275	http://farm6.staticflickr.com/5475/9590595519_41694b43df_z.jpg	Attribution License
3377	83065	http://farm1.staticflickr.com/22/25052189_e18894da33_z.jpg	Attribution-NonCommercial-ShareAlike License
3378	239618	http://farm8.staticflickr.com/7441/9087117139_279077445b_z.jpg	Attribution-NonCommercial-ShareAlike License
3379	449845	http://farm6.staticflickr.com/5276/5899716137_3504461a96_z.jpg	Attribution License
3383	453779	http://farm1.staticflickr.com/46/186700413_761449b4ed_z.jpg	Attribution-NonCommercial-NoDerivs License
3384	278573	http://farm3.staticflickr.com/2501/3959853899_fa27c6a5e1_z.jpg	Attribution-NoDerivs License
3385	10346	http://farm4.staticflickr.com/3498/3456906266_7257a4a061_z.jpg	Attribution-NoDerivs License
3386	362360	http://farm9.staticflickr.com/8168/7584547464_9458f5c7d2_z.jpg	Attribution-NonCommercial-ShareAlike License
3387	385734	http://farm5.staticflickr.com/4020/4359497478_9a40ae5c4b_z.jpg	Attribution-NonCommercial License
3388	81042	http://farm4.staticflickr.com/3235/2785445696_eb981564ec_z.jpg	Attribution-NonCommercial-ShareAlike License
3390	209930	http://farm3.staticflickr.com/2542/3914724766_3a38559cd3_z.jpg	Attribution-NonCommercial-NoDerivs License
3393	390168	http://farm9.staticflickr.com/8253/8607683977_45367ab2d1_z.jpg	Attribution-ShareAlike License
3394	293425	http://farm8.staticflickr.com/7380/10138314276_f46d520dc3_z.jpg	Attribution-NonCommercial-ShareAlike License
3395	150477	http://farm5.staticflickr.com/4094/4770969848_ec3c3e9957_z.jpg	Attribution-NonCommercial-ShareAlike License
3396	346367	http://farm4.staticflickr.com/3471/3943807934_1d19a86edc_z.jpg	Attribution-NoDerivs License
3397	278457	http://farm4.staticflickr.com/3785/10028203314_7527ef5646_z.jpg	Attribution-NoDerivs License
3398	336629	http://farm3.staticflickr.com/2502/3905625462_d0c16b2a4c_z.jpg	Attribution-NonCommercial-NoDerivs License
3399	77376	http://farm2.staticflickr.com/1331/725276819_4006b85f71_z.jpg	Attribution-NonCommercial-ShareAlike License
3401	569530	http://farm5.staticflickr.com/4002/4516691200_d569c0d55e_z.jpg	Attribution-NonCommercial-NoDerivs License
3402	436385	http://farm1.staticflickr.com/161/433042041_b4cf07be68_z.jpg	Attribution-NonCommercial-ShareAlike License
3403	539922	http://farm2.staticflickr.com/1348/1164757212_f999dec4bc_z.jpg	Attribution-NonCommercial-ShareAlike License
3404	252919	http://farm3.staticflickr.com/2650/4132471941_c780c7d62e_z.jpg	Attribution-NonCommercial License
3405	370911	http://farm9.staticflickr.com/8173/8040769163_a275a067bb_z.jpg	Attribution-NonCommercial License
3406	410587	http://farm7.staticflickr.com/6016/6017863795_55da911ac8_z.jpg	Attribution-NonCommercial-NoDerivs License
3408	386525	http://farm9.staticflickr.com/8148/7600298286_f3c052f4c6_z.jpg	Attribution-NonCommercial-ShareAlike License
3409	5700	http://farm4.staticflickr.com/3689/10217397653_31dfe9bef6_z.jpg	Attribution-NonCommercial-NoDerivs License
3411	306161	http://farm4.staticflickr.com/3665/9265576279_31ffa49726_z.jpg	Attribution License
3414	74583	http://farm4.staticflickr.com/3062/5739906796_25ea8f1907_z.jpg	Attribution-NonCommercial-NoDerivs License
3415	343254	http://farm8.staticflickr.com/7134/8159623696_75b2ed6a1a_z.jpg	Attribution-NonCommercial-ShareAlike License
3416	438185	http://farm6.staticflickr.com/5229/5572758924_c479642fab_z.jpg	Attribution License
3417	269196	http://farm9.staticflickr.com/8363/8386296803_68b895fdc6_z.jpg	Attribution-NonCommercial-ShareAlike License
3418	528517	http://farm8.staticflickr.com/7249/6986835196_5c0294323b_z.jpg	Attribution-NonCommercial-NoDerivs License
3419	160260	http://farm6.staticflickr.com/5550/9437608445_fa004b3ce7_z.jpg	Attribution License
3421	373712	http://farm1.staticflickr.com/7/11032621_74de107cbb_z.jpg	Attribution-NonCommercial License
3422	8223	http://farm2.staticflickr.com/1432/822318126_e6020accd2_z.jpg	Attribution-NonCommercial-ShareAlike License
3424	205362	http://farm1.staticflickr.com/202/487987371_489a65d670_z.jpg	Attribution-NonCommercial-NoDerivs License
3425	485180	http://farm5.staticflickr.com/4008/4526660663_5a123457e0_z.jpg	Attribution-NonCommercial-NoDerivs License
3427	229301	http://farm4.staticflickr.com/3264/2440330062_210228f19d_z.jpg	Attribution-NonCommercial-ShareAlike License
3429	461275	http://farm2.staticflickr.com/1094/1484449429_2b35da1432_z.jpg	Attribution-NonCommercial-NoDerivs License
3431	193222	http://farm4.staticflickr.com/3433/3237400582_db3e6ee4bf_z.jpg	Attribution-NonCommercial License
3435	104898	http://farm5.staticflickr.com/4075/4808977113_c2e6766edb_z.jpg	Attribution-ShareAlike License
3436	434662	http://farm5.staticflickr.com/4111/5067946776_d9511119c9_z.jpg	Attribution-NonCommercial-ShareAlike License
3437	240057	http://farm8.staticflickr.com/7292/9455087639_fb2510ddc2_z.jpg	Attribution-NonCommercial-ShareAlike License
3438	218840	http://farm4.staticflickr.com/3369/3339386168_a27ca1c007_z.jpg	Attribution-NonCommercial License
3439	472452	http://farm5.staticflickr.com/4136/4812376984_e9cb5f9ab2_z.jpg	Attribution-NonCommercial License
3440	7281	http://farm5.staticflickr.com/4112/5022207571_74aab92fd5_z.jpg	Attribution License
3442	285260	http://farm8.staticflickr.com/7161/6787015649_7b0a705c4c_z.jpg	Attribution-NonCommercial-NoDerivs License
3444	479403	http://farm5.staticflickr.com/4026/4415051751_4805d52fce_z.jpg	Attribution-ShareAlike License
3445	156928	http://farm6.staticflickr.com/5546/9666528141_fb458f781a_z.jpg	Attribution License
3446	465163	http://farm8.staticflickr.com/7181/6854570335_2d627d48d1_z.jpg	Attribution-NonCommercial-ShareAlike License
3447	208086	http://farm7.staticflickr.com/6058/5891832476_549e8baeed_z.jpg	Attribution-NonCommercial License
3448	150088	http://farm3.staticflickr.com/2434/3817368933_1a1b352de7_z.jpg	Attribution-NonCommercial-ShareAlike License
3449	578270	http://farm1.staticflickr.com/165/436987322_50acf194a4_z.jpg	Attribution License
3450	107884	http://farm6.staticflickr.com/5328/9406770770_20417f8855_z.jpg	Attribution-ShareAlike License
3452	153604	http://farm4.staticflickr.com/3208/3062163046_70c8c4b089_z.jpg	Attribution-NonCommercial License
3453	23444	http://farm4.staticflickr.com/3563/3592488632_71386c23ca_z.jpg	Attribution License
3454	383950	http://farm2.staticflickr.com/1232/528453265_789253aad1_z.jpg	Attribution-ShareAlike License
3455	297244	http://farm1.staticflickr.com/254/454087766_0ce48900d8_z.jpg	Attribution-ShareAlike License
3456	150477	http://farm5.staticflickr.com/4094/4770969848_ec3c3e9957_z.jpg	Attribution-NonCommercial-ShareAlike License
3457	361603	http://farm1.staticflickr.com/219/466812658_11a975ef4c_z.jpg	Attribution License
3458	98278	http://farm1.staticflickr.com/119/277734762_ae0f59e926_z.jpg	Attribution-NonCommercial-ShareAlike License
3461	331074	http://farm3.staticflickr.com/2351/3540561467_452e8ca238_z.jpg	Attribution-NonCommercial License
3463	211905	http://farm9.staticflickr.com/8401/8694297517_587aaaed72_z.jpg	Attribution-NonCommercial-NoDerivs License
3464	16408	http://farm3.staticflickr.com/2304/2225110655_3d58a8d793_z.jpg	Attribution-NonCommercial-NoDerivs License
3465	338086	http://farm1.staticflickr.com/49/156714393_d11b28b165_z.jpg	Attribution-NonCommercial-ShareAlike License
3466	352565	http://farm9.staticflickr.com/8056/8146874300_eb62345426_z.jpg	Attribution-NonCommercial-ShareAlike License
3467	20465	http://farm1.staticflickr.com/232/500536463_47efba6841_z.jpg	Attribution-NonCommercial-NoDerivs License
3469	77553	http://farm4.staticflickr.com/3568/3604001876_0e0432d06d_z.jpg	Attribution-NonCommercial-ShareAlike License
3470	104607	http://farm4.staticflickr.com/3699/9227488059_f4177ed823_z.jpg	Attribution-NonCommercial-NoDerivs License
3471	124914	http://farm3.staticflickr.com/2680/4052200104_90d54139bb_z.jpg	Attribution-NonCommercial-NoDerivs License
3472	488573	http://farm1.staticflickr.com/88/231031890_dee9dfcd13_z.jpg	Attribution-NonCommercial-NoDerivs License
3473	472691	http://farm5.staticflickr.com/4005/4653508697_bd0df99b2a_z.jpg	Attribution-NonCommercial-ShareAlike License
3474	192858	http://farm8.staticflickr.com/7423/9269548655_1e98153cc0_z.jpg	Attribution-NonCommercial-NoDerivs License
3476	115144	http://farm4.staticflickr.com/3261/4619314738_98fa9ca5e0_z.jpg	Attribution-NonCommercial-NoDerivs License
3477	350289	http://farm8.staticflickr.com/7109/7602153310_712ca642e3_z.jpg	Attribution-NoDerivs License
3478	373960	http://farm3.staticflickr.com/2721/4367913701_e7235466e2_z.jpg	Attribution-NonCommercial-NoDerivs License
3479	351384	http://farm1.staticflickr.com/22/27988379_c100bf8804_z.jpg	Attribution-NonCommercial-ShareAlike License
3480	327383	http://farm5.staticflickr.com/4082/4787735633_90e2bd8933_z.jpg	Attribution-NonCommercial-ShareAlike License
3481	77601	http://farm8.staticflickr.com/7222/7359031054_a0df729dd8_z.jpg	Attribution-ShareAlike License
3482	346107	http://farm9.staticflickr.com/8113/8923565773_0e3c259fae_z.jpg	Attribution-NonCommercial License
3483	555108	http://farm8.staticflickr.com/7074/7338700856_d4c03e94f2_z.jpg	Attribution-NonCommercial-NoDerivs License
3484	579362	http://farm9.staticflickr.com/8277/8882895134_a241925f72_z.jpg	Attribution-NonCommercial License
3485	222157	http://farm9.staticflickr.com/8380/8451854170_308fdfb60a_z.jpg	Attribution-NonCommercial-NoDerivs License
3486	93611	http://farm4.staticflickr.com/3712/9369779209_66965b3cc4_z.jpg	Attribution-NonCommercial-NoDerivs License
3487	534024	http://farm3.staticflickr.com/2374/2167058349_e68ae9a7a5_z.jpg	Attribution License
3488	49257	http://farm4.staticflickr.com/3384/3307997466_1b03eda0a4_z.jpg	Attribution-NonCommercial-ShareAlike License
3489	92675	http://farm7.staticflickr.com/6181/6055000972_6443b170a9_z.jpg	Attribution-NonCommercial License
3491	193347	http://farm1.staticflickr.com/58/181627447_34245201f6_z.jpg	Attribution-NonCommercial License
3492	110045	http://farm4.staticflickr.com/3629/3492400327_f4855728d4_z.jpg	Attribution-NonCommercial License
3493	185768	http://farm8.staticflickr.com/7338/8719874221_a2ec6bd9e8_z.jpg	Attribution-NonCommercial-ShareAlike License
3496	396228	http://farm9.staticflickr.com/8036/8028330226_00cdbe116f_z.jpg	Attribution-ShareAlike License
3497	337095	http://farm1.staticflickr.com/49/171257708_768f77b69b_z.jpg	Attribution-NonCommercial-NoDerivs License
3498	115902	http://farm4.staticflickr.com/3380/3524659906_20d3e8644a_z.jpg	Attribution-ShareAlike License
3499	460346	http://farm3.staticflickr.com/2588/4044953073_0c76d5f8e4_z.jpg	Attribution-NoDerivs License
3501	99238	http://farm4.staticflickr.com/3575/3469420631_f5661437b8_z.jpg	Attribution-NonCommercial-ShareAlike License
3502	10343	http://farm4.staticflickr.com/3768/9317101988_c25e7800c3_z.jpg	Attribution-NonCommercial-NoDerivs License
3504	533074	http://farm7.staticflickr.com/6072/6048494363_f9f390af92_z.jpg	Attribution-NonCommercial-NoDerivs License
3505	540106	http://farm1.staticflickr.com/53/178122619_54b30c985f_z.jpg	Attribution-NonCommercial License
3506	437283	http://farm4.staticflickr.com/3786/9424495210_1b0735b7cb_z.jpg	Attribution-ShareAlike License
3507	35128	http://farm1.staticflickr.com/73/191624626_80c40193d4_z.jpg	Attribution License
3509	324500	http://farm5.staticflickr.com/4114/4784582030_49fb52ea74_z.jpg	Attribution-NonCommercial-ShareAlike License
3510	552929	http://farm5.staticflickr.com/4147/5038619023_166a4007fd_z.jpg	Attribution-NoDerivs License
3511	122203	http://farm9.staticflickr.com/8291/7759534324_2d9177e4e6_z.jpg	Attribution-NonCommercial-NoDerivs License
3512	166766	http://farm4.staticflickr.com/3227/3148603286_7ba46f77fc_z.jpg	Attribution-NonCommercial License
3514	158225	http://farm9.staticflickr.com/8066/8180625759_91f5f1bba9_z.jpg	Attribution License
3515	468518	http://farm9.staticflickr.com/8258/8677475894_9f4114dc5b_z.jpg	Attribution-ShareAlike License
3518	2055	http://farm3.staticflickr.com/2066/2943423347_5664f30b18_z.jpg	Attribution License
3519	418548	http://farm3.staticflickr.com/2287/2404603677_8f331477b7_z.jpg	Attribution-NonCommercial License
3520	532855	http://farm5.staticflickr.com/4004/4664820449_f865d2c71e_z.jpg	Attribution-NonCommercial-NoDerivs License
3521	259913	http://farm3.staticflickr.com/2525/3754558609_d012a9f287_z.jpg	Attribution License
3523	19463	http://farm8.staticflickr.com/7115/7033820605_db8d0c720f_z.jpg	Attribution-NoDerivs License
3525	566704	http://farm8.staticflickr.com/7451/9858060155_c36532bfc0_z.jpg	Attribution-ShareAlike License
3526	222676	http://farm6.staticflickr.com/5234/5811676472_c84883346a_z.jpg	Attribution-NonCommercial-NoDerivs License
3529	148855	http://farm8.staticflickr.com/7128/8152255002_1f11fecea8_z.jpg	Attribution-NonCommercial-NoDerivs License
3530	213181	http://farm3.staticflickr.com/2755/4391970477_a756fa1a22_z.jpg	Attribution-NonCommercial-ShareAlike License
3532	283412	http://farm6.staticflickr.com/5215/5499994653_748a7cbcbd_z.jpg	Attribution License
3534	378268	http://farm9.staticflickr.com/8196/8135918146_617c42d723_z.jpg	No known copyright restrictions
3535	445093	http://farm8.staticflickr.com/7437/8916908299_6f85e54828_z.jpg	Attribution-NonCommercial License
3536	353001	http://farm3.staticflickr.com/2880/8999453935_9a7d04f77f_z.jpg	Attribution-NonCommercial-ShareAlike License
3537	252937	http://farm6.staticflickr.com/5002/5369213103_634033c013_z.jpg	Attribution-NonCommercial-NoDerivs License
3538	565062	http://farm8.staticflickr.com/7293/9431302414_a7a71b1431_z.jpg	Attribution-NonCommercial-ShareAlike License
3539	388872	http://farm1.staticflickr.com/181/407211384_93a543b7e7_z.jpg	Attribution-NonCommercial-NoDerivs License
3540	272925	http://farm3.staticflickr.com/2730/5818397705_4a3be6ee5b_z.jpg	Attribution-NonCommercial-NoDerivs License
3541	257450	http://farm4.staticflickr.com/3145/3021689802_ddd1c0e8ea_z.jpg	Attribution-NonCommercial License
3542	5635	http://farm4.staticflickr.com/3040/2973045199_59c4b6d339_z.jpg	Attribution-NonCommercial-NoDerivs License
3543	474003	http://farm7.staticflickr.com/6063/6144242714_e4019ac17d_z.jpg	Attribution-NonCommercial-ShareAlike License
3545	490931	http://farm8.staticflickr.com/7063/6887174469_0aac56220f_z.jpg	Attribution-NoDerivs License
3546	263594	http://farm4.staticflickr.com/3213/3031464280_1e5e397ba9_z.jpg	Attribution-NonCommercial-NoDerivs License
3547	440106	http://farm7.staticflickr.com/6126/6033457276_abc0216b5b_z.jpg	Attribution License
3548	15260	http://farm6.staticflickr.com/5172/5564300416_93a7c9379d_z.jpg	Attribution License
3549	9007	http://farm3.staticflickr.com/2175/2259596544_844943cf6d_z.jpg	Attribution-NonCommercial-ShareAlike License
3550	121619	http://farm8.staticflickr.com/7230/7205963930_cea220ba20_z.jpg	Attribution-ShareAlike License
3552	105952	http://farm4.staticflickr.com/3812/9322476013_8f669f50ae_z.jpg	Attribution-NonCommercial-NoDerivs License
3553	222043	http://farm9.staticflickr.com/8532/8538322108_e83f1ae5f7_z.jpg	Attribution-NoDerivs License
3555	185079	http://farm4.staticflickr.com/3202/3008228346_78b27f2853_z.jpg	Attribution-NonCommercial-NoDerivs License
3556	85945	http://farm5.staticflickr.com/4023/4365433803_ee942303c0_z.jpg	Attribution License
3557	114269	http://farm1.staticflickr.com/74/202734059_fcce636dcd_z.jpg	Attribution License
3558	25765	http://farm1.staticflickr.com/27/62451708_d71e78cba4_z.jpg	Attribution-ShareAlike License
3561	406446	http://farm3.staticflickr.com/2606/4008442874_0db269d8ff_z.jpg	Attribution-NonCommercial-NoDerivs License
3563	163319	http://farm4.staticflickr.com/3547/3531087664_ed37f7325b_z.jpg	Attribution-NonCommercial-NoDerivs License
3564	116963	http://farm4.staticflickr.com/3488/3842611436_39bbfb75ea_z.jpg	Attribution-NonCommercial-ShareAlike License
3565	486421	http://farm5.staticflickr.com/4096/4877894091_5c662d088a_z.jpg	Attribution-NoDerivs License
3566	120412	http://farm6.staticflickr.com/5018/5532916798_99a404e14d_z.jpg	Attribution-NoDerivs License
3567	402623	http://farm6.staticflickr.com/5497/9212042652_8d6d91ccab_z.jpg	Attribution-NonCommercial License
3569	129700	http://farm4.staticflickr.com/3370/3485828809_9036f22980_z.jpg	Attribution-NoDerivs License
3571	358836	http://farm7.staticflickr.com/6169/6139787430_73e76dcf49_z.jpg	Attribution-NonCommercial-ShareAlike License
3572	511204	http://farm5.staticflickr.com/4085/4988678629_dfefdd9951_z.jpg	Attribution-NonCommercial-ShareAlike License
3573	390879	http://farm3.staticflickr.com/2798/4100766892_5569dea93d_z.jpg	Attribution-ShareAlike License
3574	509192	http://farm4.staticflickr.com/3610/5708630326_7c68a1d747_z.jpg	Attribution-NonCommercial-ShareAlike License
3575	65859	http://farm5.staticflickr.com/4025/4645584095_2cb17685c6_z.jpg	Attribution-NonCommercial License
3577	151327	http://farm6.staticflickr.com/5028/5690585873_63b70c9fb1_z.jpg	Attribution-NonCommercial-ShareAlike License
3578	429613	http://farm8.staticflickr.com/7221/7054006131_f79fa3b1a5_z.jpg	Attribution-NonCommercial-ShareAlike License
3579	344935	http://farm1.staticflickr.com/141/327422622_c79def2d90_z.jpg	Attribution-NonCommercial-ShareAlike License
3580	150477	http://farm5.staticflickr.com/4094/4770969848_ec3c3e9957_z.jpg	Attribution-NonCommercial-ShareAlike License
3584	6800	http://farm4.staticflickr.com/3045/2292281215_5e4dbf6f6f_z.jpg	Attribution-NonCommercial License
3585	312220	http://farm2.staticflickr.com/1056/1186369630_916e5bb4ce_z.jpg	Attribution-NonCommercial-ShareAlike License
3586	157601	http://farm9.staticflickr.com/8478/8239498722_1b6cb129fd_z.jpg	Attribution License
3592	76155	http://farm4.staticflickr.com/3539/3836680545_2ccb331621_z.jpg	Attribution-NonCommercial-ShareAlike License
3593	109638	http://farm1.staticflickr.com/195/509653998_f220cf6104_z.jpg	Attribution-NonCommercial-ShareAlike License
3594	495610	http://farm6.staticflickr.com/5159/7062560387_65ab35db5a_z.jpg	Attribution-NoDerivs License
3596	329661	http://farm4.staticflickr.com/3576/3981257356_aa45ba80a6_z.jpg	Attribution-NonCommercial-ShareAlike License
3599	254568	http://farm7.staticflickr.com/6132/5927259114_d116f546ec_z.jpg	Attribution-NonCommercial-NoDerivs License
3600	88605	http://farm3.staticflickr.com/2107/5707992650_5f27df78a8_z.jpg	Attribution-NonCommercial-NoDerivs License
3601	545534	http://farm5.staticflickr.com/4057/4299074508_c1768d10b1_z.jpg	Attribution License
3602	420291	http://farm1.staticflickr.com/220/487287722_e47d71c2d8_z.jpg	Attribution-NonCommercial-NoDerivs License
3603	271038	http://farm3.staticflickr.com/2570/5696220292_bbce85477c_z.jpg	Attribution License
3604	33634	http://farm8.staticflickr.com/7330/8980588917_3583793b68_z.jpg	Attribution License
3606	297200	http://farm8.staticflickr.com/7244/7180850589_075f324b57_z.jpg	Attribution-NoDerivs License
3607	193347	http://farm1.staticflickr.com/58/181627447_34245201f6_z.jpg	Attribution-NonCommercial License
3608	340771	http://farm4.staticflickr.com/3078/2485576400_69d5fbe78b_z.jpg	Attribution-NonCommercial License
3609	379585	http://farm8.staticflickr.com/7023/6849393965_f3221fe879_z.jpg	Attribution-ShareAlike License
3611	368249	http://farm4.staticflickr.com/3300/3605362415_d787df9fef_z.jpg	Attribution-NonCommercial-NoDerivs License
3614	247296	http://farm6.staticflickr.com/5230/5690274413_b46d9edb4f_z.jpg	Attribution-NonCommercial-NoDerivs License
3615	563015	http://farm7.staticflickr.com/6015/5913996847_97d264fff5_z.jpg	Attribution-NonCommercial License
3616	287003	http://farm4.staticflickr.com/3197/2817245082_0e6d6dd8bf_z.jpg	Attribution-NonCommercial-NoDerivs License
3617	29005	http://farm3.staticflickr.com/2286/2228341200_e63d5b4ede_z.jpg	Attribution-ShareAlike License
3618	38381	http://farm2.staticflickr.com/1055/1426635613_d5d7813daa_z.jpg	Attribution License
3619	536274	http://farm9.staticflickr.com/8465/8132660074_5124bb6dbf_z.jpg	Attribution-NonCommercial-NoDerivs License
3621	477473	http://farm3.staticflickr.com/2150/2292798916_a8da505106_z.jpg	Attribution-NonCommercial-ShareAlike License
3623	393814	http://farm3.staticflickr.com/2568/3919758209_47befc2ec2_z.jpg	Attribution-ShareAlike License
3624	581278	http://farm6.staticflickr.com/5441/9013811292_8fba285bfd_z.jpg	Attribution-NonCommercial-ShareAlike License
3625	450313	http://farm3.staticflickr.com/2844/9992969154_12152d8998_z.jpg	Attribution-NonCommercial-NoDerivs License
3627	281533	http://farm4.staticflickr.com/3525/3233723212_8a19b94fb0_z.jpg	Attribution-NoDerivs License
3628	118061	http://farm4.staticflickr.com/3160/2710216189_9022fe4802_z.jpg	Attribution-NonCommercial-ShareAlike License
3629	441212	http://farm6.staticflickr.com/5018/5582206038_1736fe51a3_z.jpg	Attribution-NonCommercial-ShareAlike License
3630	42705	http://farm1.staticflickr.com/160/403949694_a85a3256ea_z.jpg	Attribution-NonCommercial-ShareAlike License
3632	252919	http://farm3.staticflickr.com/2650/4132471941_c780c7d62e_z.jpg	Attribution-NonCommercial License
3633	563040	http://farm1.staticflickr.com/90/228671027_dff0d7dba8_z.jpg	Attribution-NonCommercial-NoDerivs License
3635	541550	http://farm9.staticflickr.com/8250/8645555715_f08aac5e64_z.jpg	Attribution-ShareAlike License
3639	42808	http://farm9.staticflickr.com/8479/8258503259_60d9d8b942_z.jpg	Attribution License
3640	295767	http://farm5.staticflickr.com/4065/4349098831_aa94049cf5_z.jpg	Attribution-NonCommercial-ShareAlike License
3641	92869	http://farm3.staticflickr.com/2857/9436714265_d06b0d5cfc_z.jpg	Attribution License
3642	318995	http://farm8.staticflickr.com/7380/8727105250_797f60084d_z.jpg	Attribution License
3643	369697	http://farm1.staticflickr.com/242/460399960_b6b566a3e0_z.jpg	Attribution-NonCommercial-ShareAlike License
3644	398957	http://farm4.staticflickr.com/3144/2918197986_176c3ee608_z.jpg	Attribution-ShareAlike License
3645	338987	http://farm7.staticflickr.com/6166/6164597994_8f461991a8_z.jpg	Attribution-NoDerivs License
3649	486313	http://farm6.staticflickr.com/5168/5353780984_06dd440354_z.jpg	Attribution-NonCommercial-NoDerivs License
3650	441152	http://farm9.staticflickr.com/8245/8570954546_08daa49f6b_z.jpg	Attribution-NonCommercial-ShareAlike License
3651	227441	http://farm9.staticflickr.com/8327/8097292384_c38f90f4f3_z.jpg	Attribution-NonCommercial-ShareAlike License
3652	489031	http://farm6.staticflickr.com/5183/5556403911_b48e2c8b09_z.jpg	Attribution-ShareAlike License
3653	361603	http://farm1.staticflickr.com/219/466812658_11a975ef4c_z.jpg	Attribution License
3655	102978	http://farm9.staticflickr.com/8123/9011510263_6d8ae6ebd0_z.jpg	Attribution-NonCommercial License
3656	421520	http://farm9.staticflickr.com/8235/8506626140_cd80f29565_z.jpg	Attribution-NonCommercial License
3660	86215	http://farm6.staticflickr.com/5247/5206869832_09b4dd7533_z.jpg	Attribution License
3661	40937	http://farm4.staticflickr.com/3158/2834622670_78cea0533b_z.jpg	Attribution-ShareAlike License
3663	433998	http://farm6.staticflickr.com/5224/5652833786_ef7dddfb21_z.jpg	Attribution-ShareAlike License
3664	460422	http://farm7.staticflickr.com/6141/5949628839_d8bfebe6d2_z.jpg	Attribution-NonCommercial-NoDerivs License
3666	548428	http://farm8.staticflickr.com/7115/6925192298_4d2af98997_z.jpg	No known copyright restrictions
3667	299920	http://farm3.staticflickr.com/2385/2118025840_6fe35d468c_z.jpg	Attribution-NonCommercial License
3668	148267	http://farm1.staticflickr.com/51/177240738_78a5460dc0_z.jpg	Attribution License
3669	374707	http://farm3.staticflickr.com/2671/3925898604_bdd09e0c97_z.jpg	Attribution License
3670	390975	http://farm1.staticflickr.com/113/278170552_43e6cc034e_z.jpg	Attribution-ShareAlike License
3672	18467	http://farm3.staticflickr.com/2449/3933064530_aaf674bdfa_z.jpg	Attribution-NonCommercial-NoDerivs License
3673	253004	http://farm4.staticflickr.com/3550/3421692222_ee04a9d62f_z.jpg	Attribution-NonCommercial-NoDerivs License
3676	268260	http://farm1.staticflickr.com/9/13374678_6fe2c4e466_z.jpg	Attribution-NonCommercial License
3678	173288	http://farm3.staticflickr.com/2174/1951647561_a1c27d58d6_z.jpg	Attribution-NonCommercial-NoDerivs License
3681	15968	http://farm5.staticflickr.com/4057/4528703193_33cc0ca32e_z.jpg	Attribution License
3683	362131	http://farm3.staticflickr.com/2821/9259233162_a5f251596e_z.jpg	Attribution License
3685	580466	http://farm9.staticflickr.com/8248/8625003720_2bd0f5f413_z.jpg	Attribution License
3688	501294	http://farm4.staticflickr.com/3239/3032214760_78375faac2_z.jpg	Attribution-NonCommercial-ShareAlike License
3690	550968	http://farm4.staticflickr.com/3703/8754590312_172485fa68_z.jpg	Attribution-NonCommercial-NoDerivs License
3693	143699	http://farm7.staticflickr.com/6150/5969266745_25c7909ccf_z.jpg	Attribution-NonCommercial-ShareAlike License
3694	515224	http://farm6.staticflickr.com/5253/5506779723_2d8c18af8d_z.jpg	Attribution-NonCommercial-NoDerivs License
3695	62942	http://farm9.staticflickr.com/8471/8131247664_66d3433cd9_z.jpg	Attribution License
3699	563702	http://farm8.staticflickr.com/7034/6807713071_3110923d23_z.jpg	Attribution-NonCommercial-NoDerivs License
3701	390395	http://farm1.staticflickr.com/119/288987919_623006557d_z.jpg	Attribution License
3706	489372	http://farm9.staticflickr.com/8366/8545474166_05686bc0a8_z.jpg	Attribution-NonCommercial-ShareAlike License
3709	320106	http://farm3.staticflickr.com/2752/4132988678_4a4d5861f2_z.jpg	Attribution-NonCommercial-NoDerivs License
3710	387338	http://farm1.staticflickr.com/53/136241543_466c23fe78_z.jpg	Attribution-NonCommercial-NoDerivs License
3711	575110	http://farm4.staticflickr.com/3282/3012283434_ba549d1e8a_z.jpg	Attribution-ShareAlike License
3712	309802	http://farm9.staticflickr.com/8246/8498843221_691cfca87c_z.jpg	Attribution-NonCommercial-NoDerivs License
3714	580277	http://farm9.staticflickr.com/8034/8035891380_d080bd9623_z.jpg	Attribution-NonCommercial-ShareAlike License
3718	165527	http://farm8.staticflickr.com/7240/7103606195_1c9f7d47a4_z.jpg	Attribution-NonCommercial-ShareAlike License
3719	347104	http://farm3.staticflickr.com/2352/2132499822_6cd92466e4_z.jpg	Attribution-NonCommercial-NoDerivs License
3721	250790	http://farm7.staticflickr.com/6233/6320141120_0c9fe57648_z.jpg	Attribution License
3722	206975	http://farm8.staticflickr.com/7292/8740059662_a97230ea7c_z.jpg	Attribution License
3724	401893	http://farm3.staticflickr.com/2844/8872506898_6afb311229_z.jpg	Attribution-ShareAlike License
3726	484689	http://farm8.staticflickr.com/7075/6881410992_f553f61814_z.jpg	Attribution License
3727	421825	http://farm8.staticflickr.com/7211/7197410928_6eebee791b_z.jpg	Attribution-NonCommercial License
3731	406033	http://farm4.staticflickr.com/3821/9053842470_654dc04a44_z.jpg	Attribution-NonCommercial-NoDerivs License
3732	235925	http://farm3.staticflickr.com/2542/3811997398_fd38c3b5fd_z.jpg	Attribution-NonCommercial-NoDerivs License
3736	187934	http://farm9.staticflickr.com/8522/8495566017_ecb4a6a3a4_z.jpg	Attribution-NonCommercial License
3737	143629	http://farm3.staticflickr.com/2542/4022947723_78d669f9c3_z.jpg	Attribution License
3738	18078	http://farm9.staticflickr.com/8343/8244975924_35f6e54d44_z.jpg	Attribution-NonCommercial-NoDerivs License
3740	352703	http://farm7.staticflickr.com/6107/6270832168_e6a1724287_z.jpg	Attribution-NonCommercial-ShareAlike License
3741	564451	http://farm4.staticflickr.com/3786/9548735103_a793cdd475_z.jpg	Attribution License
3747	176871	http://farm1.staticflickr.com/43/77863405_73a42262a2_z.jpg	Attribution-NonCommercial-NoDerivs License
3752	567329	http://farm4.staticflickr.com/3261/3155998645_7829fa37e0_z.jpg	Attribution-ShareAlike License
3753	295310	http://farm6.staticflickr.com/5094/5415160205_15e9e4f4c6_z.jpg	Attribution License
3754	125365	http://farm1.staticflickr.com/35/211440646_501c88f337_z.jpg	Attribution-NonCommercial-ShareAlike License
3755	382482	http://farm3.staticflickr.com/2835/9483466368_c2d78a06f5_z.jpg	Attribution-NonCommercial License
3756	422585	http://farm9.staticflickr.com/8209/8207285797_dc39453f5e_z.jpg	Attribution-NonCommercial-NoDerivs License
3757	331577	http://farm7.staticflickr.com/6060/6321239631_d94b38a3e1_z.jpg	Attribution-NonCommercial-ShareAlike License
3758	426355	http://farm9.staticflickr.com/8481/8181257766_55bcd3bded_z.jpg	Attribution-NonCommercial-ShareAlike License
3762	222716	http://farm4.staticflickr.com/3298/3601659936_a84c05b0bd_z.jpg	Attribution-NonCommercial-ShareAlike License
3766	525187	http://farm5.staticflickr.com/4151/5072883143_c6bf908961_z.jpg	Attribution-NonCommercial-ShareAlike License
3767	57977	http://farm4.staticflickr.com/3625/3454890552_a3aae7527a_z.jpg	Attribution-NonCommercial License
3770	318154	http://farm2.staticflickr.com/1186/1429334463_7a883cd555_z.jpg	Attribution-NonCommercial-ShareAlike License
3772	456678	http://farm2.staticflickr.com/1385/1490451428_4d8e4eb493_z.jpg	Attribution-NonCommercial-NoDerivs License
3775	18183	http://farm3.staticflickr.com/2844/9496508716_44589a942f_z.jpg	Attribution-NonCommercial-ShareAlike License
3776	542651	http://farm8.staticflickr.com/7406/9684120381_d2cb02c18f_z.jpg	Attribution-NonCommercial License
3782	112734	http://farm9.staticflickr.com/8049/8425546554_97209d6b5a_z.jpg	Attribution-NonCommercial License
3788	353108	http://farm7.staticflickr.com/6109/6341172906_f98785e057_z.jpg	Attribution-NonCommercial-ShareAlike License
3790	324893	http://farm4.staticflickr.com/3589/3396362068_c333046236_z.jpg	Attribution License
3791	223373	http://farm8.staticflickr.com/7379/8882043329_e4e6b3ec21_z.jpg	Attribution-NonCommercial-ShareAlike License
3792	562901	http://farm9.staticflickr.com/8251/8662269530_4ed221a6dc_z.jpg	Attribution-NonCommercial-ShareAlike License
3794	425390	http://farm3.staticflickr.com/2472/3834878110_0fae9f6f71_z.jpg	Attribution-NonCommercial-ShareAlike License
3795	325873	http://farm4.staticflickr.com/3019/5845939349_b6b466579a_z.jpg	Attribution-NonCommercial-ShareAlike License
3797	188252	http://farm2.staticflickr.com/1428/4552796058_cf8416b0ed_z.jpg	Attribution License
3799	544065	http://farm7.staticflickr.com/6039/6293334332_97f13becd7_z.jpg	Attribution-NonCommercial-NoDerivs License
3801	442026	http://farm9.staticflickr.com/8084/8340104879_489964e139_z.jpg	Attribution-NonCommercial-ShareAlike License
3807	445113	http://farm5.staticflickr.com/4141/4768503988_6a51afc3b1_z.jpg	Attribution License
3810	200597	http://farm7.staticflickr.com/6170/6185029584_5be1f89ae0_z.jpg	Attribution-NoDerivs License
3811	236028	http://farm5.staticflickr.com/4138/4747854016_2f7a826cd9_z.jpg	Attribution License
3813	19380	http://farm3.staticflickr.com/2676/4057997717_ac0b8138e3_z.jpg	Attribution-NonCommercial-ShareAlike License
3824	239611	http://farm7.staticflickr.com/6202/6124487335_f7dc128637_z.jpg	Attribution License
3828	142680	http://farm1.staticflickr.com/52/124103498_815ff4c610_z.jpg	Attribution-NonCommercial-NoDerivs License
3829	101692	http://farm9.staticflickr.com/8003/7499770022_34e5dbd9ee_z.jpg	Attribution-NoDerivs License
3830	52747	http://farm1.staticflickr.com/28/90926026_85b1099602_z.jpg	Attribution-ShareAlike License
3832	211725	http://farm3.staticflickr.com/2530/3680240735_61251d3f16_z.jpg	Attribution-NonCommercial-NoDerivs License
3833	223335	http://farm3.staticflickr.com/2822/9344288392_f10af1cfe9_z.jpg	Attribution-ShareAlike License
3834	350825	http://farm6.staticflickr.com/5023/5725587876_4f26d70bd7_z.jpg	Attribution License
3839	309369	http://farm3.staticflickr.com/2118/2424046990_1aa6554a0b_z.jpg	Attribution License
3841	573829	http://farm6.staticflickr.com/5186/5619638833_7249f515e7_z.jpg	Attribution-NonCommercial-NoDerivs License
3842	19836	http://farm3.staticflickr.com/2562/5818841034_224fce8d97_z.jpg	Attribution-NonCommercial-NoDerivs License
3843	21217	http://farm9.staticflickr.com/8382/8649270072_db9c740c1f_z.jpg	Attribution-NonCommercial-ShareAlike License
3845	422878	http://farm9.staticflickr.com/8384/8624024910_12cde3f1fa_z.jpg	Attribution-NonCommercial-ShareAlike License
3846	581282	http://farm6.staticflickr.com/5123/5232785862_a0803d22e4_z.jpg	Attribution License
3848	565740	http://farm1.staticflickr.com/59/184390943_876f887f4e_z.jpg	Attribution-NonCommercial-NoDerivs License
3849	175942	http://farm7.staticflickr.com/6069/6054243015_76b9678385_z.jpg	Attribution-NonCommercial-NoDerivs License
3850	190125	http://farm9.staticflickr.com/8483/8271609349_ec6ca836ff_z.jpg	Attribution-NonCommercial-ShareAlike License
3851	290942	http://farm1.staticflickr.com/69/163614481_76af2c72ec_z.jpg	Attribution-NonCommercial-NoDerivs License
3852	194605	http://farm3.staticflickr.com/2693/4397549108_1b6902f087_z.jpg	Attribution-NonCommercial License
3853	91804	http://farm1.staticflickr.com/170/412671131_edebbda632_z.jpg	Attribution License
3854	19838	http://farm8.staticflickr.com/7206/6925143185_b7f798d75d_z.jpg	Attribution-NonCommercial-NoDerivs License
3855	126870	http://farm3.staticflickr.com/2432/3652286550_ec66a692c2_z.jpg	Attribution-NonCommercial-ShareAlike License
3858	317986	http://farm8.staticflickr.com/7215/7335513942_26996922d1_z.jpg	Attribution-NonCommercial-ShareAlike License
3859	297738	http://farm8.staticflickr.com/7287/9300189713_3193e151ba_z.jpg	Attribution-ShareAlike License
3860	420530	http://farm8.staticflickr.com/7172/6547893387_5a4a064f5e_z.jpg	Attribution-ShareAlike License
3862	19142	http://farm8.staticflickr.com/7064/7081946525_1d9c5ea4d5_z.jpg	Attribution-NonCommercial-ShareAlike License
3864	560587	http://farm1.staticflickr.com/123/402881697_e72e37aff4_z.jpg	Attribution-NonCommercial-ShareAlike License
3866	546463	http://farm2.staticflickr.com/1253/5117644803_80a06f05ab_z.jpg	Attribution License
3868	391320	http://farm1.staticflickr.com/155/356006395_4eb4f0ae79_z.jpg	Attribution-NoDerivs License
3872	508418	http://farm5.staticflickr.com/4065/4533709462_efc5cdf025_z.jpg	Attribution-ShareAlike License
3873	124694	http://farm9.staticflickr.com/8329/8357273489_acfbbfcf32_z.jpg	Attribution-NonCommercial-NoDerivs License
3874	350825	http://farm6.staticflickr.com/5023/5725587876_4f26d70bd7_z.jpg	Attribution License
3875	229052	http://farm6.staticflickr.com/5329/9632028891_83d83319a6_z.jpg	Attribution-NonCommercial-NoDerivs License
3876	365021	http://farm3.staticflickr.com/2715/4080013059_7d1c45048f_z.jpg	Attribution License
3877	363119	http://farm4.staticflickr.com/3005/2647750968_a411d4251d_z.jpg	Attribution-NonCommercial-ShareAlike License
3878	226373	http://farm3.staticflickr.com/2491/4122891241_7c1deece26_z.jpg	Attribution-NonCommercial-ShareAlike License
3879	442365	http://farm1.staticflickr.com/190/508175274_cea32d2a13_z.jpg	Attribution-NonCommercial-NoDerivs License
3880	566189	http://farm7.staticflickr.com/6007/5954057688_0c12ddfa0e_z.jpg	Attribution-NonCommercial-ShareAlike License
3881	87125	http://farm5.staticflickr.com/4114/4781639900_2163f5ab24_z.jpg	Attribution-NonCommercial-ShareAlike License
3882	307039	http://farm3.staticflickr.com/2594/4091632867_440990384d_z.jpg	Attribution-NoDerivs License
3883	504730	http://farm6.staticflickr.com/5185/5551141730_896e7562f4_z.jpg	Attribution-NonCommercial License
3884	443671	http://farm1.staticflickr.com/44/146393847_35a0cacec7_z.jpg	Attribution-NonCommercial-NoDerivs License
3887	104621	http://farm8.staticflickr.com/7290/8993578092_cc8b718266_z.jpg	Attribution-NoDerivs License
3888	51326	http://farm2.staticflickr.com/1250/5114278777_8f18f434ac_z.jpg	Attribution-NonCommercial-ShareAlike License
3889	476145	http://farm3.staticflickr.com/2767/4310953567_405fe1c7f8_z.jpg	Attribution-NonCommercial-ShareAlike License
3890	66373	http://farm1.staticflickr.com/40/84778788_d0b043cfa2_z.jpg	Attribution-NonCommercial-ShareAlike License
3891	298189	http://farm8.staticflickr.com/7254/7598970900_5af0eaecb2_z.jpg	Attribution-ShareAlike License
3892	476103	http://farm9.staticflickr.com/8280/8752447972_841dfce7a3_z.jpg	Attribution-NonCommercial-NoDerivs License
3896	204643	http://farm1.staticflickr.com/45/161908746_612cef45c7_z.jpg	Attribution-NonCommercial-NoDerivs License
3898	333201	http://farm1.staticflickr.com/76/215142759_6b7e7a6c23_z.jpg	Attribution-NonCommercial-ShareAlike License
3899	504566	http://farm4.staticflickr.com/3744/9730244185_717892dcef_z.jpg	Attribution License
3900	335321	http://farm9.staticflickr.com/8368/8404353131_34896f5576_z.jpg	Attribution-NonCommercial License
3901	279689	http://farm4.staticflickr.com/3030/3006413774_2f408edb15_z.jpg	Attribution-NonCommercial-ShareAlike License
3902	386530	http://farm3.staticflickr.com/2460/3721496261_c7a6d1de35_z.jpg	Attribution-NonCommercial License
3903	572865	http://farm7.staticflickr.com/6115/6236368626_c72aeae877_z.jpg	Attribution-NonCommercial-NoDerivs License
3905	355851	http://farm9.staticflickr.com/8477/8217320694_cc3883fefd_z.jpg	Attribution License
3908	388534	http://farm4.staticflickr.com/3088/3903086113_77d245b39e_z.jpg	Attribution-NonCommercial-NoDerivs License
3910	486421	http://farm5.staticflickr.com/4096/4877894091_5c662d088a_z.jpg	Attribution-NoDerivs License
3911	273772	http://farm4.staticflickr.com/3122/2862160691_7406616018_z.jpg	Attribution-NonCommercial-ShareAlike License
3912	173579	http://farm9.staticflickr.com/8326/8089102683_68dcb75639_z.jpg	Attribution-NonCommercial-NoDerivs License
3913	512387	http://farm6.staticflickr.com/5300/5515004939_46eea308f1_z.jpg	Attribution License
3914	163118	http://farm7.staticflickr.com/6034/6295016809_63d19a29c6_z.jpg	Attribution License
3915	264976	http://farm4.staticflickr.com/3020/3070820352_40601c0330_z.jpg	Attribution-NonCommercial-NoDerivs License
3916	425881	http://farm9.staticflickr.com/8400/8646559588_fd1e255708_z.jpg	Attribution-NonCommercial-ShareAlike License
3918	8284	http://farm4.staticflickr.com/3241/2969713570_11d7621eb5_z.jpg	Attribution License
3920	48601	http://farm7.staticflickr.com/6076/6083598126_f54493236f_z.jpg	Attribution-NonCommercial-ShareAlike License
3921	60892	http://farm6.staticflickr.com/5235/7179806972_09760eda7e_z.jpg	Attribution-NonCommercial License
3924	480663	http://farm4.staticflickr.com/3063/3266337628_3e7a88a926_z.jpg	Attribution-NonCommercial License
3925	509110	http://farm5.staticflickr.com/4017/4312212800_c1f695136d_z.jpg	Attribution-NonCommercial-ShareAlike License
3926	465996	http://farm8.staticflickr.com/7208/6901515553_e6a540c8c7_z.jpg	Attribution-NonCommercial License
3927	324553	http://farm7.staticflickr.com/6172/6198252384_9f68f56667_z.jpg	Attribution-NonCommercial-ShareAlike License
3929	460342	http://farm9.staticflickr.com/8515/8406162924_cfbf4ca6dc_z.jpg	Attribution-NonCommercial-ShareAlike License
3930	304741	http://farm9.staticflickr.com/8143/7473286826_acbd3de6c8_z.jpg	Attribution-NonCommercial-NoDerivs License
3931	250165	http://farm2.staticflickr.com/1248/1173277498_d1ea5289a1_z.jpg	Attribution-NonCommercial-NoDerivs License
3936	568668	http://farm6.staticflickr.com/5081/5728633372_f775dcaedc_z.jpg	Attribution-NonCommercial License
3937	413635	http://farm4.staticflickr.com/3289/2727583144_aa43a6b68a_z.jpg	Attribution-ShareAlike License
3938	543660	http://farm5.staticflickr.com/4072/4543752801_f7350ae460_z.jpg	Attribution-NonCommercial-ShareAlike License
3939	289197	http://farm5.staticflickr.com/4021/4304680433_31f1ff4295_z.jpg	Attribution-NonCommercial-NoDerivs License
3940	391807	http://farm9.staticflickr.com/8468/8101430141_b8e1c1ed2f_z.jpg	Attribution License
3941	134430	http://farm3.staticflickr.com/2806/9266300867_c585829863_z.jpg	Attribution-NonCommercial License
3943	240082	http://farm7.staticflickr.com/6095/6264558594_d46e881289_z.jpg	Attribution License
3944	447983	http://farm3.staticflickr.com/2049/2087606044_f7b13a5d16_z.jpg	Attribution-NonCommercial-NoDerivs License
3946	562335	http://farm8.staticflickr.com/7180/7018255893_a2682fb130_z.jpg	Attribution-NonCommercial-ShareAlike License
3947	514111	http://farm8.staticflickr.com/7171/6410499745_0778c91386_z.jpg	Attribution-NonCommercial License
3948	191249	http://farm8.staticflickr.com/7439/10295421725_12d4df2b18_z.jpg	Attribution-NoDerivs License
3949	569769	http://farm9.staticflickr.com/8028/7683159614_e3931c2247_z.jpg	Attribution-NonCommercial-ShareAlike License
3950	253159	http://farm5.staticflickr.com/4129/5083865831_378a039b5e_z.jpg	Attribution License
3951	323478	http://farm9.staticflickr.com/8457/7993454099_f05c523d8a_z.jpg	Attribution-ShareAlike License
3953	424607	http://farm4.staticflickr.com/3251/2442771825_96c2f57cda_z.jpg	Attribution-NonCommercial-NoDerivs License
3954	189274	http://farm7.staticflickr.com/6168/6218545245_34264c0c1d_z.jpg	Attribution License
3955	275969	http://farm8.staticflickr.com/7121/7739798164_23550c298a_z.jpg	Attribution License
3957	435473	http://farm3.staticflickr.com/2731/5698748980_489d0af483_z.jpg	Attribution-ShareAlike License
3959	187576	http://farm7.staticflickr.com/6067/6025307401_42b5257bd9_z.jpg	Attribution License
3963	330676	http://farm1.staticflickr.com/27/58022832_c67f673a1e_z.jpg	Attribution-NonCommercial-ShareAlike License
3964	72203	http://farm3.staticflickr.com/2640/4069758866_73696a2bee_z.jpg	Attribution-ShareAlike License
3965	337133	http://farm3.staticflickr.com/2742/4091254299_1a34b91cb5_z.jpg	Attribution-NonCommercial-ShareAlike License
3966	567288	http://farm5.staticflickr.com/4042/4692220044_7a9db8a0e1_z.jpg	Attribution-NonCommercial-ShareAlike License
3967	391203	http://farm5.staticflickr.com/4079/4761912358_a327bbe2f2_z.jpg	Attribution-NonCommercial-ShareAlike License
3970	467315	http://farm3.staticflickr.com/2780/4282449615_6b5178eb26_z.jpg	Attribution-NonCommercial-NoDerivs License
3971	462151	http://farm1.staticflickr.com/146/358219193_a5e9ac133b_z.jpg	Attribution-NonCommercial License
3972	311220	http://farm6.staticflickr.com/5341/8816081357_b8e96b799a_z.jpg	Attribution-NonCommercial-NoDerivs License
3973	98746	http://farm9.staticflickr.com/8119/8693511580_87200084fc_z.jpg	Attribution License
3974	303935	http://farm6.staticflickr.com/5329/8847595808_d863cb570d_z.jpg	Attribution-ShareAlike License
3975	518517	http://farm2.staticflickr.com/1231/544055490_9e8be5aa31_z.jpg	Attribution-NonCommercial-ShareAlike License
3979	93156	http://farm4.staticflickr.com/3662/3662014372_007bc4661b_z.jpg	Attribution-NonCommercial-NoDerivs License
3980	260826	http://farm4.staticflickr.com/3618/3393017789_5bdcce79e1_z.jpg	Attribution-NoDerivs License
3981	781	http://farm8.staticflickr.com/7417/8928564008_fc3b887ed4_z.jpg	Attribution-NonCommercial-NoDerivs License
3983	174406	http://farm4.staticflickr.com/3054/3006902331_c439c8baa4_z.jpg	Attribution-NonCommercial License
3984	364028	http://farm9.staticflickr.com/8480/8152321586_0b13414c0e_z.jpg	Attribution-ShareAlike License
3985	113049	http://farm8.staticflickr.com/7318/9414472096_16acf0ebbe_z.jpg	Attribution License
3987	130226	http://farm1.staticflickr.com/27/94501078_72074e35a8_z.jpg	Attribution License
3988	472088	http://farm3.staticflickr.com/2638/3713360619_802be6b894_z.jpg	Attribution-NonCommercial-ShareAlike License
3989	27969	http://farm9.staticflickr.com/8503/8399094687_0f1eb4cbca_z.jpg	Attribution-ShareAlike License
3993	539174	http://farm4.staticflickr.com/3174/3073066774_c3b27f3574_z.jpg	Attribution-NonCommercial-NoDerivs License
3994	358462	http://farm9.staticflickr.com/8314/8060315254_6242cd6acf_z.jpg	Attribution-NonCommercial License
3995	165930	http://farm3.staticflickr.com/2156/2053115390_f373c7881e_z.jpg	Attribution License
3998	151387	http://farm1.staticflickr.com/92/240576819_600a358ff2_z.jpg	Attribution-NonCommercial-NoDerivs License
3999	239552	http://farm8.staticflickr.com/7035/6734330479_1082625075_z.jpg	Attribution-NonCommercial-ShareAlike License
4000	287737	http://farm9.staticflickr.com/8471/8102649474_5da8c7bb55_z.jpg	Attribution-NonCommercial License
4001	526940	http://farm3.staticflickr.com/2761/4341735939_ee70b00b97_z.jpg	Attribution License
4004	117784	http://farm3.staticflickr.com/2013/1681705844_dd665a2047_z.jpg	Attribution License
4005	266912	http://farm5.staticflickr.com/4116/4743032557_82b53a97ca_z.jpg	Attribution-NoDerivs License
4006	311890	http://farm6.staticflickr.com/5485/9672013376_41d8c58a22_z.jpg	Attribution License
4009	483564	http://farm2.staticflickr.com/1203/1120457623_7beb87b407_z.jpg	Attribution-NonCommercial-NoDerivs License
4010	334011	http://farm9.staticflickr.com/8248/8455922971_a82be21d5b_z.jpg	Attribution License
4011	361375	http://farm9.staticflickr.com/8361/8257238375_61293927f3_z.jpg	Attribution-NoDerivs License
4012	297200	http://farm8.staticflickr.com/7244/7180850589_075f324b57_z.jpg	Attribution-NoDerivs License
4014	572475	http://farm4.staticflickr.com/3481/3193289353_3c77fc571f_z.jpg	Attribution-NonCommercial-NoDerivs License
4015	25807	http://farm4.staticflickr.com/3782/8936529140_9684429c6b_z.jpg	Attribution License
4016	160185	http://farm9.staticflickr.com/8307/7812612298_9496717f60_z.jpg	Attribution-NonCommercial-NoDerivs License
4018	414032	http://farm5.staticflickr.com/4036/4255843057_dec1ea1da1_z.jpg	Attribution-NonCommercial-ShareAlike License
4019	551418	http://farm7.staticflickr.com/6168/6190175633_489f3d7536_z.jpg	Attribution-NonCommercial License
4020	296289	http://farm6.staticflickr.com/5139/5549907493_2f96656c1e_z.jpg	Attribution-NonCommercial-ShareAlike License
4022	285498	http://farm7.staticflickr.com/6194/6076993267_f2decb3e78_z.jpg	Attribution-NonCommercial License
4024	241204	http://farm6.staticflickr.com/5154/5845933218_40d578380a_z.jpg	Attribution License
4025	306949	http://farm4.staticflickr.com/3193/2456218687_79503a96d4_z.jpg	Attribution-NonCommercial-NoDerivs License
4026	98116	http://farm6.staticflickr.com/5240/7209143558_1917393581_z.jpg	Attribution-NonCommercial-NoDerivs License
4027	428375	http://farm9.staticflickr.com/8197/8273764354_02bc4329eb_z.jpg	Attribution-NonCommercial-ShareAlike License
4028	555900	http://farm5.staticflickr.com/4049/4308100095_de2b376581_z.jpg	Attribution-NonCommercial-ShareAlike License
4030	405104	http://farm4.staticflickr.com/3562/3366402863_f300012501_z.jpg	Attribution License
4031	96925	http://farm8.staticflickr.com/7228/7292332288_5d0d84bd43_z.jpg	Attribution-NonCommercial-ShareAlike License
4033	460287	http://farm4.staticflickr.com/3030/2548746964_1cbb37e799_z.jpg	Attribution-NonCommercial-NoDerivs License
4034	296567	http://farm5.staticflickr.com/4077/4933542666_73b91c702f_z.jpg	Attribution-NonCommercial-ShareAlike License
4035	489622	http://farm9.staticflickr.com/8027/7586345672_1f5733a05f_z.jpg	Attribution-NonCommercial-ShareAlike License
4038	416911	http://farm4.staticflickr.com/3727/9381267194_716d98a46e_z.jpg	Attribution-NonCommercial-NoDerivs License
4039	492937	http://farm9.staticflickr.com/8215/8413523703_f60308df73_z.jpg	Attribution-NonCommercial-NoDerivs License
4041	495626	http://farm1.staticflickr.com/48/131364607_433f149962_z.jpg	Attribution-NonCommercial License
4042	67004	http://farm1.staticflickr.com/106/311810356_00149da97e_z.jpg	Attribution-NonCommercial-NoDerivs License
4043	289621	http://farm1.staticflickr.com/3/6123112_8116161896_z.jpg	Attribution License
4044	437283	http://farm4.staticflickr.com/3786/9424495210_1b0735b7cb_z.jpg	Attribution-ShareAlike License
4045	453757	http://farm9.staticflickr.com/8494/8270523575_ee342c8bd3_z.jpg	Attribution-NonCommercial License
4046	574232	http://farm3.staticflickr.com/2080/2239524726_5963b73c12_z.jpg	Attribution-ShareAlike License
4048	253148	http://farm5.staticflickr.com/4097/4937425967_b377d3e0e1_z.jpg	Attribution-NonCommercial-ShareAlike License
4049	195073	http://farm7.staticflickr.com/6064/6085750298_35fe0529f8_z.jpg	Attribution License
4050	181511	http://farm3.staticflickr.com/2530/3972432850_37e18e414c_z.jpg	Attribution-NonCommercial-ShareAlike License
4051	268646	http://farm9.staticflickr.com/8285/7727645324_0b5f450b69_z.jpg	Attribution-NonCommercial License
4052	235316	http://farm6.staticflickr.com/5338/9047262554_41e22f3536_z.jpg	Attribution-NoDerivs License
4053	114801	http://farm2.staticflickr.com/1143/5138071473_9f2e23b175_z.jpg	Attribution-NonCommercial-ShareAlike License
4054	350107	http://farm6.staticflickr.com/5468/9940898663_fd1a69df5b_z.jpg	Attribution-NonCommercial License
4055	330671	http://farm5.staticflickr.com/4092/5037657801_951cf26144_z.jpg	Attribution-NonCommercial-NoDerivs License
4056	344945	http://farm6.staticflickr.com/5129/5347667236_8d58bf5044_z.jpg	Attribution-NonCommercial-ShareAlike License
4057	293346	http://farm2.staticflickr.com/1386/1478666664_17c8c76c16_z.jpg	Attribution-NonCommercial-NoDerivs License
4058	349725	http://farm3.staticflickr.com/2696/4437390570_3bd2a2b562_z.jpg	Attribution License
4059	373266	http://farm4.staticflickr.com/3568/3820972372_1a95dc6335_z.jpg	Attribution-NonCommercial-ShareAlike License
4060	229525	http://farm9.staticflickr.com/8450/7979657567_77b61678e9_z.jpg	Attribution License
4061	4535	http://farm8.staticflickr.com/7322/9169593470_0da6c79cc0_z.jpg	Attribution-NonCommercial-ShareAlike License
4062	487404	http://farm9.staticflickr.com/8419/10178707806_e7cf0b76e5_z.jpg	Attribution-NonCommercial-NoDerivs License
4063	327055	http://farm7.staticflickr.com/6171/6248490814_bc566ea58b_z.jpg	Attribution-NonCommercial-ShareAlike License
4064	153692	http://farm9.staticflickr.com/8071/8288873861_a24b6b421a_z.jpg	Attribution-NonCommercial-ShareAlike License
4065	60970	http://farm6.staticflickr.com/5105/5635621333_6859be7cc7_z.jpg	Attribution-NonCommercial-NoDerivs License
4066	463432	http://farm4.staticflickr.com/3732/9529206853_65d8a44ebe_z.jpg	Attribution-NonCommercial-NoDerivs License
4068	322844	http://farm5.staticflickr.com/4001/4576146035_bc06423687_z.jpg	Attribution-NonCommercial-ShareAlike License
4069	469034	http://farm4.staticflickr.com/3051/2389905944_70ce379c96_z.jpg	Attribution-NonCommercial-NoDerivs License
4071	181169	http://farm6.staticflickr.com/5307/5587907181_4ca4c94d78_z.jpg	Attribution-NonCommercial-NoDerivs License
4072	5313	http://farm8.staticflickr.com/7303/9789463724_8fbc4f8b79_z.jpg	Attribution License
4073	37396	http://farm5.staticflickr.com/4143/4930401827_7b9014fbd0_z.jpg	Attribution-NonCommercial-ShareAlike License
4078	79955	http://farm4.staticflickr.com/3314/3637561824_571d5e8639_z.jpg	Attribution-ShareAlike License
4080	57481	http://farm1.staticflickr.com/71/157902230_86777d9d17_z.jpg	Attribution License
4081	385858	http://farm4.staticflickr.com/3136/2459690369_0962a6a2e3_z.jpg	Attribution-NonCommercial-NoDerivs License
4083	76588	http://farm9.staticflickr.com/8313/8018401818_5eecf6b36e_z.jpg	Attribution-NonCommercial-NoDerivs License
4085	447795	http://farm9.staticflickr.com/8200/8221102649_7d4702c039_z.jpg	Attribution-NonCommercial-ShareAlike License
4086	479452	http://farm8.staticflickr.com/7161/6758288423_cdcf9d5e1d_z.jpg	Attribution-NoDerivs License
4087	42700	http://farm3.staticflickr.com/2691/4459621841_e6c8a39d7a_z.jpg	Attribution-NonCommercial-NoDerivs License
4088	136780	http://farm7.staticflickr.com/6025/5973465246_f08a463911_z.jpg	Attribution License
4089	232455	http://farm9.staticflickr.com/8355/8308309017_d7b22a027a_z.jpg	Attribution-NonCommercial-ShareAlike License
4091	117095	http://farm1.staticflickr.com/106/312265091_305fcf1f55_z.jpg	Attribution-NonCommercial-NoDerivs License
4092	330676	http://farm1.staticflickr.com/27/58022832_c67f673a1e_z.jpg	Attribution-NonCommercial-ShareAlike License
4095	163917	http://farm1.staticflickr.com/167/415605679_f0d9f5a2a2_z.jpg	Attribution-NonCommercial-ShareAlike License
4096	580121	http://farm5.staticflickr.com/4121/4916576083_fb27c88df2_z.jpg	Attribution-NonCommercial-ShareAlike License
4097	577556	http://farm3.staticflickr.com/2860/9801873663_6e64d9d793_z.jpg	Attribution-NonCommercial-ShareAlike License
4098	576754	http://farm4.staticflickr.com/3156/2658884501_bdf496042f_z.jpg	Attribution License
4100	232676	http://farm6.staticflickr.com/5113/5853061895_3971aa392e_z.jpg	Attribution License
4102	531596	http://farm3.staticflickr.com/2590/4008355519_75a049c072_z.jpg	Attribution License
4103	433103	http://farm8.staticflickr.com/7169/6771617469_cb52603210_z.jpg	Attribution-ShareAlike License
4106	110395	http://farm3.staticflickr.com/2606/3730356795_ceb5d57d59_z.jpg	Attribution-NonCommercial-NoDerivs License
4110	277203	http://farm9.staticflickr.com/8142/7280395068_ec53d382c8_z.jpg	Attribution-NoDerivs License
4111	280176	http://farm5.staticflickr.com/4004/4185402697_10030643da_z.jpg	Attribution-NoDerivs License
4112	87230	http://farm4.staticflickr.com/3239/3061715795_dee93dcdb4_z.jpg	Attribution-ShareAlike License
4115	121241	http://farm6.staticflickr.com/5142/5655642379_16c7ddb1b5_z.jpg	Attribution-NonCommercial-NoDerivs License
4116	347819	http://farm4.staticflickr.com/3594/3373554656_50796ddb42_z.jpg	Attribution-NonCommercial License
4117	153380	http://farm3.staticflickr.com/2814/9659587255_770010cc75_z.jpg	Attribution License
4118	393724	http://farm6.staticflickr.com/5296/5529550331_8467895fa2_z.jpg	Attribution License
4120	523711	http://farm4.staticflickr.com/3097/2730547938_26a22980f6_z.jpg	Attribution-NonCommercial-ShareAlike License
4121	215586	http://farm1.staticflickr.com/204/447060853_7959c10672_z.jpg	Attribution License
4122	419571	http://farm4.staticflickr.com/3531/3196434100_59481334d0_z.jpg	Attribution-NonCommercial-NoDerivs License
4124	155388	http://farm3.staticflickr.com/2344/1717045471_ee204e5f60_z.jpg	Attribution-NonCommercial-NoDerivs License
4126	286912	http://farm3.staticflickr.com/2628/3677182201_751d9a0ef6_z.jpg	Attribution License
4127	150254	http://farm3.staticflickr.com/2069/2036926926_ee9d34d88d_z.jpg	Attribution-NonCommercial-NoDerivs License
4128	339210	http://farm2.staticflickr.com/1193/5109026613_b7627ef68f_z.jpg	Attribution-ShareAlike License
4130	434662	http://farm5.staticflickr.com/4111/5067946776_d9511119c9_z.jpg	Attribution-NonCommercial-ShareAlike License
4131	421744	http://farm7.staticflickr.com/6072/6034845779_e21d790ed2_z.jpg	Attribution License
4132	282900	http://farm9.staticflickr.com/8228/8443408303_2017df4f77_z.jpg	Attribution-ShareAlike License
4133	197169	http://farm9.staticflickr.com/8050/8146831564_165e7fee3d_z.jpg	Attribution-NonCommercial-ShareAlike License
4135	157825	http://farm9.staticflickr.com/8426/7742985352_3e4efb37da_z.jpg	Attribution-NonCommercial-ShareAlike License
4137	581351	http://farm4.staticflickr.com/3738/9562837894_00c725cfb1_z.jpg	Attribution-NoDerivs License
4143	554364	http://farm7.staticflickr.com/6148/6209252334_db1c2a7c0e_z.jpg	Attribution-NonCommercial-ShareAlike License
4144	533377	http://farm6.staticflickr.com/5232/5858941290_3281610048_z.jpg	Attribution-NonCommercial-NoDerivs License
4145	233956	http://farm3.staticflickr.com/2851/9572425241_89bd03552e_z.jpg	Attribution License
4146	170937	http://farm8.staticflickr.com/7393/8761176146_181b0e165a_z.jpg	Attribution-ShareAlike License
4147	555294	http://farm3.staticflickr.com/2463/3548418407_0bda2ce7f3_z.jpg	Attribution-NoDerivs License
4148	516570	http://farm4.staticflickr.com/3147/2544048280_4fcd7467ca_z.jpg	Attribution-NonCommercial License
4150	555307	http://farm6.staticflickr.com/5458/9495297684_c26c2005e6_z.jpg	Attribution-NonCommercial License
4152	238459	http://farm9.staticflickr.com/8095/8506719472_923b934494_z.jpg	Attribution-NoDerivs License
4154	157221	http://farm5.staticflickr.com/4109/5607911310_1d3f45ccec_z.jpg	Attribution-NonCommercial License
4155	363940	http://farm9.staticflickr.com/8223/8253870319_5b93a182b6_z.jpg	Attribution License
4156	153692	http://farm9.staticflickr.com/8071/8288873861_a24b6b421a_z.jpg	Attribution-NonCommercial-ShareAlike License
4157	513361	http://farm9.staticflickr.com/8427/7796058394_526917a9b3_z.jpg	Attribution-NonCommercial-ShareAlike License
4158	516542	http://farm3.staticflickr.com/2715/4134077508_3a0f39f7a3_z.jpg	Attribution License
4160	558840	http://farm5.staticflickr.com/4045/4488509035_29a34e4f32_z.jpg	Attribution-NonCommercial-ShareAlike License
4161	115616	http://farm5.staticflickr.com/4105/5033556567_ab79f23251_z.jpg	Attribution-NonCommercial-NoDerivs License
4162	317325	http://farm4.staticflickr.com/3318/3561760797_6b847f14af_z.jpg	Attribution-NonCommercial License
4163	378147	http://farm4.staticflickr.com/3558/3488366239_1712c6701e_z.jpg	Attribution-NonCommercial-ShareAlike License
4164	517115	http://farm4.staticflickr.com/3087/3218576314_1bbbb89bf6_z.jpg	Attribution-NonCommercial-NoDerivs License
4168	355458	http://farm4.staticflickr.com/3308/3471261337_580e54f6bb_z.jpg	Attribution-NonCommercial-ShareAlike License
4169	65426	http://farm4.staticflickr.com/3221/2712350241_5b4cc31394_z.jpg	Attribution-NonCommercial-ShareAlike License
4172	311220	http://farm6.staticflickr.com/5341/8816081357_b8e96b799a_z.jpg	Attribution-NonCommercial-NoDerivs License
4174	288982	http://farm8.staticflickr.com/7148/6508391073_2e30759f52_z.jpg	Attribution License
4175	205108	http://farm9.staticflickr.com/8133/8872147244_242b36d180_z.jpg	Attribution-NonCommercial-ShareAlike License
4177	72912	http://farm4.staticflickr.com/3130/2515107890_9e674a3fe8_z.jpg	Attribution-NonCommercial License
4178	67655	http://farm9.staticflickr.com/8330/8078509038_5faae3dd20_z.jpg	Attribution-NonCommercial-NoDerivs License
4179	65271	http://farm8.staticflickr.com/7275/6880913294_5ab433ca9a_z.jpg	Attribution-NonCommercial-ShareAlike License
4181	408177	http://farm9.staticflickr.com/8533/8803768406_05d376d0f0_z.jpg	Attribution-ShareAlike License
4182	52010	http://farm4.staticflickr.com/3091/2912806680_6799c6cdd5_z.jpg	Attribution License
4183	10346	http://farm4.staticflickr.com/3498/3456906266_7257a4a061_z.jpg	Attribution-NoDerivs License
4186	130712	http://farm9.staticflickr.com/8492/8300431347_79f0de76e5_z.jpg	Attribution-ShareAlike License
4187	544597	http://farm4.staticflickr.com/3292/4560753622_ac96d9334f_z.jpg	Attribution-NonCommercial-NoDerivs License
4189	384626	http://farm4.staticflickr.com/3135/3013425326_5a34e4c379_z.jpg	Attribution-NonCommercial-NoDerivs License
4190	310085	http://farm4.staticflickr.com/3096/3219115441_7b47ac3bbf_z.jpg	Attribution-NonCommercial License
4191	161071	http://farm5.staticflickr.com/4083/5001129476_0a76b211e2_z.jpg	Attribution-NonCommercial-NoDerivs License
4192	327586	http://farm5.staticflickr.com/4022/4555757588_ba00771357_z.jpg	Attribution-NonCommercial-ShareAlike License
4195	463739	http://farm8.staticflickr.com/7007/6712527933_798ae16161_z.jpg	Attribution-NonCommercial License
4201	286190	http://farm4.staticflickr.com/3121/3089008097_9b12113b05_z.jpg	Attribution-NonCommercial License
4204	495626	http://farm1.staticflickr.com/48/131364607_433f149962_z.jpg	Attribution-NonCommercial License
4205	147873	http://farm9.staticflickr.com/8251/8565333467_8793cf8ccc_z.jpg	Attribution-NonCommercial-NoDerivs License
4209	323737	http://farm9.staticflickr.com/8538/8708251781_d678d8f28e_z.jpg	Attribution-NonCommercial-ShareAlike License
4216	549649	http://farm4.staticflickr.com/3269/2979860425_beb5b9618e_z.jpg	Attribution-NonCommercial-ShareAlike License
4217	456478	http://farm1.staticflickr.com/172/395305123_2656451246_z.jpg	Attribution License
4218	464909	http://farm8.staticflickr.com/7043/6920550756_b0bc609692_z.jpg	Attribution-NonCommercial-ShareAlike License
4220	37968	http://farm4.staticflickr.com/3117/2609420064_0b45d07a97_z.jpg	Attribution-NonCommercial-NoDerivs License
4222	577821	http://farm9.staticflickr.com/8448/7979211072_cdbf555f05_z.jpg	Attribution License
4223	541631	http://farm5.staticflickr.com/4051/4623155367_5c4af07f2e_z.jpg	Attribution-NonCommercial License
4224	403746	http://farm4.staticflickr.com/3573/3843373568_2df6420584_z.jpg	Attribution-ShareAlike License
4226	168741	http://farm4.staticflickr.com/3344/3432786554_3fc77cb3e9_z.jpg	Attribution-NonCommercial-ShareAlike License
4227	454731	http://farm8.staticflickr.com/7022/6805987153_30f155327d_z.jpg	Attribution-NonCommercial License
4228	251608	http://farm6.staticflickr.com/5180/5483377116_09946c0bc4_z.jpg	Attribution-NoDerivs License
4229	331868	http://farm9.staticflickr.com/8058/8255321115_be9bc845b3_z.jpg	Attribution-NonCommercial-NoDerivs License
4230	25807	http://farm4.staticflickr.com/3782/8936529140_9684429c6b_z.jpg	Attribution License
4231	284015	http://farm4.staticflickr.com/3185/3059751201_0af90acd50_z.jpg	Attribution-NonCommercial-NoDerivs License
4233	468981	http://farm9.staticflickr.com/8390/8484439400_d2686e5b50_z.jpg	Attribution-NonCommercial License
4235	68874	http://farm5.staticflickr.com/4021/4343054380_4c723c5611_z.jpg	Attribution-NonCommercial-NoDerivs License
4238	318631	http://farm4.staticflickr.com/3177/2968353654_e4c04518ff_z.jpg	Attribution-NonCommercial-ShareAlike License
4239	81966	http://farm9.staticflickr.com/8429/7567442814_4b0fc55c21_z.jpg	Attribution-ShareAlike License
4240	324999	http://farm5.staticflickr.com/4104/5012567463_852cdc9d1d_z.jpg	Attribution-NonCommercial License
4242	461092	http://farm4.staticflickr.com/3351/3613016197_db6f525c00_z.jpg	Attribution-NonCommercial-ShareAlike License
4243	473118	http://farm4.staticflickr.com/3035/3099792592_577943526e_z.jpg	Attribution-NonCommercial-ShareAlike License
4244	335132	http://farm4.staticflickr.com/3419/3183337206_c69f71dca3_z.jpg	Attribution-NonCommercial-NoDerivs License
4245	337443	http://farm1.staticflickr.com/22/25404104_782bb8be55_z.jpg	Attribution-NonCommercial License
4246	382971	http://farm4.staticflickr.com/3791/9508716881_baff4978e5_z.jpg	Attribution License
4247	199992	http://farm4.staticflickr.com/3157/2993189181_80bdab8873_z.jpg	Attribution-NonCommercial License
4248	510676	http://farm8.staticflickr.com/7414/10063683454_09006960c8_z.jpg	Attribution-NonCommercial-NoDerivs License
4251	104621	http://farm8.staticflickr.com/7290/8993578092_cc8b718266_z.jpg	Attribution-NoDerivs License
4253	482784	http://farm5.staticflickr.com/4029/4427751901_06cbc0bcb3_z.jpg	Attribution-NonCommercial-ShareAlike License
4254	293346	http://farm2.staticflickr.com/1386/1478666664_17c8c76c16_z.jpg	Attribution-NonCommercial-NoDerivs License
4255	29875	http://farm4.staticflickr.com/3351/3590621017_9d6e9a8b1c_z.jpg	Attribution-NonCommercial-NoDerivs License
4256	135989	http://farm3.staticflickr.com/2800/4554158886_56bcd579d9_z.jpg	Attribution-NonCommercial-ShareAlike License
4258	200446	http://farm1.staticflickr.com/143/407449300_210554735a_z.jpg	Attribution-NonCommercial-ShareAlike License
4259	7524	http://farm5.staticflickr.com/4108/5049480047_23fc947e02_z.jpg	Attribution-NonCommercial-ShareAlike License
4260	29506	http://farm9.staticflickr.com/8372/8558986754_4742d047f1_z.jpg	Attribution-NonCommercial-NoDerivs License
4261	463739	http://farm8.staticflickr.com/7007/6712527933_798ae16161_z.jpg	Attribution-NonCommercial License
4262	44668	http://farm6.staticflickr.com/5022/5628762003_e28b5491e1_z.jpg	Attribution-NonCommercial-NoDerivs License
4263	150385	http://farm3.staticflickr.com/2042/2337671056_c0840476e9_z.jpg	Attribution-NonCommercial-ShareAlike License
4265	236294	http://farm3.staticflickr.com/2518/4097778608_774f90cfbc_z.jpg	Attribution-NonCommercial-ShareAlike License
4266	110761	http://farm5.staticflickr.com/4085/4991622084_b842718a1b_z.jpg	Attribution-NonCommercial-NoDerivs License
4267	435883	http://farm5.staticflickr.com/4141/4799611541_2d702f4180_z.jpg	Attribution-NonCommercial-NoDerivs License
4268	537395	http://farm8.staticflickr.com/7119/7497880220_99f2ee70da_z.jpg	Attribution-NonCommercial License
4269	173553	http://farm3.staticflickr.com/2597/3841086357_4bcc668cd5_z.jpg	Attribution-NonCommercial-NoDerivs License
4270	88895	http://farm3.staticflickr.com/2670/4245315084_a22992f1e1_z.jpg	Attribution-NonCommercial-NoDerivs License
4271	382643	http://farm6.staticflickr.com/5142/5615523102_1987f3655d_z.jpg	Attribution-NonCommercial-ShareAlike License
4273	264884	http://farm4.staticflickr.com/3269/5811668292_76ec355fc7_z.jpg	Attribution-NonCommercial-NoDerivs License
4276	117117	http://farm1.staticflickr.com/49/136347895_3c40efe16d_z.jpg	Attribution-NonCommercial-ShareAlike License
4279	45335	http://farm3.staticflickr.com/2139/2189172860_a50c00159e_z.jpg	Attribution-NonCommercial-NoDerivs License
4281	492878	http://farm5.staticflickr.com/4074/4853968972_dfb8b372ed_z.jpg	Attribution-NonCommercial-ShareAlike License
4282	246759	http://farm9.staticflickr.com/8051/8395147118_c5b1933748_z.jpg	Attribution-NoDerivs License
4283	156527	http://farm4.staticflickr.com/3497/4048383795_9ecac3fc87_z.jpg	Attribution-NonCommercial-ShareAlike License
4284	276244	http://farm4.staticflickr.com/3284/3157431629_4fe5b2e859_z.jpg	Attribution License
4285	413984	http://farm8.staticflickr.com/7134/6948588296_923a929a4c_z.jpg	Attribution-NoDerivs License
4286	10600	http://farm8.staticflickr.com/7099/7268204794_3dc2932a46_z.jpg	Attribution License
4287	380651	http://farm1.staticflickr.com/90/214764397_9509d47b15_z.jpg	Attribution-ShareAlike License
4288	215231	http://farm5.staticflickr.com/4087/5059799105_791967844c_z.jpg	Attribution-NonCommercial-ShareAlike License
4290	461501	http://farm9.staticflickr.com/8023/7283867096_92ac9d8968_z.jpg	Attribution License
4291	26564	http://farm1.staticflickr.com/51/149499288_0eb1172e1d_z.jpg	Attribution-NonCommercial-NoDerivs License
4292	153530	http://farm4.staticflickr.com/3621/3561068054_9a0fd14858_z.jpg	Attribution-NonCommercial-ShareAlike License
4293	216278	http://farm9.staticflickr.com/8240/8536700200_6b94b17f6a_z.jpg	Attribution License
4295	352684	http://farm8.staticflickr.com/7150/6442776257_d51029651f_z.jpg	Attribution-ShareAlike License
4296	509503	http://farm1.staticflickr.com/31/48066008_123e5b8742_z.jpg	Attribution-NonCommercial-ShareAlike License
4298	126030	http://farm8.staticflickr.com/7058/6921702005_6d95b9dc93_z.jpg	Attribution License
4301	390395	http://farm1.staticflickr.com/119/288987919_623006557d_z.jpg	Attribution License
4303	65427	http://farm4.staticflickr.com/3433/3381074936_d5091dd9f3_z.jpg	Attribution-NonCommercial-NoDerivs License
4306	453584	http://farm9.staticflickr.com/8042/8038326164_4d6db31f9e_z.jpg	Attribution-NonCommercial-ShareAlike License
4307	187384	http://farm1.staticflickr.com/222/460142255_d3c4f73f2f_z.jpg	Attribution-ShareAlike License
4308	513389	http://farm4.staticflickr.com/3121/2815412922_99bf40d468_z.jpg	Attribution-NonCommercial-ShareAlike License
4309	448671	http://farm3.staticflickr.com/2535/3820307657_dc95893c00_z.jpg	Attribution License
4310	362768	http://farm9.staticflickr.com/8427/7793342994_e6b7cb5901_z.jpg	Attribution-NoDerivs License
4311	217141	http://farm3.staticflickr.com/2886/9477861729_85b64e011d_z.jpg	Attribution-NonCommercial-ShareAlike License
4312	139594	http://farm1.staticflickr.com/195/522385667_13aab85290_z.jpg	Attribution-NonCommercial-NoDerivs License
4313	392523	http://farm4.staticflickr.com/3490/3880905482_1d92a98aaf_z.jpg	Attribution-NonCommercial-NoDerivs License
4316	545361	http://farm2.staticflickr.com/1089/1380754295_6ef8d1c535_z.jpg	Attribution-NonCommercial-NoDerivs License
4317	48204	http://farm4.staticflickr.com/3618/3681339797_9f20213567_z.jpg	Attribution-NonCommercial-ShareAlike License
4318	16897	http://farm3.staticflickr.com/2839/9612113848_f01525caaf_z.jpg	Attribution-NonCommercial-ShareAlike License
4319	442929	http://farm2.staticflickr.com/1213/642309318_a202ccc14a_z.jpg	Attribution-NonCommercial-ShareAlike License
4320	501348	http://farm7.staticflickr.com/6041/6239324140_e4eb82ea98_z.jpg	Attribution License
4321	569298	http://farm6.staticflickr.com/5215/5408925780_89d7434fca_z.jpg	Attribution-NoDerivs License
4322	291921	http://farm9.staticflickr.com/8543/8613667511_c39ed9a341_z.jpg	Attribution-NonCommercial License
4323	581062	http://farm4.staticflickr.com/3582/3328164554_6765a03a6a_z.jpg	Attribution-NonCommercial-ShareAlike License
4324	578596	http://farm4.staticflickr.com/3277/2551447425_e003a794cc_z.jpg	Attribution-ShareAlike License
4325	573388	http://farm9.staticflickr.com/8524/8460779168_d9c5cdcae5_z.jpg	Attribution-ShareAlike License
4326	402705	http://farm6.staticflickr.com/5132/5430721056_6339fc9f62_z.jpg	Attribution License
4327	464842	http://farm8.staticflickr.com/7094/7249505728_3cf926d9a3_z.jpg	Attribution-NonCommercial License
4328	354821	http://farm3.staticflickr.com/2608/4058807606_f6c12128a9_z.jpg	Attribution-NonCommercial License
4329	367011	http://farm4.staticflickr.com/3735/9370500127_40c61feccd_z.jpg	Attribution-NonCommercial-ShareAlike License
4330	97243	http://farm3.staticflickr.com/2811/9772574702_c78b0854f3_z.jpg	Attribution-ShareAlike License
4331	298732	http://farm8.staticflickr.com/7158/6802792601_5e57a4d557_z.jpg	Attribution-NonCommercial License
4339	290436	http://farm4.staticflickr.com/3704/9482331081_d1999d6949_z.jpg	Attribution-NonCommercial-ShareAlike License
4340	514241	http://farm5.staticflickr.com/4011/4213856619_5c6c8e6eff_z.jpg	Attribution-NonCommercial-NoDerivs License
4341	153134	http://farm9.staticflickr.com/8440/7951427096_85f95cec41_z.jpg	Attribution-NonCommercial-ShareAlike License
4343	247826	http://farm2.staticflickr.com/1434/1470955443_7ebc8832bc_z.jpg	Attribution-NonCommercial-ShareAlike License
4345	44960	http://farm7.staticflickr.com/6159/6181076006_2b23552503_z.jpg	Attribution-NonCommercial-NoDerivs License
4346	350825	http://farm6.staticflickr.com/5023/5725587876_4f26d70bd7_z.jpg	Attribution License
4347	299444	http://farm9.staticflickr.com/8069/8247671880_4c9eab4f3c_z.jpg	Attribution-NonCommercial License
4348	205451	http://farm7.staticflickr.com/6088/6209785606_a9e155a158_z.jpg	Attribution-NonCommercial-ShareAlike License
4349	1490	http://farm9.staticflickr.com/8523/8624108829_4e9c77d2d5_z.jpg	Attribution-NonCommercial License
4350	471508	http://farm6.staticflickr.com/5252/5477847935_8ea0033450_z.jpg	Attribution-NonCommercial License
4351	237093	http://farm1.staticflickr.com/1/128138695_45a902f0cf_z.jpg	Attribution-ShareAlike License
4352	298994	http://farm8.staticflickr.com/7090/7250359726_946ca04a0b_z.jpg	Attribution-NonCommercial-NoDerivs License
4353	29005	http://farm3.staticflickr.com/2286/2228341200_e63d5b4ede_z.jpg	Attribution-ShareAlike License
4354	389617	http://farm1.staticflickr.com/4/6248856_ace3341296_z.jpg	Attribution-NonCommercial-NoDerivs License
4355	327964	http://farm9.staticflickr.com/8240/8458635568_926feb2d18_z.jpg	Attribution License
4356	539270	http://farm2.staticflickr.com/1177/882108922_fa7f8b1b70_z.jpg	Attribution-NonCommercial-NoDerivs License
4357	32760	http://farm8.staticflickr.com/7018/6504071945_98ace458f1_z.jpg	Attribution-NonCommercial-ShareAlike License
4358	567439	http://farm4.staticflickr.com/3388/3659253482_76430abb75_z.jpg	Attribution-NonCommercial-ShareAlike License
4359	386116	http://farm5.staticflickr.com/4146/5063092682_f18e1b24fa_z.jpg	Attribution-ShareAlike License
4360	41128	http://farm9.staticflickr.com/8188/8143249720_8b9bfefb77_z.jpg	Attribution-NonCommercial-NoDerivs License
4364	198975	http://farm6.staticflickr.com/5346/8816018020_2c6704a0a1_z.jpg	Attribution-NonCommercial-ShareAlike License
4368	414320	http://farm5.staticflickr.com/4009/4291608788_bfdc754219_z.jpg	Attribution-NonCommercial License
4369	146111	http://farm2.staticflickr.com/1359/549473876_eb51d674f6_z.jpg	Attribution-ShareAlike License
4370	507334	http://farm5.staticflickr.com/4053/4581644535_04e5803352_z.jpg	Attribution-NonCommercial-NoDerivs License
4371	163991	http://farm9.staticflickr.com/8195/8112726187_a613ef2a03_z.jpg	Attribution-NoDerivs License
4372	544819	http://farm4.staticflickr.com/3676/9207204275_52cccd8ec8_z.jpg	Attribution-NonCommercial-NoDerivs License
4374	260293	http://farm9.staticflickr.com/8263/8811545392_87fe0beb2a_z.jpg	Attribution-NonCommercial-ShareAlike License
4375	149221	http://farm7.staticflickr.com/6175/6184322494_9a179070da_z.jpg	Attribution-NonCommercial-NoDerivs License
4376	123545	http://farm4.staticflickr.com/3117/2906616132_02c534f86a_z.jpg	Attribution-NonCommercial-ShareAlike License
4378	426269	http://farm3.staticflickr.com/2340/2127049045_c5eb2f3fd8_z.jpg	Attribution-NonCommercial-ShareAlike License
4380	220239	http://farm5.staticflickr.com/4040/4682153457_a84129a8be_z.jpg	Attribution-NonCommercial-ShareAlike License
4382	106047	http://farm4.staticflickr.com/3231/2734466946_89e7c96ef6_z.jpg	Attribution-NonCommercial-NoDerivs License
4383	288933	http://farm9.staticflickr.com/8170/8037824104_5a6c6d251f_z.jpg	Attribution License
4384	285418	http://farm2.staticflickr.com/1341/624980191_24886c9c13_z.jpg	Attribution-NonCommercial-NoDerivs License
4388	511734	http://farm9.staticflickr.com/8225/8500909347_5a7164bc27_z.jpg	Attribution-ShareAlike License
4389	403065	http://farm1.staticflickr.com/38/96962093_f4d2c1e61f_z.jpg	Attribution-NonCommercial-ShareAlike License
4390	24026	http://farm5.staticflickr.com/4028/4708469282_00771a49bb_z.jpg	Attribution-NonCommercial License
4391	127892	http://farm1.staticflickr.com/47/105814459_f764cb1478_z.jpg	Attribution-NonCommercial-NoDerivs License
4392	430369	http://farm6.staticflickr.com/5256/5548352690_b30e53ef10_z.jpg	Attribution-NonCommercial-NoDerivs License
4393	257232	http://farm3.staticflickr.com/2826/8967014741_aa07ac7201_z.jpg	Attribution-NonCommercial-NoDerivs License
4394	337095	http://farm1.staticflickr.com/49/171257708_768f77b69b_z.jpg	Attribution-NonCommercial-NoDerivs License
4395	324246	http://farm4.staticflickr.com/3576/3662561790_3dd9c1b693_z.jpg	Attribution-NoDerivs License
4396	262347	http://farm9.staticflickr.com/8026/7259486372_cfe7f54824_z.jpg	Attribution-NonCommercial-ShareAlike License
4397	396685	http://farm3.staticflickr.com/2141/2832082122_5dc871471a_z.jpg	Attribution-NonCommercial-NoDerivs License
4398	454502	http://farm9.staticflickr.com/8474/8114126016_9c7b5311fd_z.jpg	Attribution-NonCommercial-ShareAlike License
4399	124940	http://farm4.staticflickr.com/3209/2511828206_7662caa06c_z.jpg	Attribution-NonCommercial-ShareAlike License
4400	396269	http://farm4.staticflickr.com/3041/3043483615_61b88df5e3_z.jpg	Attribution-ShareAlike License
4401	394900	http://farm2.staticflickr.com/1032/562818786_e6818ec495_z.jpg	Attribution-NonCommercial-ShareAlike License
4402	70258	http://farm8.staticflickr.com/7333/8936989926_99b0a46a13_z.jpg	Attribution-NonCommercial-NoDerivs License
4403	560371	http://farm4.staticflickr.com/3081/2368167876_cb13e711e8_z.jpg	Attribution License
4404	478198	http://farm7.staticflickr.com/6159/6176900891_b93d6e9284_z.jpg	Attribution-NonCommercial-ShareAlike License
4405	555108	http://farm8.staticflickr.com/7074/7338700856_d4c03e94f2_z.jpg	Attribution-NonCommercial-NoDerivs License
4406	447861	http://farm8.staticflickr.com/7153/6747163623_7964245933_z.jpg	Attribution License
4407	22974	http://farm9.staticflickr.com/8488/8212385238_f59c4a9009_z.jpg	Attribution-ShareAlike License
4408	573169	http://farm3.staticflickr.com/2566/3803199823_6d26cc3fe7_z.jpg	Attribution-NonCommercial-ShareAlike License
4409	267823	http://farm1.staticflickr.com/33/55905361_8b6533ba70_z.jpg	Attribution-NonCommercial-ShareAlike License
4410	332736	http://farm9.staticflickr.com/8048/8131623194_f941aca75e_z.jpg	Attribution-ShareAlike License
4412	234522	http://farm6.staticflickr.com/5085/5347328452_844a58063b_z.jpg	Attribution-NonCommercial License
4414	356569	http://farm3.staticflickr.com/2264/2267997608_b5437f91f4_z.jpg	Attribution-NonCommercial-NoDerivs License
4417	214461	http://farm3.staticflickr.com/2348/1804959582_73350e07fb_z.jpg	Attribution-NonCommercial-NoDerivs License
4418	85945	http://farm5.staticflickr.com/4023/4365433803_ee942303c0_z.jpg	Attribution License
4420	343610	http://farm9.staticflickr.com/8487/8216577685_d6b7cf0372_z.jpg	Attribution-NonCommercial-ShareAlike License
4421	221973	http://farm9.staticflickr.com/8177/8026623076_76e930e21c_z.jpg	Attribution-NonCommercial License
4422	10179	http://farm3.staticflickr.com/2753/5765793056_50a8694618_z.jpg	Attribution-NonCommercial-NoDerivs License
4425	359104	http://farm1.staticflickr.com/6/5736078_d681f574af_z.jpg	Attribution-NonCommercial-ShareAlike License
4433	555939	http://farm9.staticflickr.com/8103/8493585622_e80bb1e4e9_z.jpg	Attribution-NonCommercial License
4434	117095	http://farm1.staticflickr.com/106/312265091_305fcf1f55_z.jpg	Attribution-NonCommercial-NoDerivs License
4435	505942	http://farm1.staticflickr.com/56/147795701_40d7bc8331_z.jpg	Attribution-NonCommercial-ShareAlike License
4437	315565	http://farm6.staticflickr.com/5208/5267483896_78e4bb0aaf_z.jpg	Attribution-NonCommercial-ShareAlike License
4441	210378	http://farm9.staticflickr.com/8411/8711734954_d41fb46501_z.jpg	Attribution-NonCommercial-NoDerivs License
4442	132773	http://farm6.staticflickr.com/5460/6947990492_a73cedbfb7_z.jpg	Attribution-NonCommercial-ShareAlike License
4443	53503	http://farm4.staticflickr.com/3151/2690907204_571e34af73_z.jpg	Attribution-NonCommercial-NoDerivs License
4444	419378	http://farm8.staticflickr.com/7241/7051087215_94a5c8d40e_z.jpg	Attribution-ShareAlike License
4445	252761	http://farm4.staticflickr.com/3044/2554702289_71d2e2ab74_z.jpg	Attribution-NonCommercial License
4451	156928	http://farm6.staticflickr.com/5546/9666528141_fb458f781a_z.jpg	Attribution License
4452	312199	http://farm5.staticflickr.com/4140/4783164501_139a47acdc_z.jpg	Attribution-NonCommercial License
4453	236049	http://farm5.staticflickr.com/4152/5203540136_e58abea17b_z.jpg	Attribution License
4454	418578	http://farm1.staticflickr.com/119/274974637_b65d397a1c_z.jpg	Attribution License
4455	341431	http://farm5.staticflickr.com/4018/4408489844_c44d0afcfd_z.jpg	Attribution-NonCommercial-NoDerivs License
4456	108557	http://farm3.staticflickr.com/2541/3682404656_c79daea9e3_z.jpg	No known copyright restrictions
4457	388020	http://farm8.staticflickr.com/7249/6887012636_c642dcd5b8_z.jpg	Attribution License
4459	537996	http://farm5.staticflickr.com/4053/4306666186_3a65d1f08c_z.jpg	Attribution License
4460	392319	http://farm3.staticflickr.com/2714/4161890043_52a1f22427_z.jpg	Attribution-NonCommercial-NoDerivs License
4461	67002	http://farm6.staticflickr.com/5445/9455753720_7fc682ca2a_z.jpg	Attribution-NonCommercial-ShareAlike License
4462	85390	http://farm4.staticflickr.com/3386/3330303863_e03e66420b_z.jpg	Attribution License
4463	33634	http://farm8.staticflickr.com/7330/8980588917_3583793b68_z.jpg	Attribution License
4464	60060	http://farm4.staticflickr.com/3770/9100953959_89895da1d8_z.jpg	Attribution-ShareAlike License
4465	487137	http://farm7.staticflickr.com/6234/6341252144_c29fa7fd81_z.jpg	Attribution-NonCommercial-ShareAlike License
4466	292990	http://farm4.staticflickr.com/3585/3488339787_1ba54f2171_z.jpg	Attribution-NonCommercial-ShareAlike License
4467	188696	http://farm1.staticflickr.com/29/62066649_2bee27c4e3_z.jpg	Attribution-NonCommercial License
4468	26260	http://farm8.staticflickr.com/7155/6791774091_bd96bf8a56_z.jpg	Attribution-NonCommercial-ShareAlike License
4469	202093	http://farm9.staticflickr.com/8427/7717522544_a67015e248_z.jpg	Attribution-NonCommercial-ShareAlike License
4470	552796	http://farm6.staticflickr.com/5013/5557032034_d167d65920_z.jpg	Attribution-NonCommercial-NoDerivs License
4471	361519	http://farm4.staticflickr.com/3098/2772380660_b5e54cca94_z.jpg	Attribution-NonCommercial-NoDerivs License
4472	463778	http://farm9.staticflickr.com/8507/8458657486_abaa3e83d8_z.jpg	Attribution License
4474	510718	http://farm4.staticflickr.com/3085/3119803894_d061d3c5c0_z.jpg	Attribution-NonCommercial-ShareAlike License
4477	195296	http://farm9.staticflickr.com/8034/8039395278_b1a38797ca_z.jpg	Attribution-NonCommercial-ShareAlike License
4479	496619	http://farm9.staticflickr.com/8230/8537325455_c1317841b3_z.jpg	Attribution-NonCommercial-ShareAlike License
4480	151758	http://farm8.staticflickr.com/7144/6537934887_eb29d9a5ea_z.jpg	No known copyright restrictions
4481	88487	http://farm4.staticflickr.com/3344/3597493254_5e51613345_z.jpg	Attribution License
4482	369478	http://farm6.staticflickr.com/5185/5670075950_f951101ac9_z.jpg	Attribution License
4483	433198	http://farm1.staticflickr.com/245/3264206180_f0e2299f05_z.jpg	Attribution-NonCommercial-ShareAlike License
4486	194248	http://farm9.staticflickr.com/8046/8361165069_fba8114e73_z.jpg	Attribution License
4488	395469	http://farm1.staticflickr.com/73/228463106_e6bafb4d73_z.jpg	Attribution-NonCommercial-ShareAlike License
4491	162963	http://farm8.staticflickr.com/7456/9295246665_0d1c048d4e_z.jpg	Attribution License
4492	117095	http://farm1.staticflickr.com/106/312265091_305fcf1f55_z.jpg	Attribution-NonCommercial-NoDerivs License
4493	445113	http://farm5.staticflickr.com/4141/4768503988_6a51afc3b1_z.jpg	Attribution License
4494	468953	http://farm9.staticflickr.com/8392/8559246586_4bd43f9505_z.jpg	Attribution-NoDerivs License
4495	294214	http://farm7.staticflickr.com/6164/6190478735_e3741e16b2_z.jpg	Attribution-ShareAlike License
4496	79968	http://farm9.staticflickr.com/8308/7931024730_0c957ee4d5_z.jpg	Attribution-NonCommercial-NoDerivs License
4497	91960	http://farm6.staticflickr.com/5185/5778333018_9db7be00be_z.jpg	Attribution-NonCommercial-ShareAlike License
4498	143717	http://farm7.staticflickr.com/6129/5932988911_1cf28511c7_z.jpg	Attribution-NonCommercial License
4499	540330	http://farm5.staticflickr.com/4073/4800129713_a47db0397c_z.jpg	Attribution-NonCommercial-NoDerivs License
4500	49236	http://farm4.staticflickr.com/3450/3395631486_875e7b57b8_z.jpg	Attribution License
4502	390593	http://farm6.staticflickr.com/5544/9555894315_7197629c5c_z.jpg	Attribution-NonCommercial-NoDerivs License
4503	10800	http://farm5.staticflickr.com/4106/5027659198_808c5034ac_z.jpg	Attribution-NonCommercial-NoDerivs License
4504	357356	http://farm2.staticflickr.com/1437/1197425992_85b8393b8e_z.jpg	Attribution-ShareAlike License
4505	295889	http://farm6.staticflickr.com/5470/9333388830_779ea3c546_z.jpg	Attribution-NonCommercial-ShareAlike License
4506	229559	http://farm8.staticflickr.com/7324/9514259338_7788f960de_z.jpg	Attribution-ShareAlike License
4507	347819	http://farm4.staticflickr.com/3594/3373554656_50796ddb42_z.jpg	Attribution-NonCommercial License
4508	369979	http://farm9.staticflickr.com/8183/8376398731_215be68342_z.jpg	Attribution-ShareAlike License
4509	572865	http://farm7.staticflickr.com/6115/6236368626_c72aeae877_z.jpg	Attribution-NonCommercial-NoDerivs License
4510	14103	http://farm8.staticflickr.com/7181/6857334039_1269af89fd_z.jpg	Attribution License
4511	299920	http://farm3.staticflickr.com/2385/2118025840_6fe35d468c_z.jpg	Attribution-NonCommercial License
4512	9091	http://farm4.staticflickr.com/3221/2854376109_c781002264_z.jpg	Attribution-NonCommercial-NoDerivs License
4514	27486	http://farm7.staticflickr.com/6102/6326619585_59f02bc579_z.jpg	Attribution-NonCommercial-ShareAlike License
4516	330676	http://farm1.staticflickr.com/27/58022832_c67f673a1e_z.jpg	Attribution-NonCommercial-ShareAlike License
4517	330573	http://farm8.staticflickr.com/7212/7007563343_581de93759_z.jpg	Attribution-NonCommercial-ShareAlike License
4519	390395	http://farm1.staticflickr.com/119/288987919_623006557d_z.jpg	Attribution License
4520	276895	http://farm3.staticflickr.com/2100/2537820011_2ec454c408_z.jpg	Attribution-NonCommercial License
4521	316963	http://farm2.staticflickr.com/1199/1439213821_efa75f7a0e_z.jpg	Attribution-NonCommercial-ShareAlike License
4522	293833	http://farm9.staticflickr.com/8402/8618768451_f3946e658d_z.jpg	Attribution-NonCommercial-NoDerivs License
4523	152914	http://farm8.staticflickr.com/7264/7423124840_424f0451e7_z.jpg	Attribution-NonCommercial-ShareAlike License
4524	453695	http://farm4.staticflickr.com/3178/3054077849_457b332440_z.jpg	Attribution License
4525	228409	http://farm6.staticflickr.com/5333/9435851076_1ccb4f0f79_z.jpg	Attribution-NonCommercial-ShareAlike License
4526	266244	http://farm4.staticflickr.com/3172/2904334942_bb1c6af13d_z.jpg	Attribution-NonCommercial-NoDerivs License
4527	541856	http://farm4.staticflickr.com/3534/3946672692_c638cc0205_z.jpg	Attribution-NonCommercial License
4530	545260	http://farm3.staticflickr.com/2319/2032012340_05aad32c26_z.jpg	Attribution-NonCommercial License
4531	521870	http://farm6.staticflickr.com/5052/5501296229_aef7880bfb_z.jpg	Attribution-NonCommercial-ShareAlike License
4537	528912	http://farm7.staticflickr.com/6181/6137073722_6034ec4760_z.jpg	Attribution-NonCommercial-ShareAlike License
4539	154090	http://farm6.staticflickr.com/5068/5606442321_983b4ddef6_z.jpg	Attribution-NonCommercial-ShareAlike License
4543	322734	http://farm9.staticflickr.com/8251/8604877063_fb8e4d5c59_z.jpg	Attribution-NonCommercial-ShareAlike License
4546	200401	http://farm4.staticflickr.com/3449/3977449412_cb01a281bc_z.jpg	Attribution-NonCommercial-ShareAlike License
4547	547607	http://farm9.staticflickr.com/8373/8484072886_8b393dbbd4_z.jpg	Attribution-NonCommercial-ShareAlike License
4552	541288	http://farm4.staticflickr.com/3640/3586481341_4b1891e563_z.jpg	Attribution-NonCommercial-ShareAlike License
4553	515106	http://farm9.staticflickr.com/8350/8176514918_6a963c1a16_z.jpg	Attribution-ShareAlike License
4556	25165	http://farm4.staticflickr.com/3381/3665862842_1f19151e69_z.jpg	Attribution-NonCommercial-ShareAlike License
4557	379743	http://farm4.staticflickr.com/3545/3681594683_d6404ae8ae_z.jpg	No known copyright restrictions
4558	414813	http://farm9.staticflickr.com/8345/8158414030_d26280ab36_z.jpg	Attribution-ShareAlike License
4559	181643	http://farm9.staticflickr.com/8376/8453299770_96382de2f1_z.jpg	Attribution License
4561	479452	http://farm8.staticflickr.com/7161/6758288423_cdcf9d5e1d_z.jpg	Attribution-NoDerivs License
4562	384337	http://farm8.staticflickr.com/7419/9413618036_cb15084c0d_z.jpg	Attribution-NonCommercial License
4563	549876	http://farm4.staticflickr.com/3205/2698124780_c0379e41ae_z.jpg	Attribution License
4564	97685	http://farm4.staticflickr.com/3500/3936880628_556eac6914_z.jpg	Attribution-NonCommercial License
4566	156885	http://farm7.staticflickr.com/6121/6097678670_b0de473cb6_z.jpg	Attribution-NonCommercial-ShareAlike License
4569	15468	http://farm8.staticflickr.com/7034/6801987901_4f980678c2_z.jpg	Attribution-NonCommercial License
4570	194620	http://farm8.staticflickr.com/7312/9594890193_4e797b740f_z.jpg	Attribution-NonCommercial-ShareAlike License
4571	420530	http://farm8.staticflickr.com/7172/6547893387_5a4a064f5e_z.jpg	Attribution-ShareAlike License
4573	497244	http://farm6.staticflickr.com/5470/7436426114_ae8ec2c13c_z.jpg	Attribution-NonCommercial-NoDerivs License
4574	552876	http://farm6.staticflickr.com/5045/5244223418_40099734c8_z.jpg	Attribution-NonCommercial-ShareAlike License
4575	296439	http://farm9.staticflickr.com/8500/8434795417_dded2e6b21_z.jpg	Attribution-NonCommercial-ShareAlike License
4576	418818	http://farm4.staticflickr.com/3251/2875496856_4d8f31f945_z.jpg	Attribution-NonCommercial License
4577	315565	http://farm6.staticflickr.com/5208/5267483896_78e4bb0aaf_z.jpg	Attribution-NonCommercial-ShareAlike License
4578	151699	http://farm8.staticflickr.com/7278/7637514706_ecdffe7f16_z.jpg	Attribution-NonCommercial License
4581	455952	http://farm1.staticflickr.com/135/386676552_7edbd49e24_z.jpg	Attribution-NonCommercial-NoDerivs License
4582	469152	http://farm5.staticflickr.com/4059/4603307943_cf98eae37a_z.jpg	Attribution License
4583	99342	http://farm3.staticflickr.com/2882/9641528428_c13272851d_z.jpg	Attribution License
4585	412753	http://farm5.staticflickr.com/4123/4792267403_4f45e2446f_z.jpg	Attribution-NonCommercial License
4586	48947	http://farm9.staticflickr.com/8291/7853915338_1b9f068ab4_z.jpg	Attribution-NonCommercial License
4590	457924	http://farm6.staticflickr.com/5109/5859732420_21c087efbc_z.jpg	Attribution-NonCommercial-ShareAlike License
4591	469838	http://farm1.staticflickr.com/22/40647466_8ae22736fa_z.jpg	Attribution-NonCommercial-ShareAlike License
4592	367011	http://farm4.staticflickr.com/3735/9370500127_40c61feccd_z.jpg	Attribution-NonCommercial-ShareAlike License
4593	62387	http://farm4.staticflickr.com/3248/2520356690_36609b3795_z.jpg	Attribution-NonCommercial-NoDerivs License
4594	537506	http://farm6.staticflickr.com/5289/5228834834_2e1298e079_z.jpg	Attribution-NonCommercial-NoDerivs License
4595	88218	http://farm1.staticflickr.com/82/219269541_e45dfb8b27_z.jpg	Attribution-NonCommercial License
4596	428282	http://farm3.staticflickr.com/2792/4535821417_0bcd198632_z.jpg	Attribution License
4597	89696	http://farm6.staticflickr.com/5268/5854476520_1d460d3fe2_z.jpg	Attribution License
4600	357164	http://farm4.staticflickr.com/3019/2547420980_a59c3eb113_z.jpg	Attribution License
4601	10179	http://farm3.staticflickr.com/2753/5765793056_50a8694618_z.jpg	Attribution-NonCommercial-NoDerivs License
4603	148862	http://farm4.staticflickr.com/3295/2761525195_a7455b9339_z.jpg	Attribution-NonCommercial License
4606	337585	http://farm6.staticflickr.com/5007/5320678963_33f20e2ed5_z.jpg	Attribution-NonCommercial-NoDerivs License
4607	317401	http://farm4.staticflickr.com/3613/3295603698_6b0fe3a819_z.jpg	Attribution-NonCommercial-ShareAlike License
4608	509503	http://farm1.staticflickr.com/31/48066008_123e5b8742_z.jpg	Attribution-NonCommercial-ShareAlike License
4609	305451	http://farm9.staticflickr.com/8020/7513585250_38f5029bef_z.jpg	Attribution License
4610	519768	http://farm1.staticflickr.com/61/203981918_82b8f1e8ec_z.jpg	Attribution-ShareAlike License
4612	316240	http://farm8.staticflickr.com/7323/10165294056_4aae70d64b_z.jpg	Attribution-NonCommercial-ShareAlike License
4614	541039	http://farm7.staticflickr.com/6045/6284207408_6398951145_z.jpg	Attribution-NonCommercial License
4616	5740	http://farm9.staticflickr.com/8458/8042014792_726b527464_z.jpg	Attribution License
4618	507166	http://farm7.staticflickr.com/6101/6318282713_b8f1b2af07_z.jpg	Attribution-ShareAlike License
4619	128297	http://farm4.staticflickr.com/3435/3840625724_a29beb8ce1_z.jpg	Attribution-ShareAlike License
4620	447364	http://farm7.staticflickr.com/6202/6048042637_27c304d423_z.jpg	Attribution-NonCommercial License
4621	141501	http://farm9.staticflickr.com/8098/8375182044_93979e9dc5_z.jpg	Attribution-NonCommercial-ShareAlike License
4623	166296	http://farm5.staticflickr.com/4085/5012031769_a88d5cedb3_z.jpg	Attribution-NonCommercial-ShareAlike License
4626	365175	http://farm3.staticflickr.com/2653/4071949346_4260a98d32_z.jpg	Attribution-NonCommercial-ShareAlike License
4629	293296	http://farm7.staticflickr.com/6199/6071587333_1655ec3dde_z.jpg	Attribution-NonCommercial-ShareAlike License
4630	294918	http://farm9.staticflickr.com/8195/8144964289_6d428f8fd8_z.jpg	Attribution-NoDerivs License
4631	32056	http://farm8.staticflickr.com/7175/6643004541_46b17f9e3a_z.jpg	Attribution-NoDerivs License
4632	292572	http://farm3.staticflickr.com/2491/3685583746_29b6aa4ee7_z.jpg	Attribution-NonCommercial-NoDerivs License
4634	391486	http://farm9.staticflickr.com/8104/8578565885_baa9548201_z.jpg	Attribution-NonCommercial-ShareAlike License
4635	254176	http://farm4.staticflickr.com/3622/3525460746_cc63c3c45a_z.jpg	Attribution-NoDerivs License
4636	315795	http://farm8.staticflickr.com/7073/7212154026_d6ed0f4fe4_z.jpg	No known copyright restrictions
4637	60915	http://farm5.staticflickr.com/4150/5037670283_84de1b784c_z.jpg	Attribution-NoDerivs License
4638	405079	http://farm6.staticflickr.com/5545/9260736892_119b2511e6_z.jpg	Attribution-NonCommercial-ShareAlike License
4644	214224	http://farm1.staticflickr.com/61/207838237_b05794eacf_z.jpg	Attribution-NonCommercial-NoDerivs License
4645	152492	http://farm6.staticflickr.com/5343/9507579491_0aa2566a5b_z.jpg	Attribution-NoDerivs License
4646	20983	http://farm4.staticflickr.com/3026/3107593955_21e85c6074_z.jpg	Attribution License
4648	158486	http://farm8.staticflickr.com/7052/6964071419_93924b2d82_z.jpg	Attribution-NonCommercial-NoDerivs License
4649	23017	http://farm4.staticflickr.com/3554/3494110042_674375a118_z.jpg	Attribution-ShareAlike License
4650	467511	http://farm9.staticflickr.com/8200/8205902241_23d7caec00_z.jpg	Attribution-NonCommercial-ShareAlike License
4651	455720	http://farm9.staticflickr.com/8303/7998030455_7acd3a1203_z.jpg	Attribution License
4654	40351	http://farm1.staticflickr.com/61/197307877_5cdce2fdab_z.jpg	Attribution-NonCommercial-NoDerivs License
4655	40569	http://farm5.staticflickr.com/4144/5060098058_410d27e4e8_z.jpg	Attribution-NonCommercial-ShareAlike License
4656	377497	http://farm2.staticflickr.com/1208/673840168_1e793f039e_z.jpg	Attribution-NonCommercial-ShareAlike License
4658	524068	http://farm9.staticflickr.com/8284/7545545266_428a6944da_z.jpg	Attribution-NonCommercial-ShareAlike License
4659	505650	http://farm3.staticflickr.com/2849/8758632636_a388c29771_z.jpg	Attribution-NonCommercial-ShareAlike License
4660	126524	http://farm1.staticflickr.com/132/374042792_31b05fdddb_z.jpg	Attribution-NonCommercial License
4661	268733	http://farm8.staticflickr.com/7060/6876230607_0727ebdaac_z.jpg	Attribution-NonCommercial-NoDerivs License
4665	397486	http://farm7.staticflickr.com/6144/5980766684_00ba3e3e66_z.jpg	Attribution-NonCommercial-ShareAlike License
4668	106755	http://farm1.staticflickr.com/87/249357514_f4c047cc67_z.jpg	Attribution License
4669	422008	http://farm9.staticflickr.com/8317/7936368332_c90511486c_z.jpg	Attribution-NonCommercial-NoDerivs License
4671	152277	http://farm6.staticflickr.com/5083/5368877589_3b93efe4ee_z.jpg	Attribution-ShareAlike License
4673	486240	http://farm4.staticflickr.com/3720/9991091543_db0f90d576_z.jpg	Attribution-NoDerivs License
4674	255795	http://farm3.staticflickr.com/2533/3715121094_61f1f067fd_z.jpg	Attribution-NonCommercial-ShareAlike License
4678	581632	http://farm9.staticflickr.com/8230/8567650789_94f93a3df2_z.jpg	Attribution-NonCommercial License
4680	565374	http://farm7.staticflickr.com/6016/5980866105_46169310c8_z.jpg	Attribution-NonCommercial-ShareAlike License
4681	222676	http://farm6.staticflickr.com/5234/5811676472_c84883346a_z.jpg	Attribution-NonCommercial-NoDerivs License
4682	378727	http://farm8.staticflickr.com/7129/7789686222_66907a15dc_z.jpg	Attribution-NonCommercial-ShareAlike License
4684	462584	http://farm9.staticflickr.com/8504/8262100363_de49255853_z.jpg	Attribution-NonCommercial License
4685	242446	http://farm1.staticflickr.com/144/369131979_61653d97b3_z.jpg	Attribution-NonCommercial-NoDerivs License
4686	577623	http://farm2.staticflickr.com/1164/1390248534_75331e3673_z.jpg	Attribution-ShareAlike License
4688	312072	http://farm9.staticflickr.com/8097/8529597163_f0d698c168_z.jpg	Attribution License
4689	253710	http://farm4.staticflickr.com/3698/9573836014_d5a08bd6d0_z.jpg	Attribution-ShareAlike License
4690	520808	http://farm2.staticflickr.com/1277/4673597800_e79d85875d_z.jpg	Attribution-NonCommercial License
4691	311220	http://farm6.staticflickr.com/5341/8816081357_b8e96b799a_z.jpg	Attribution-NonCommercial-NoDerivs License
4692	9763	http://farm1.staticflickr.com/17/20014564_ffd34b4a45_z.jpg	Attribution-NonCommercial License
4693	530896	http://farm7.staticflickr.com/6005/5985116777_6b814f8872_z.jpg	Attribution-NonCommercial-ShareAlike License
4694	428142	http://farm7.staticflickr.com/6222/6340233030_bbac0a0f54_z.jpg	Attribution-NonCommercial-ShareAlike License
4695	525223	http://farm3.staticflickr.com/2115/1883833164_13fa861a9b_z.jpg	Attribution License
4696	573252	http://farm6.staticflickr.com/5202/5309870406_4fccf22644_z.jpg	Attribution-NonCommercial License
4697	395396	http://farm1.staticflickr.com/32/60911252_90a5838fff_z.jpg	Attribution-NonCommercial-ShareAlike License
4698	292579	http://farm4.staticflickr.com/3215/2974330616_3c6634b265_z.jpg	Attribution-NonCommercial-ShareAlike License
4700	219848	http://farm4.staticflickr.com/3784/9637967357_b8dcbe2ced_z.jpg	Attribution License
4701	348010	http://farm3.staticflickr.com/2112/2222372464_e9c8382dcf_z.jpg	Attribution-NonCommercial-ShareAlike License
4704	361896	http://farm9.staticflickr.com/8254/8627875558_dc85047370_z.jpg	Attribution License
4707	68482	http://farm9.staticflickr.com/8334/8404801550_f68bf901ee_z.jpg	Attribution License
4708	332845	http://farm6.staticflickr.com/5070/5687759830_5eb0305fa2_z.jpg	Attribution-NonCommercial-ShareAlike License
4709	104395	http://farm9.staticflickr.com/8113/8694890063_a984bf1d5f_z.jpg	Attribution License
4710	222751	http://farm4.staticflickr.com/3459/3862875088_1260a0f938_z.jpg	Attribution-NonCommercial License
4711	562192	http://farm4.staticflickr.com/3625/3377235647_ccaf2dc05a_z.jpg	Attribution-NonCommercial License
4712	268577	http://farm6.staticflickr.com/5021/5611925628_aa7abfe02f_z.jpg	Attribution-NonCommercial-NoDerivs License
4713	130000	http://farm3.staticflickr.com/2223/2531299775_f05777294e_z.jpg	Attribution-NonCommercial-NoDerivs License
4714	29018	http://farm7.staticflickr.com/6186/6103772093_c109744f20_z.jpg	Attribution-NonCommercial License
4715	499164	http://farm4.staticflickr.com/3153/3030573221_a1a6217aa0_z.jpg	Attribution-NonCommercial License
4718	104621	http://farm8.staticflickr.com/7290/8993578092_cc8b718266_z.jpg	Attribution-NoDerivs License
4719	468299	http://farm5.staticflickr.com/4112/5604709062_44227ed396_z.jpg	Attribution License
4723	144985	http://farm3.staticflickr.com/2424/4004242981_9251d97626_z.jpg	Attribution-NonCommercial-ShareAlike License
4725	387900	http://farm8.staticflickr.com/7199/6904852997_d6e1cef26d_z.jpg	Attribution-NoDerivs License
4726	432742	http://farm4.staticflickr.com/3405/3498047378_2b09e88676_z.jpg	Attribution-NonCommercial License
4727	460833	http://farm8.staticflickr.com/7067/7051632417_291c3f710a_z.jpg	Attribution-NonCommercial-ShareAlike License
4728	421253	http://farm8.staticflickr.com/7026/6453503951_431c0b59a2_z.jpg	Attribution-ShareAlike License
4731	529580	http://farm1.staticflickr.com/15/89431993_0fb054a85c_z.jpg	Attribution-NonCommercial-NoDerivs License
4733	533684	http://farm4.staticflickr.com/3187/2757470078_d9943a8acf_z.jpg	Attribution-NonCommercial License
4734	102928	http://farm4.staticflickr.com/3602/3291069172_4b1f0d5a91_z.jpg	Attribution-NonCommercial-ShareAlike License
4735	199958	http://farm6.staticflickr.com/5053/5402027481_2189c32a4d_z.jpg	Attribution-NonCommercial-ShareAlike License
4739	554744	http://farm1.staticflickr.com/46/128270946_9c2d38c0d9_z.jpg	Attribution-ShareAlike License
4740	361120	http://farm8.staticflickr.com/7029/6685055767_5227e69130_z.jpg	Attribution-NonCommercial-ShareAlike License
4741	269172	http://farm7.staticflickr.com/6068/6127071617_50bf5ec78c_z.jpg	Attribution-NoDerivs License
4742	188832	http://farm8.staticflickr.com/7230/7295472140_abc41c8123_z.jpg	Attribution-ShareAlike License
4743	464630	http://farm7.staticflickr.com/6055/6241625966_7c523a4da8_z.jpg	Attribution-NonCommercial-ShareAlike License
4744	556025	http://farm8.staticflickr.com/7033/6563421815_877267e10f_z.jpg	Attribution-NonCommercial-NoDerivs License
4747	143629	http://farm3.staticflickr.com/2542/4022947723_78d669f9c3_z.jpg	Attribution License
4750	293174	http://farm1.staticflickr.com/187/438569913_48ef97cb95_z.jpg	Attribution-ShareAlike License
4751	82324	http://farm8.staticflickr.com/7161/6544686821_eafeba8a2b_z.jpg	Attribution-NonCommercial License
4752	533407	http://farm3.staticflickr.com/2615/4029260106_6cc72413d8_z.jpg	Attribution-NonCommercial License
4753	225721	http://farm9.staticflickr.com/8244/8538676859_1c271a61b1_z.jpg	Attribution-NonCommercial License
4755	460422	http://farm7.staticflickr.com/6141/5949628839_d8bfebe6d2_z.jpg	Attribution-NonCommercial-NoDerivs License
4756	492236	http://farm6.staticflickr.com/5003/5282597085_9fea0d378e_z.jpg	Attribution-NonCommercial License
4760	278822	http://farm6.staticflickr.com/5105/5669592958_dce37985e9_z.jpg	Attribution-NonCommercial-ShareAlike License
4761	539556	http://farm1.staticflickr.com/186/467883826_6ebb8839e1_z.jpg	Attribution-NonCommercial-ShareAlike License
4766	483564	http://farm2.staticflickr.com/1203/1120457623_7beb87b407_z.jpg	Attribution-NonCommercial-NoDerivs License
4767	13279	http://farm5.staticflickr.com/4021/4393036809_6cf7b5b155_z.jpg	Attribution-NonCommercial-NoDerivs License
4769	217783	http://farm6.staticflickr.com/5032/5904971040_d0f20b714e_z.jpg	Attribution License
4770	21534	http://farm9.staticflickr.com/8282/7764152010_85670ab810_z.jpg	Attribution License
4771	390395	http://farm1.staticflickr.com/119/288987919_623006557d_z.jpg	Attribution License
4774	368763	http://farm4.staticflickr.com/3151/2707079825_717929b228_z.jpg	Attribution-NonCommercial License
4775	14357	http://farm1.staticflickr.com/152/413148621_9e6e28304e_z.jpg	Attribution-NonCommercial-ShareAlike License
4781	294593	http://farm1.staticflickr.com/141/320238276_53f8802760_z.jpg	Attribution-NonCommercial-NoDerivs License
4782	336257	http://farm8.staticflickr.com/7125/7471340664_69884643e2_z.jpg	Attribution-NonCommercial-ShareAlike License
4784	422515	http://farm1.staticflickr.com/73/205733418_d5d83145d1_z.jpg	Attribution-NonCommercial-ShareAlike License
4785	32442	http://farm4.staticflickr.com/3028/2795221182_b435f331fa_z.jpg	Attribution License
4786	422367	http://farm4.staticflickr.com/3811/10220269736_e01a5bb1fa_z.jpg	Attribution License
4787	46580	http://farm4.staticflickr.com/3447/3262135656_4e218a3476_z.jpg	Attribution-NonCommercial-NoDerivs License
4788	101736	http://farm4.staticflickr.com/3027/3641498398_825ce10135_z.jpg	Attribution License
4790	497322	http://farm4.staticflickr.com/3153/3090426456_e929a20b29_z.jpg	Attribution-NonCommercial License
4791	301851	http://farm7.staticflickr.com/6193/6038653224_20df67ee64_z.jpg	Attribution-NonCommercial-ShareAlike License
4792	500585	http://farm5.staticflickr.com/4142/4809892859_1ec7a23a1a_z.jpg	Attribution License
4793	18150	http://farm8.staticflickr.com/7155/6476497205_c725257677_z.jpg	Attribution-NonCommercial-NoDerivs License
4794	185768	http://farm8.staticflickr.com/7338/8719874221_a2ec6bd9e8_z.jpg	Attribution-NonCommercial-ShareAlike License
4795	457461	http://farm7.staticflickr.com/6149/5970601784_18a9f1f9ce_z.jpg	Attribution License
4796	511066	http://farm4.staticflickr.com/3533/3715591093_7e5325fbe3_z.jpg	Attribution-NonCommercial-ShareAlike License
4798	36907	http://farm6.staticflickr.com/5296/5460283000_afb6c9170f_z.jpg	Attribution License
4800	513690	http://farm8.staticflickr.com/7055/6803978858_c01f511bc0_z.jpg	Attribution-NonCommercial-NoDerivs License
4801	487970	http://farm2.staticflickr.com/1292/924481955_376424c7f0_z.jpg	Attribution-NoDerivs License
4802	578489	http://farm4.staticflickr.com/3388/3181988690_e57523711f_z.jpg	Attribution-NonCommercial License
4803	45446	http://farm4.staticflickr.com/3218/3015373739_ec8a89cf51_z.jpg	Attribution License
4804	468537	http://farm4.staticflickr.com/3121/3218882259_8bcdb34c87_z.jpg	Attribution-NonCommercial License
4805	229605	http://farm6.staticflickr.com/5179/5524737034_b9b9f1ed34_z.jpg	Attribution-NonCommercial-NoDerivs License
4814	509503	http://farm1.staticflickr.com/31/48066008_123e5b8742_z.jpg	Attribution-NonCommercial-ShareAlike License
4815	159203	http://farm1.staticflickr.com/33/60556552_59f0f5ee28_z.jpg	Attribution-NonCommercial License
4816	266677	http://farm2.staticflickr.com/1324/558946441_7bf747fbce_z.jpg	Attribution-NonCommercial-NoDerivs License
4817	537807	http://farm4.staticflickr.com/3031/2833597021_3b287825c2_z.jpg	Attribution-NonCommercial License
4818	164676	http://farm8.staticflickr.com/7222/7371543840_ff7d6b2619_z.jpg	Attribution License
4822	445491	http://farm3.staticflickr.com/2597/3746465046_93e551a88d_z.jpg	Attribution-NonCommercial License
4824	222157	http://farm9.staticflickr.com/8380/8451854170_308fdfb60a_z.jpg	Attribution-NonCommercial-NoDerivs License
4826	80017	http://farm3.staticflickr.com/2373/2087005353_9ffecbce65_z.jpg	Attribution License
4827	445565	http://farm9.staticflickr.com/8539/8643242054_1c1bcb1b6b_z.jpg	Attribution-NonCommercial-ShareAlike License
4829	290110	http://farm7.staticflickr.com/6118/6336846800_7665581859_z.jpg	Attribution-ShareAlike License
4831	337951	http://farm5.staticflickr.com/4052/4547334921_51b3b42504_z.jpg	Attribution-NonCommercial-ShareAlike License
4833	35422	http://farm9.staticflickr.com/8158/7253637034_2a453b34a0_z.jpg	Attribution-NonCommercial-NoDerivs License
4834	363986	http://farm1.staticflickr.com/82/273346993_81ced4bafb_z.jpg	Attribution-NonCommercial License
4835	31599	http://farm1.staticflickr.com/34/66280431_99f3a043de_z.jpg	Attribution-NonCommercial-NoDerivs License
4836	62772	http://farm1.staticflickr.com/152/433501684_1de188e8c9_z.jpg	Attribution License
4837	226825	http://farm4.staticflickr.com/3678/8850785575_3197f2b820_z.jpg	Attribution-ShareAlike License
4840	291725	http://farm5.staticflickr.com/4141/4735360894_98dd2fdabe_z.jpg	Attribution-NonCommercial-ShareAlike License
4841	57586	http://farm1.staticflickr.com/124/371434646_db314e8f5a_z.jpg	Attribution-NonCommercial-NoDerivs License
4843	365175	http://farm3.staticflickr.com/2653/4071949346_4260a98d32_z.jpg	Attribution-NonCommercial-ShareAlike License
4845	370462	http://farm3.staticflickr.com/2241/2239015335_c960ecd13f_z.jpg	Attribution-NonCommercial License
4847	518530	http://farm5.staticflickr.com/4096/4788522723_830b02ea55_z.jpg	Attribution License
4848	470704	http://farm9.staticflickr.com/8288/7860211112_bb63f42074_z.jpg	Attribution-NonCommercial-NoDerivs License
4849	402615	http://farm8.staticflickr.com/7284/8740791736_b9e7f80101_z.jpg	Attribution-NonCommercial-NoDerivs License
4850	322509	http://farm5.staticflickr.com/4052/5146488677_65992659ff_z.jpg	Attribution-NonCommercial License
4852	571989	http://farm4.staticflickr.com/3620/3582405497_7f05e89231_z.jpg	Attribution-NonCommercial License
4854	115237	http://farm6.staticflickr.com/5345/8871642266_99d3ec229f_z.jpg	Attribution-NonCommercial-ShareAlike License
4855	173196	http://farm8.staticflickr.com/7449/9606783148_f39a971b40_z.jpg	Attribution-NonCommercial License
4856	236295	http://farm8.staticflickr.com/7250/7869280796_13d4f96d6d_z.jpg	Attribution-NonCommercial-NoDerivs License
4857	82921	http://farm4.staticflickr.com/3220/2484417049_35d69e3ec6_z.jpg	Attribution License
4859	359746	http://farm1.staticflickr.com/213/478712947_e0058afb36_z.jpg	Attribution-NonCommercial License
4860	488573	http://farm1.staticflickr.com/88/231031890_dee9dfcd13_z.jpg	Attribution-NonCommercial-NoDerivs License
4861	520831	http://farm9.staticflickr.com/8529/8494350416_03b2935477_z.jpg	Attribution License
4866	539174	http://farm4.staticflickr.com/3174/3073066774_c3b27f3574_z.jpg	Attribution-NonCommercial-NoDerivs License
4868	212766	http://farm6.staticflickr.com/5335/7409165818_cb5cbb2b6a_z.jpg	Attribution-ShareAlike License
4872	544695	http://farm8.staticflickr.com/7043/6964029433_3c6e19ef3e_z.jpg	Attribution License
4876	516641	http://farm9.staticflickr.com/8493/8313910675_11c9cd30a6_z.jpg	Attribution-NonCommercial-ShareAlike License
4877	8803	http://farm1.staticflickr.com/209/459024208_a673941c1a_z.jpg	Attribution-NonCommercial-ShareAlike License
4879	448723	http://farm7.staticflickr.com/6063/6121318454_c76fdcb0d5_z.jpg	Attribution-NonCommercial-NoDerivs License
4881	464911	http://farm5.staticflickr.com/4093/4784941893_1dfa64b528_z.jpg	Attribution-NonCommercial-NoDerivs License
4882	67462	http://farm3.staticflickr.com/2433/3541281030_8bea0c6195_z.jpg	Attribution-NonCommercial-NoDerivs License
4883	14683	http://farm8.staticflickr.com/7435/8719976127_cc06717015_z.jpg	Attribution-NonCommercial-NoDerivs License
4884	375897	http://farm6.staticflickr.com/5054/5510557018_a5955d27b4_z.jpg	Attribution-NonCommercial-ShareAlike License
4885	204943	http://farm7.staticflickr.com/6086/6132595930_8f2d33c936_z.jpg	Attribution-NonCommercial-NoDerivs License
4886	33634	http://farm8.staticflickr.com/7330/8980588917_3583793b68_z.jpg	Attribution License
4889	167862	http://farm6.staticflickr.com/5341/8990876553_3e1bce44cb_z.jpg	Attribution License
4890	327663	http://farm7.staticflickr.com/6218/6352669672_be64bd9687_z.jpg	Attribution-NonCommercial License
4891	477598	http://farm4.staticflickr.com/3312/3333096395_0c55ca98d9_z.jpg	Attribution-NonCommercial License
4892	426269	http://farm3.staticflickr.com/2340/2127049045_c5eb2f3fd8_z.jpg	Attribution-NonCommercial-ShareAlike License
4893	107853	http://farm6.staticflickr.com/5286/5314732660_33804d759d_z.jpg	Attribution-NonCommercial License
4894	334178	http://farm4.staticflickr.com/3492/3313223124_26f1982f00_z.jpg	Attribution-ShareAlike License
4895	212271	http://farm9.staticflickr.com/8435/7926748956_c1c19e8b94_z.jpg	Attribution-NoDerivs License
4896	150089	http://farm3.staticflickr.com/2778/4364320436_7ef74c0264_z.jpg	Attribution-NonCommercial-ShareAlike License
4897	143096	http://farm6.staticflickr.com/5281/5253356916_b147d19771_z.jpg	Attribution-NonCommercial-NoDerivs License
4898	247296	http://farm6.staticflickr.com/5230/5690274413_b46d9edb4f_z.jpg	Attribution-NonCommercial-NoDerivs License
4899	330974	http://farm4.staticflickr.com/3569/3636335849_4ac1064113_z.jpg	Attribution-NonCommercial-ShareAlike License
4900	351597	http://farm1.staticflickr.com/176/430226227_3ee6439dc8_z.jpg	Attribution-NonCommercial-ShareAlike License
4901	434190	http://farm4.staticflickr.com/3290/2768730716_54007b99a8_z.jpg	Attribution-NonCommercial-ShareAlike License
4902	244949	http://farm3.staticflickr.com/2595/3867981951_77572989b3_z.jpg	Attribution-NonCommercial-ShareAlike License
4903	129659	http://farm3.staticflickr.com/2841/9400839032_979385475e_z.jpg	Attribution-ShareAlike License
4905	391351	http://farm2.staticflickr.com/1302/534590370_0e4d660092_z.jpg	Attribution-NonCommercial License
4906	252911	http://farm3.staticflickr.com/2820/9613547985_750aa48f09_z.jpg	Attribution-ShareAlike License
4907	418726	http://farm2.staticflickr.com/1411/1035161488_d4fd287c36_z.jpg	Attribution-NonCommercial License
4908	392177	http://farm8.staticflickr.com/7228/7301295984_045f9f1b42_z.jpg	Attribution License
4909	351466	http://farm9.staticflickr.com/8192/8077326143_4eb7a17955_z.jpg	Attribution-NonCommercial-NoDerivs License
4910	153639	http://farm7.staticflickr.com/6130/5915943249_aae58ef01a_z.jpg	Attribution License
4912	321506	http://farm9.staticflickr.com/8354/8366456185_ae15c2a993_z.jpg	Attribution-NonCommercial License
4913	335109	http://farm9.staticflickr.com/8262/8692998335_3f1f0fa493_z.jpg	Attribution-NonCommercial-ShareAlike License
4915	228522	http://farm9.staticflickr.com/8395/8696492150_897a5ab717_z.jpg	Attribution-NonCommercial-NoDerivs License
4916	91667	http://farm6.staticflickr.com/5282/5286518863_9251f2e702_z.jpg	Attribution-NonCommercial-NoDerivs License
4917	540586	http://farm4.staticflickr.com/3356/3236992313_9bd7547a7e_z.jpg	Attribution-NonCommercial-ShareAlike License
4918	439306	http://farm3.staticflickr.com/2760/4173600340_7124b9d29c_z.jpg	Attribution-NonCommercial License
4919	40102	http://farm8.staticflickr.com/7359/9743481174_ff3d304509_z.jpg	Attribution-NonCommercial-NoDerivs License
4920	447701	http://farm7.staticflickr.com/6118/6256044937_9356244705_z.jpg	Attribution-NoDerivs License
4921	475874	http://farm8.staticflickr.com/7118/7495678034_19285cb356_z.jpg	Attribution-NonCommercial-ShareAlike License
4922	526850	http://farm1.staticflickr.com/131/389251775_0bc3338707_z.jpg	Attribution-NonCommercial-ShareAlike License
4924	263770	http://farm8.staticflickr.com/7372/9036147263_699831ed8c_z.jpg	Attribution-NonCommercial-ShareAlike License
4925	278706	http://farm8.staticflickr.com/7137/7478306972_216f3ee4f5_z.jpg	Attribution-NonCommercial-ShareAlike License
4927	317489	http://farm3.staticflickr.com/2382/2246962775_be694d915f_z.jpg	Attribution License
4928	208372	http://farm7.staticflickr.com/6228/6328146848_80037bc251_z.jpg	Attribution-NonCommercial-ShareAlike License
4930	497312	http://farm4.staticflickr.com/3808/10258811356_9d3275304a_z.jpg	Attribution-NonCommercial-NoDerivs License
4932	557045	http://farm6.staticflickr.com/5071/5904984435_e383443dc2_z.jpg	Attribution License
4933	13466	http://farm3.staticflickr.com/2644/3872593644_289866fa8e_z.jpg	Attribution-NonCommercial-NoDerivs License
4934	229875	http://farm8.staticflickr.com/7449/8843887781_c03721eb8f_z.jpg	Attribution-NoDerivs License
4937	87219	http://farm6.staticflickr.com/5441/7396801392_be93a012b7_z.jpg	Attribution-NonCommercial-NoDerivs License
4938	142276	http://farm8.staticflickr.com/7188/6923515787_600ee399e6_z.jpg	Attribution-NoDerivs License
4940	123799	http://farm5.staticflickr.com/4061/4701207999_d53b52cfcd_z.jpg	Attribution-NonCommercial-ShareAlike License
4941	420627	http://farm4.staticflickr.com/3171/3111119381_3b759e8635_z.jpg	Attribution-NonCommercial-ShareAlike License
4945	98044	http://farm6.staticflickr.com/5082/5200614514_974869bf01_z.jpg	Attribution-NonCommercial-NoDerivs License
4946	193347	http://farm1.staticflickr.com/58/181627447_34245201f6_z.jpg	Attribution-NonCommercial License
4947	341886	http://farm4.staticflickr.com/3035/2895903229_c2a2201cfb_z.jpg	Attribution-NonCommercial-ShareAlike License
4949	408672	http://farm8.staticflickr.com/7135/7615905604_15d82938fb_z.jpg	Attribution License
4950	453557	http://farm6.staticflickr.com/5297/5507585008_883c39ff63_z.jpg	Attribution-NonCommercial-ShareAlike License
4951	554291	http://farm1.staticflickr.com/103/256248429_ebcfe37830_z.jpg	Attribution License
4952	457146	http://farm6.staticflickr.com/5039/6945027062_3bcd61a0ca_z.jpg	Attribution-NonCommercial License
4954	330495	http://farm8.staticflickr.com/7251/6974231136_088716ee08_z.jpg	Attribution License
4955	413240	http://farm6.staticflickr.com/5306/5756734277_65b7549d76_z.jpg	Attribution License
4956	522871	http://farm5.staticflickr.com/4030/4530744998_ac6e691e1a_z.jpg	Attribution-NonCommercial License
4957	3040	http://farm4.staticflickr.com/3657/3344975001_7e3dc4881d_z.jpg	Attribution-NonCommercial-NoDerivs License
4958	324553	http://farm7.staticflickr.com/6172/6198252384_9f68f56667_z.jpg	Attribution-NonCommercial-ShareAlike License
4959	290262	http://farm4.staticflickr.com/3558/3785445704_ac4df11ca4_z.jpg	Attribution-NoDerivs License
4960	101315	http://farm1.staticflickr.com/127/351841497_f62c275d94_z.jpg	Attribution-NonCommercial-NoDerivs License
4961	366148	http://farm3.staticflickr.com/2729/4314403730_558f13b065_z.jpg	Attribution-NonCommercial-NoDerivs License
4962	141654	http://farm5.staticflickr.com/4087/5150856559_c5c7f95833_z.jpg	Attribution-NonCommercial-ShareAlike License
4963	470029	http://farm2.staticflickr.com/1047/5143334879_bc88b4d780_z.jpg	Attribution-NonCommercial-ShareAlike License
4967	44147	http://farm9.staticflickr.com/8030/8059065530_fd00a4db77_z.jpg	Attribution-ShareAlike License
4969	274499	http://farm4.staticflickr.com/3307/3284256905_e052f8907b_z.jpg	Attribution License
4970	227042	http://farm2.staticflickr.com/1073/933670772_d52946bf31_z.jpg	Attribution-NonCommercial License
4971	196371	http://farm1.staticflickr.com/50/137709634_1f385072b5_z.jpg	Attribution-NonCommercial-NoDerivs License
4973	443349	http://farm3.staticflickr.com/2580/3907266189_76023860ff_z.jpg	Attribution-NonCommercial-NoDerivs License
4974	91307	http://farm9.staticflickr.com/8026/7426938870_2f4aa1ea97_z.jpg	Attribution License
4975	77533	http://farm4.staticflickr.com/3291/5783721528_5679e9de16_z.jpg	Attribution License
4976	428375	http://farm9.staticflickr.com/8197/8273764354_02bc4329eb_z.jpg	Attribution-NonCommercial-ShareAlike License
4978	267731	http://farm6.staticflickr.com/5084/5246628039_983376a934_z.jpg	Attribution-NonCommercial-ShareAlike License
4979	19927	http://farm9.staticflickr.com/8456/8032450024_9c2d0fbcb8_z.jpg	Attribution-NonCommercial-NoDerivs License
4980	219141	http://farm1.staticflickr.com/17/23193201_0ae6456f5b_z.jpg	Attribution-NonCommercial License
4981	424819	http://farm4.staticflickr.com/3428/3368054647_f127626832_z.jpg	Attribution License
4982	168690	http://farm4.staticflickr.com/3116/2876332148_7e6f750d38_z.jpg	Attribution License
4983	252919	http://farm3.staticflickr.com/2650/4132471941_c780c7d62e_z.jpg	Attribution-NonCommercial License
4984	242752	http://farm5.staticflickr.com/4137/4852377119_db18109732_z.jpg	Attribution-NonCommercial-NoDerivs License
4985	541429	http://farm8.staticflickr.com/7179/6962090790_7c9d494312_z.jpg	Attribution-NonCommercial-NoDerivs License
4986	148855	http://farm8.staticflickr.com/7128/8152255002_1f11fecea8_z.jpg	Attribution-NonCommercial-NoDerivs License
4987	188673	http://farm4.staticflickr.com/3580/3331542763_fc28177f1a_z.jpg	Attribution-NonCommercial License
4988	179770	http://farm1.staticflickr.com/2/1734865_6356593421_z.jpg	Attribution-NonCommercial-NoDerivs License
4989	104330	http://farm4.staticflickr.com/3077/2700057308_9c0d1e89bf_z.jpg	Attribution-NonCommercial-NoDerivs License
4990	143870	http://farm9.staticflickr.com/8125/8699185179_d8c18d66a3_z.jpg	Attribution-NonCommercial-NoDerivs License
4993	69914	http://farm7.staticflickr.com/6224/6292796608_bb49c182d1_z.jpg	Attribution-NonCommercial-NoDerivs License
4994	85914	http://farm8.staticflickr.com/7286/8878507219_46da4bd69f_z.jpg	Attribution-NonCommercial License
4995	176761	http://farm4.staticflickr.com/3054/2430835111_9cd6dd55de_z.jpg	Attribution-NonCommercial-NoDerivs License
4996	208146	http://farm1.staticflickr.com/34/189461739_019b3ef7aa_z.jpg	Attribution-NonCommercial License
4999	309953	http://farm4.staticflickr.com/3191/2673669629_21a2156961_z.jpg	Attribution-NonCommercial-ShareAlike License
5002	232963	http://farm4.staticflickr.com/3169/3017386019_32345947cc_z.jpg	Attribution-NonCommercial License
5004	254139	http://farm4.staticflickr.com/3365/3425094471_5855cc6d64_z.jpg	Attribution-NonCommercial License
5007	41763	http://farm1.staticflickr.com/153/365445209_deeb444542_z.jpg	Attribution-NonCommercial-NoDerivs License
5008	166229	http://farm4.staticflickr.com/3214/3076796400_e897f2e843_z.jpg	Attribution-NonCommercial-ShareAlike License
5009	220732	http://farm8.staticflickr.com/7278/8150890633_42a81c8e17_z.jpg	Attribution-NonCommercial License
5010	414916	http://farm6.staticflickr.com/5174/5409891248_a7a67379cd_z.jpg	Attribution-NonCommercial-ShareAlike License
5011	37988	http://farm4.staticflickr.com/3046/2826546452_328598b74c_z.jpg	Attribution-NonCommercial-NoDerivs License
5012	69266	http://farm2.staticflickr.com/1271/722941616_7b9a95c6f3_z.jpg	Attribution-NonCommercial License
5014	390395	http://farm1.staticflickr.com/119/288987919_623006557d_z.jpg	Attribution License
5016	563797	http://farm3.staticflickr.com/2755/4267670197_364e87252d_z.jpg	Attribution-NonCommercial License
5018	267823	http://farm1.staticflickr.com/33/55905361_8b6533ba70_z.jpg	Attribution-NonCommercial-ShareAlike License
5019	112677	http://farm4.staticflickr.com/3458/3982200086_070565ee71_z.jpg	Attribution-NonCommercial-ShareAlike License
5020	233588	http://farm3.staticflickr.com/2889/9059062630_fce4e93b7a_z.jpg	Attribution License
5021	384612	http://farm3.staticflickr.com/2851/9679746883_296d35af7d_z.jpg	Attribution License
5022	311195	http://farm5.staticflickr.com/4036/4343304559_b43bef1e5b_z.jpg	Attribution-NonCommercial-ShareAlike License
5023	406555	http://farm1.staticflickr.com/72/195432994_cba027c805_z.jpg	Attribution-NoDerivs License
5024	432742	http://farm4.staticflickr.com/3405/3498047378_2b09e88676_z.jpg	Attribution-NonCommercial License
5025	191159	http://farm4.staticflickr.com/3117/2749453071_d34d0e554a_z.jpg	Attribution-NonCommercial-NoDerivs License
5027	431818	http://farm8.staticflickr.com/7115/7745648520_9bd9db3bab_z.jpg	Attribution-NonCommercial-NoDerivs License
5028	341865	http://farm4.staticflickr.com/3319/3507414726_f3b579d902_z.jpg	Attribution-NonCommercial-ShareAlike License
5029	156928	http://farm6.staticflickr.com/5546/9666528141_fb458f781a_z.jpg	Attribution License
5031	456251	http://farm5.staticflickr.com/4143/4853453593_aba4db5bd6_z.jpg	Attribution-NonCommercial License
5032	135680	http://farm3.staticflickr.com/2554/4104310100_8a1d6391a3_z.jpg	Attribution-ShareAlike License
5033	513956	http://farm8.staticflickr.com/7059/7136500841_e6b4c3a5ee_z.jpg	Attribution-NonCommercial-NoDerivs License
5034	507798	http://farm6.staticflickr.com/5062/5828919326_52e70bd472_z.jpg	Attribution-NonCommercial License
5035	66445	http://farm9.staticflickr.com/8122/8659991578_5a46aeacab_z.jpg	Attribution License
5036	220239	http://farm5.staticflickr.com/4040/4682153457_a84129a8be_z.jpg	Attribution-NonCommercial-ShareAlike License
5037	115912	http://farm9.staticflickr.com/8241/8530510169_2d933e2f28_z.jpg	Attribution-NonCommercial License
5038	92847	http://farm6.staticflickr.com/5448/9633428439_fc06f6bf84_z.jpg	Attribution-NonCommercial License
5039	166713	http://farm4.staticflickr.com/3030/3050858574_b05f88fa73_z.jpg	Attribution-ShareAlike License
5041	551952	http://farm8.staticflickr.com/7191/6857412685_2835217e01_z.jpg	Attribution-ShareAlike License
5043	265748	http://farm2.staticflickr.com/1277/540151778_2a71153347_z.jpg	Attribution-NonCommercial-NoDerivs License
5044	566975	http://farm1.staticflickr.com/22/24236456_dc340c9bf0_z.jpg	Attribution-NonCommercial-ShareAlike License
5047	402386	http://farm3.staticflickr.com/2601/3713375531_e554d2000f_z.jpg	Attribution-NonCommercial-ShareAlike License
5048	321119	http://farm8.staticflickr.com/7172/6832881077_9ce3ae08cf_z.jpg	Attribution-ShareAlike License
5049	406446	http://farm3.staticflickr.com/2606/4008442874_0db269d8ff_z.jpg	Attribution-NonCommercial-NoDerivs License
5052	186298	http://farm8.staticflickr.com/7202/6851597895_0e66893a31_z.jpg	Attribution-ShareAlike License
5053	351577	http://farm5.staticflickr.com/4111/5024881022_6ae4dda6c1_z.jpg	Attribution-NonCommercial-NoDerivs License
5054	215586	http://farm1.staticflickr.com/204/447060853_7959c10672_z.jpg	Attribution License
5055	444134	http://farm6.staticflickr.com/5459/6941565430_5f26450f3a_z.jpg	Attribution-NonCommercial-NoDerivs License
5056	433998	http://farm6.staticflickr.com/5224/5652833786_ef7dddfb21_z.jpg	Attribution-ShareAlike License
5058	314095	http://farm1.staticflickr.com/21/35023135_eb72fdcc6e_z.jpg	Attribution-NonCommercial License
5059	258571	http://farm3.staticflickr.com/2165/2448564480_8ddc2a6788_z.jpg	Attribution-ShareAlike License
5060	59250	http://farm4.staticflickr.com/3089/3198674518_75fd8d34d5_z.jpg	Attribution-NonCommercial-NoDerivs License
5061	334276	http://farm3.staticflickr.com/2418/2042970533_20dfac4bde_z.jpg	Attribution License
5062	559754	http://farm4.staticflickr.com/3325/5812997709_e296bceb78_z.jpg	Attribution License
5063	343425	http://farm6.staticflickr.com/5140/5458580671_d0bc04a92e_z.jpg	Attribution-NonCommercial-NoDerivs License
5064	492371	http://farm1.staticflickr.com/143/369644979_6102b069b3_z.jpg	Attribution-ShareAlike License
5065	9647	http://farm9.staticflickr.com/8230/8437570648_29322c9f28_z.jpg	Attribution-NonCommercial-NoDerivs License
5067	200365	http://farm2.staticflickr.com/1177/1162747961_86300f56c8_z.jpg	Attribution-NonCommercial-NoDerivs License
5068	82772	http://farm8.staticflickr.com/7344/8844979943_b609f75b59_z.jpg	Attribution-ShareAlike License
5071	199923	http://farm4.staticflickr.com/3227/2987303564_32f0ea94af_z.jpg	Attribution-NonCommercial-ShareAlike License
5072	422816	http://farm4.staticflickr.com/3183/2840892474_35d1e6e9a1_z.jpg	Attribution License
5073	84670	http://farm1.staticflickr.com/157/403930353_f4bf065bc2_z.jpg	Attribution-NonCommercial-NoDerivs License
5074	335525	http://farm5.staticflickr.com/4017/4256377533_03f3f3ef18_z.jpg	Attribution-NonCommercial-NoDerivs License
5076	213963	http://farm5.staticflickr.com/4133/4979974546_83bfccf5f8_z.jpg	Attribution-NonCommercial-ShareAlike License
5077	440650	http://farm4.staticflickr.com/3032/2866663842_cb6b560892_z.jpg	Attribution-NonCommercial-ShareAlike License
5078	448652	http://farm6.staticflickr.com/5186/5628676469_a0eddfa170_z.jpg	Attribution-NoDerivs License
5079	357493	http://farm4.staticflickr.com/3716/9204049601_de74eb486f_z.jpg	Attribution-NonCommercial-ShareAlike License
5080	151911	http://farm9.staticflickr.com/8379/8645556513_65e32a7846_z.jpg	Attribution-ShareAlike License
5081	317401	http://farm4.staticflickr.com/3613/3295603698_6b0fe3a819_z.jpg	Attribution-NonCommercial-ShareAlike License
5083	299411	http://farm4.staticflickr.com/3340/3514039016_8408114558_z.jpg	Attribution-NonCommercial-ShareAlike License
5084	535342	http://farm8.staticflickr.com/7380/8728542887_ec67619779_z.jpg	Attribution-NonCommercial-ShareAlike License
5085	172369	http://farm5.staticflickr.com/4068/5160462147_6e8e3d077a_z.jpg	Attribution-NonCommercial-NoDerivs License
5086	250440	http://farm3.staticflickr.com/2176/2222904925_16ff96cc66_z.jpg	Attribution-NonCommercial-ShareAlike License
5087	301651	http://farm6.staticflickr.com/5124/5325312128_60be503c9e_z.jpg	Attribution-NonCommercial-ShareAlike License
5088	81967	http://farm7.staticflickr.com/6146/6043192337_efe97d9f73_z.jpg	Attribution-ShareAlike License
5089	411629	http://farm3.staticflickr.com/2281/2219748220_f1739ddeac_z.jpg	Attribution-ShareAlike License
5090	455203	http://farm8.staticflickr.com/7152/6609113825_71b3b79e3e_z.jpg	Attribution-NonCommercial-ShareAlike License
5091	111500	http://farm4.staticflickr.com/3804/9730659284_2309a30057_z.jpg	Attribution-NoDerivs License
5092	77003	http://farm4.staticflickr.com/3260/2729070358_a478489579_z.jpg	Attribution-NonCommercial License
5093	249608	http://farm3.staticflickr.com/2620/3846292557_4b9fe3a0e6_z.jpg	Attribution-NonCommercial-NoDerivs License
5094	391371	http://farm4.staticflickr.com/3170/5719587679_ec54829837_z.jpg	Attribution License
5095	37230	http://farm7.staticflickr.com/6123/5945565167_9a3d276b2d_z.jpg	Attribution-NonCommercial License
5097	113998	http://farm4.staticflickr.com/3374/3555369986_8d9d172e94_z.jpg	Attribution-ShareAlike License
5098	559271	http://farm6.staticflickr.com/5308/5656083940_6614781984_z.jpg	Attribution-NonCommercial-NoDerivs License
5099	124940	http://farm4.staticflickr.com/3209/2511828206_7662caa06c_z.jpg	Attribution-NonCommercial-ShareAlike License
5100	562582	http://farm6.staticflickr.com/5215/5470775991_7370786ac1_z.jpg	Attribution-NonCommercial-ShareAlike License
5101	103276	http://farm4.staticflickr.com/3776/9327227623_4eefba16a7_z.jpg	Attribution-NonCommercial-NoDerivs License
5102	542312	http://farm1.staticflickr.com/55/156364925_846842f22a_z.jpg	Attribution-NonCommercial-NoDerivs License
5103	253834	http://farm6.staticflickr.com/5448/9285012858_51b1cbfa7a_z.jpg	Attribution-NonCommercial-ShareAlike License
5104	422804	http://farm1.staticflickr.com/32/64544014_32301b1832_z.jpg	Attribution-NonCommercial License
5105	357017	http://farm8.staticflickr.com/7039/6867110521_d1967e461d_z.jpg	Attribution License
5106	579201	http://farm2.staticflickr.com/1039/5189568517_4ecc067ae2_z.jpg	Attribution-NoDerivs License
5107	444199	http://farm1.staticflickr.com/7/8508740_7032402952_z.jpg	Attribution-NonCommercial-ShareAlike License
5108	390395	http://farm1.staticflickr.com/119/288987919_623006557d_z.jpg	Attribution License
5109	307194	http://farm7.staticflickr.com/6105/6236328482_2be920f451_z.jpg	Attribution-NonCommercial-ShareAlike License
5110	520964	http://farm1.staticflickr.com/187/440839367_bd52775494_z.jpg	Attribution-ShareAlike License
5111	400573	http://farm5.staticflickr.com/4060/4671923710_9391a0b476_z.jpg	Attribution-NonCommercial-ShareAlike License
5112	429959	http://farm4.staticflickr.com/3092/3125977409_110f4caa4b_z.jpg	Attribution-NonCommercial License
5113	126144	http://farm8.staticflickr.com/7248/7435655460_4710b8ec0d_z.jpg	Attribution-NonCommercial-ShareAlike License
5114	249791	http://farm9.staticflickr.com/8391/8622799666_aabbbb1389_z.jpg	Attribution License
5115	441507	http://farm9.staticflickr.com/8167/7178094788_4cb53f1c1d_z.jpg	Attribution-ShareAlike License
5117	576225	http://farm4.staticflickr.com/3684/9320280795_35a84d9621_z.jpg	Attribution License
5118	569154	http://farm8.staticflickr.com/7433/9497644264_51f4c8503b_z.jpg	Attribution-NonCommercial-ShareAlike License
5120	444719	http://farm2.staticflickr.com/1350/4599315454_9af1661d6e_z.jpg	Attribution License
5121	167683	http://farm4.staticflickr.com/3301/4617180934_72154e237d_z.jpg	Attribution License
5122	224848	http://farm5.staticflickr.com/4051/4631132829_cee2ec9311_z.jpg	Attribution-NonCommercial-ShareAlike License
5123	47226	http://farm5.staticflickr.com/4025/4385206582_c333f18635_z.jpg	Attribution-NonCommercial-NoDerivs License
5124	254629	http://farm4.staticflickr.com/3694/9101490955_4f73ecd7c2_z.jpg	No known copyright restrictions
5125	17766	http://farm8.staticflickr.com/7128/7015029885_7acb00b1d9_z.jpg	Attribution-NonCommercial-ShareAlike License
5126	14756	http://farm3.staticflickr.com/2707/4382477091_a394220ec5_z.jpg	Attribution-NonCommercial-ShareAlike License
5129	262893	http://farm9.staticflickr.com/8440/7974508852_7fabcd7ac9_z.jpg	Attribution License
5130	468280	http://farm8.staticflickr.com/7064/6950177519_4d442791b9_z.jpg	Attribution-NonCommercial License
5131	377594	http://farm1.staticflickr.com/81/251903529_13aa167cef_z.jpg	Attribution-NonCommercial-NoDerivs License
5134	200365	http://farm2.staticflickr.com/1177/1162747961_86300f56c8_z.jpg	Attribution-NonCommercial-NoDerivs License
5135	397315	http://farm4.staticflickr.com/3037/2355999843_5dab721df4_z.jpg	Attribution License
5136	33667	http://farm4.staticflickr.com/3094/3133429790_ef6c62b67b_z.jpg	Attribution-NonCommercial-NoDerivs License
5137	531782	http://farm2.staticflickr.com/1397/5156179424_8d32b85b52_z.jpg	Attribution-ShareAlike License
5138	460484	http://farm2.staticflickr.com/1151/1383011861_2343ad1097_z.jpg	Attribution License
5139	294258	http://farm9.staticflickr.com/8324/8119062423_6d7f35db1a_z.jpg	Attribution-NonCommercial-NoDerivs License
5140	93736	http://farm5.staticflickr.com/4143/4821665705_0ea8c15c6c_z.jpg	Attribution-NonCommercial-NoDerivs License
5141	241440	http://farm8.staticflickr.com/7350/9218070945_5940205714_z.jpg	Attribution-NonCommercial-ShareAlike License
5142	340308	http://farm4.staticflickr.com/3416/3425212577_cb041f72c4_z.jpg	Attribution-NonCommercial-NoDerivs License
5144	258226	http://farm1.staticflickr.com/9/15650736_b5b820835e_z.jpg	Attribution-NonCommercial-ShareAlike License
5145	230209	http://farm8.staticflickr.com/7183/6800554942_b1c77717e8_z.jpg	Attribution-NonCommercial-NoDerivs License
5146	280132	http://farm7.staticflickr.com/6138/5952545264_178c4c2551_z.jpg	Attribution-NonCommercial-ShareAlike License
5147	349099	http://farm8.staticflickr.com/7067/6950044557_a2ddaa6c0c_z.jpg	Attribution-NonCommercial-NoDerivs License
5148	484948	http://farm7.staticflickr.com/6077/6064934288_03859b90f3_z.jpg	Attribution License
5149	383576	http://farm6.staticflickr.com/5302/5622209728_b34b61112e_z.jpg	Attribution License
5151	405580	http://farm8.staticflickr.com/7240/7179778336_acb09f4589_z.jpg	Attribution-NonCommercial-NoDerivs License
5153	448759	http://farm6.staticflickr.com/5187/5782318136_a93cb8beee_z.jpg	Attribution-NonCommercial License
5154	537649	http://farm2.staticflickr.com/1131/576933533_7f88371fa2_z.jpg	Attribution-NonCommercial License
5155	563603	http://farm8.staticflickr.com/7172/6761034531_a275debefa_z.jpg	Attribution-ShareAlike License
5156	361120	http://farm8.staticflickr.com/7029/6685055767_5227e69130_z.jpg	Attribution-NonCommercial-ShareAlike License
5157	306231	http://farm8.staticflickr.com/7076/7088670417_3d494d0e61_z.jpg	Attribution-NonCommercial-NoDerivs License
5158	128148	http://farm4.staticflickr.com/3277/2933028245_8a7be3098b_z.jpg	Attribution-NonCommercial-NoDerivs License
5159	507195	http://farm1.staticflickr.com/224/491079244_f6bf7944bd_z.jpg	Attribution-NonCommercial-NoDerivs License
5160	508917	http://farm6.staticflickr.com/5349/9288654526_33344f470e_z.jpg	Attribution-NonCommercial-NoDerivs License
5161	480333	http://farm3.staticflickr.com/2060/2157732760_7ba24c843d_z.jpg	Attribution-NonCommercial-ShareAlike License
5162	3866	http://farm6.staticflickr.com/5310/5561610659_39737af224_z.jpg	Attribution License
5163	304794	http://farm9.staticflickr.com/8040/8007993293_6edbeea7f6_z.jpg	Attribution-NonCommercial License
5164	180889	http://farm4.staticflickr.com/3294/2842354141_bed57f0820_z.jpg	Attribution-NonCommercial-NoDerivs License
5165	51735	http://farm2.staticflickr.com/1169/1199619977_d61aa0bdca_z.jpg	Attribution-NonCommercial-NoDerivs License
5166	164548	http://farm4.staticflickr.com/3036/2770685236_57abdb2b31_z.jpg	Attribution-NonCommercial License
5167	198635	http://farm9.staticflickr.com/8031/8064989540_b7a298d15d_z.jpg	Attribution-NonCommercial License
5169	41257	http://farm9.staticflickr.com/8485/8176212325_9b4a077de0_z.jpg	Attribution-NonCommercial-ShareAlike License
5170	345634	http://farm8.staticflickr.com/7061/7010114807_a9370e352b_z.jpg	Attribution-NonCommercial License
5173	242757	http://farm4.staticflickr.com/3029/2884157574_33b3a47f49_z.jpg	Attribution License
5174	22529	http://farm9.staticflickr.com/8511/8530707394_017fb51f4d_z.jpg	Attribution License
5175	155388	http://farm3.staticflickr.com/2344/1717045471_ee204e5f60_z.jpg	Attribution-NonCommercial-NoDerivs License
5176	279438	http://farm4.staticflickr.com/3633/3564326843_506333a478_z.jpg	Attribution-NonCommercial-NoDerivs License
5179	388873	http://farm5.staticflickr.com/4060/5076447153_efd9990a68_z.jpg	Attribution-NonCommercial License
5180	548357	http://farm3.staticflickr.com/2043/2336126241_367f968065_z.jpg	Attribution-ShareAlike License
5181	317102	http://farm9.staticflickr.com/8302/7997669436_05aa42dc62_z.jpg	Attribution-ShareAlike License
5182	43581	http://farm5.staticflickr.com/4015/4378213940_4dd7903e0f_z.jpg	Attribution-NonCommercial License
5183	417751	http://farm1.staticflickr.com/62/191540183_10d8a26dd7_z.jpg	Attribution-NoDerivs License
5184	176155	http://farm4.staticflickr.com/3184/2578119189_ae93e35859_z.jpg	Attribution-NonCommercial-NoDerivs License
5185	352751	http://farm1.staticflickr.com/56/131403157_44f1b1f6aa_z.jpg	Attribution-NonCommercial License
5186	497334	http://farm9.staticflickr.com/8350/8178462585_a494bd8665_z.jpg	Attribution License
5187	256799	http://farm3.staticflickr.com/2877/9027017947_ded6a51a83_z.jpg	Attribution License
5190	210809	http://farm5.staticflickr.com/4101/4812865461_6e1dbc828b_z.jpg	Attribution License
5191	237100	http://farm1.staticflickr.com/21/30553933_3c04ccfd61_z.jpg	Attribution-NonCommercial License
5192	437224	http://farm4.staticflickr.com/3125/3235845341_2036d5d0fc_z.jpg	Attribution License
5194	73453	http://farm1.staticflickr.com/44/133389130_689a63f4f9_z.jpg	Attribution-NonCommercial License
5195	536078	http://farm1.staticflickr.com/11/12728887_2d540fe7e6_z.jpg	Attribution License
5197	574590	http://farm4.staticflickr.com/3539/3320944038_a78b80774d_z.jpg	Attribution-NonCommercial License
5199	555982	http://farm4.staticflickr.com/3107/2806082743_43447ff4ef_z.jpg	Attribution-NonCommercial-ShareAlike License
5200	262041	http://farm4.staticflickr.com/3565/3788343516_23590db3de_z.jpg	Attribution-NonCommercial License
5201	317725	http://farm4.staticflickr.com/3666/9222419905_6e4b507d7e_z.jpg	Attribution-NonCommercial License
5202	402775	http://farm4.staticflickr.com/3423/3865798448_e28ae719e8_z.jpg	Attribution-NonCommercial-ShareAlike License
5204	74492	http://farm1.staticflickr.com/35/122545985_e62f3fb787_z.jpg	Attribution-NonCommercial-ShareAlike License
5205	386092	http://farm5.staticflickr.com/4023/4308098439_59b03170a1_z.jpg	Attribution-NonCommercial-ShareAlike License
5206	31673	http://farm1.staticflickr.com/30/42132074_8164e2d89f_z.jpg	Attribution-NonCommercial-NoDerivs License
5207	493728	http://farm8.staticflickr.com/7319/9446939760_38f0c2a6d2_z.jpg	Attribution-NonCommercial-NoDerivs License
5209	343914	http://farm2.staticflickr.com/1235/558849478_ceb7e2f246_z.jpg	Attribution-NonCommercial-NoDerivs License
5210	480153	http://farm6.staticflickr.com/5125/5261109055_8ccae06aed_z.jpg	Attribution-ShareAlike License
5211	82518	http://farm2.staticflickr.com/1042/952388242_37223f47c0_z.jpg	Attribution-NonCommercial License
5212	294124	http://farm6.staticflickr.com/5009/5276172503_0746bf095a_z.jpg	Attribution-NonCommercial-ShareAlike License
5213	179319	http://farm3.staticflickr.com/2146/2744320900_c984e713b1_z.jpg	Attribution-NoDerivs License
5215	39588	http://farm5.staticflickr.com/4016/4704807700_16ff0ba866_z.jpg	Attribution-NonCommercial-ShareAlike License
5216	531507	http://farm4.staticflickr.com/3028/3510751451_83e0e0cfcd_z.jpg	Attribution-NonCommercial-NoDerivs License
5217	232963	http://farm4.staticflickr.com/3169/3017386019_32345947cc_z.jpg	Attribution-NonCommercial License
5218	449872	http://farm7.staticflickr.com/6131/5937370766_48ab144278_z.jpg	Attribution License
5219	415967	http://farm7.staticflickr.com/6146/5964666331_95a2e2e59f_z.jpg	Attribution-NonCommercial-NoDerivs License
5220	491268	http://farm4.staticflickr.com/3517/4007242217_4bd2e8b769_z.jpg	Attribution-NonCommercial-ShareAlike License
5221	75051	http://farm4.staticflickr.com/3071/3024475423_cb79891b71_z.jpg	Attribution-NonCommercial-NoDerivs License
5222	315603	http://farm9.staticflickr.com/8525/8549201098_c8f441eb4c_z.jpg	Attribution-NonCommercial License
5223	394151	http://farm5.staticflickr.com/4004/4221547599_634b8db52a_z.jpg	Attribution-NonCommercial-NoDerivs License
5224	367018	http://farm8.staticflickr.com/7430/9292987096_2820c0a28e_z.jpg	Attribution-NonCommercial-NoDerivs License
5225	298071	http://farm1.staticflickr.com/86/220963971_37b04600cb_z.jpg	Attribution-ShareAlike License
5228	395469	http://farm1.staticflickr.com/73/228463106_e6bafb4d73_z.jpg	Attribution-NonCommercial-ShareAlike License
5230	571644	http://farm1.staticflickr.com/48/144704549_616ffbf4bd_z.jpg	Attribution-NoDerivs License
5231	179218	http://farm4.staticflickr.com/3793/9831034164_648458b3e1_z.jpg	Attribution-ShareAlike License
5232	272341	http://farm8.staticflickr.com/7456/9769428332_650b5b9709_z.jpg	Attribution-NonCommercial-NoDerivs License
5234	156928	http://farm6.staticflickr.com/5546/9666528141_fb458f781a_z.jpg	Attribution License
5235	335967	http://farm3.staticflickr.com/2875/9202215337_4184b29981_z.jpg	Attribution-NonCommercial-NoDerivs License
5236	40259	http://farm8.staticflickr.com/7135/7448489042_527f82e3b1_z.jpg	Attribution-NonCommercial-ShareAlike License
5237	17766	http://farm8.staticflickr.com/7128/7015029885_7acb00b1d9_z.jpg	Attribution-NonCommercial-ShareAlike License
5238	68482	http://farm9.staticflickr.com/8334/8404801550_f68bf901ee_z.jpg	Attribution License
5239	465776	http://farm5.staticflickr.com/4110/5014582152_e330ccf706_z.jpg	Attribution-ShareAlike License
5240	378437	http://farm3.staticflickr.com/2116/2194803786_8d496c356b_z.jpg	Attribution-ShareAlike License
5241	308847	http://farm8.staticflickr.com/7148/6588149173_96261cbd35_z.jpg	Attribution-NonCommercial License
5242	67117	http://farm5.staticflickr.com/4110/5059906569_b14bc30609_z.jpg	Attribution-NonCommercial-ShareAlike License
5243	484145	http://farm1.staticflickr.com/197/491078073_9468e6116f_z.jpg	Attribution-NonCommercial-ShareAlike License
5244	389843	http://farm4.staticflickr.com/3552/3658871302_b7e25c4d7b_z.jpg	Attribution-NonCommercial-NoDerivs License
5246	376701	http://farm7.staticflickr.com/6116/6276673964_2c92a106bc_z.jpg	Attribution License
5248	177974	http://farm6.staticflickr.com/5190/5620803245_d8e698e625_z.jpg	Attribution-NonCommercial-ShareAlike License
5249	313567	http://farm1.staticflickr.com/17/20720997_5c8b5a0f32_z.jpg	Attribution-NonCommercial-ShareAlike License
5251	257897	http://farm9.staticflickr.com/8492/8365321304_2097e586cc_z.jpg	Attribution-NonCommercial-ShareAlike License
5252	564966	http://farm4.staticflickr.com/3498/4038538447_8047e7ee89_z.jpg	Attribution-NonCommercial-NoDerivs License
5253	426872	http://farm1.staticflickr.com/80/240697943_c18fab9a52_z.jpg	Attribution-NonCommercial-ShareAlike License
5254	418770	http://farm9.staticflickr.com/8067/8238522901_ca72d0f225_z.jpg	Attribution-NonCommercial-ShareAlike License
5255	177529	http://farm2.staticflickr.com/1342/1342680003_e85c0c76a3_z.jpg	Attribution License
5256	333665	http://farm3.staticflickr.com/2224/3707627725_514a328596_z.jpg	Attribution-NonCommercial License
5257	483889	http://farm2.staticflickr.com/1015/1110227844_c9d1a44977_z.jpg	Attribution-NonCommercial-ShareAlike License
5258	34975	http://farm2.staticflickr.com/1125/709027326_68479dff4b_z.jpg	Attribution-NonCommercial-ShareAlike License
5259	478227	http://farm3.staticflickr.com/2060/2155776473_e2fc551140_z.jpg	Attribution-NonCommercial-NoDerivs License
5260	411446	http://farm4.staticflickr.com/3635/3505906713_5026153954_z.jpg	Attribution-NonCommercial-NoDerivs License
5261	116957	http://farm9.staticflickr.com/8489/8245063025_4ff1b84039_z.jpg	Attribution-NonCommercial-NoDerivs License
5263	180048	http://farm6.staticflickr.com/5236/7152445257_0bf01814cb_z.jpg	Attribution-NonCommercial License
5264	29146	http://farm9.staticflickr.com/8483/8183745965_358c281be4_z.jpg	Attribution-NonCommercial-ShareAlike License
5265	116439	http://farm3.staticflickr.com/2474/3735403050_b4ebfff4e4_z.jpg	Attribution-NonCommercial-NoDerivs License
5266	26833	http://farm4.staticflickr.com/3730/9626835590_e7ffaa76c7_z.jpg	Attribution License
5267	245451	http://farm3.staticflickr.com/2085/2283512742_ab2af00f75_z.jpg	Attribution-NonCommercial-ShareAlike License
5269	453442	http://farm1.staticflickr.com/231/493182455_57a1f7921d_z.jpg	Attribution-NonCommercial-NoDerivs License
5271	284143	http://farm4.staticflickr.com/3585/3405381917_0b0269dfbf_z.jpg	Attribution-NonCommercial-NoDerivs License
5272	506411	http://farm4.staticflickr.com/3065/2306246413_86b2db3b94_z.jpg	Attribution-NoDerivs License
5273	523711	http://farm4.staticflickr.com/3097/2730547938_26a22980f6_z.jpg	Attribution-NonCommercial-ShareAlike License
5274	160185	http://farm9.staticflickr.com/8307/7812612298_9496717f60_z.jpg	Attribution-NonCommercial-NoDerivs License
5276	157037	http://farm4.staticflickr.com/3106/3513602638_4a404011f6_z.jpg	Attribution License
5277	155319	http://farm5.staticflickr.com/4124/4961468341_e1008f9fb3_z.jpg	Attribution-NonCommercial-NoDerivs License
5278	390395	http://farm1.staticflickr.com/119/288987919_623006557d_z.jpg	Attribution License
5279	324338	http://farm3.staticflickr.com/2060/2383870181_90d66d4da1_z.jpg	Attribution-NonCommercial-NoDerivs License
5281	470714	http://farm6.staticflickr.com/5177/5516064197_71cd6b52e6_z.jpg	Attribution-NonCommercial-ShareAlike License
5282	371628	http://farm5.staticflickr.com/4046/4527941910_106520c8cd_z.jpg	Attribution-NonCommercial-NoDerivs License
5283	61755	http://farm4.staticflickr.com/3023/2677935057_c0cfc27ed3_z.jpg	Attribution-NonCommercial-ShareAlike License
5284	142790	http://farm4.staticflickr.com/3452/3397243379_28a0da45e8_z.jpg	Attribution-NonCommercial-ShareAlike License
5285	179405	http://farm9.staticflickr.com/8186/8094087825_6eded713b7_z.jpg	Attribution-NonCommercial-NoDerivs License
5286	450152	http://farm5.staticflickr.com/4020/4428553594_fcc696c555_z.jpg	Attribution-NonCommercial-NoDerivs License
5287	421128	http://farm9.staticflickr.com/8118/8652370014_435fdf0844_z.jpg	Attribution-NonCommercial-ShareAlike License
5288	208372	http://farm7.staticflickr.com/6228/6328146848_80037bc251_z.jpg	Attribution-NonCommercial-ShareAlike License
5289	211080	http://farm4.staticflickr.com/3571/3402197823_6c1c3f2483_z.jpg	Attribution-NonCommercial-ShareAlike License
5290	492469	http://farm4.staticflickr.com/3714/9944253474_5bd8b81a81_z.jpg	Attribution-NonCommercial License
5291	349104	http://farm5.staticflickr.com/4030/4448693149_09b19e69d2_z.jpg	Attribution-ShareAlike License
5293	138166	http://farm4.staticflickr.com/3302/3226730322_c112cd9d40_z.jpg	Attribution-NonCommercial-ShareAlike License
5300	316293	http://farm9.staticflickr.com/8240/8574120874_4ba8c07a01_z.jpg	Attribution-NonCommercial-NoDerivs License
5303	82833	http://farm6.staticflickr.com/5014/5448673052_2e3701d6c1_z.jpg	Attribution-NonCommercial-NoDerivs License
5305	536201	http://farm2.staticflickr.com/1140/716626874_c76e8b2929_z.jpg	Attribution-NonCommercial-NoDerivs License
5306	241100	http://farm3.staticflickr.com/2187/3529037028_56919f22d3_z.jpg	Attribution-NonCommercial License
5307	200612	http://farm3.staticflickr.com/2839/9490821483_b62a338c13_z.jpg	Attribution-NonCommercial-ShareAlike License
5308	69188	http://farm4.staticflickr.com/3053/2803607187_0cbb88066a_z.jpg	Attribution-NonCommercial License
5310	122838	http://farm9.staticflickr.com/8285/7712160818_e86ca9aaa3_z.jpg	Attribution License
5312	534210	http://farm5.staticflickr.com/4067/4634105148_22cb9fc5a8_z.jpg	Attribution-NonCommercial-ShareAlike License
5314	572443	http://farm5.staticflickr.com/4066/4400989327_cd0382d602_z.jpg	Attribution-NonCommercial License
5315	284152	http://farm1.staticflickr.com/52/140010480_3a3a314acb_z.jpg	Attribution-NonCommercial-NoDerivs License
5316	345225	http://farm9.staticflickr.com/8500/8346440477_593795083e_z.jpg	Attribution License
5317	221515	http://farm2.staticflickr.com/1260/1277647247_c2ce225158_z.jpg	Attribution-NonCommercial-NoDerivs License
5319	46537	http://farm9.staticflickr.com/8015/7188912123_066870e01c_z.jpg	Attribution License
5322	482694	http://farm6.staticflickr.com/5208/5380985494_044babe9e8_z.jpg	Attribution-NonCommercial-NoDerivs License
5323	449071	http://farm2.staticflickr.com/1064/1445751748_c4187864a9_z.jpg	Attribution-NonCommercial-ShareAlike License
5324	430101	http://farm5.staticflickr.com/4071/4384392650_0841c3ba0c_z.jpg	Attribution-NonCommercial-ShareAlike License
5325	423944	http://farm4.staticflickr.com/3245/3291373834_bab5dd9ced_z.jpg	Attribution-NonCommercial-ShareAlike License
5332	86192	http://farm5.staticflickr.com/4031/4274247339_e019b473d9_z.jpg	Attribution-NonCommercial License
5333	137127	http://farm5.staticflickr.com/4113/5183970264_52f8051e2e_z.jpg	Attribution License
5335	171199	http://farm8.staticflickr.com/7411/10132508245_4906045f3c_z.jpg	Attribution-NonCommercial-NoDerivs License
5336	491277	http://farm4.staticflickr.com/3329/3198041554_a267382991_z.jpg	Attribution-NonCommercial-ShareAlike License
5337	566955	http://farm2.staticflickr.com/1172/709764980_d7e5d8bec1_z.jpg	Attribution-NoDerivs License
5338	457924	http://farm6.staticflickr.com/5109/5859732420_21c087efbc_z.jpg	Attribution-NonCommercial-ShareAlike License
5339	457924	http://farm6.staticflickr.com/5109/5859732420_21c087efbc_z.jpg	Attribution-NonCommercial-ShareAlike License
5344	20644	http://farm6.staticflickr.com/5319/5884325180_d4b37ff68d_z.jpg	Attribution-NonCommercial-NoDerivs License
5345	424521	http://farm4.staticflickr.com/3263/2628377908_98d0756fab_z.jpg	Attribution-NonCommercial-ShareAlike License
5346	501571	http://farm4.staticflickr.com/3690/9095086945_0be86542db_z.jpg	Attribution-ShareAlike License
5347	49445	http://farm3.staticflickr.com/2486/3863584064_d434a942a2_z.jpg	Attribution-NonCommercial-ShareAlike License
5348	11336	http://farm8.staticflickr.com/7161/6540438659_027c1ef8a9_z.jpg	Attribution-NonCommercial-ShareAlike License
5350	417090	http://farm9.staticflickr.com/8416/10208119873_803a11ba65_z.jpg	Attribution-NonCommercial-NoDerivs License
5351	106419	http://farm1.staticflickr.com/71/154255337_c0af4edc3c_z.jpg	Attribution-NonCommercial-NoDerivs License
5353	64079	http://farm3.staticflickr.com/2288/2055374755_77cde1c4f4_z.jpg	Attribution-NonCommercial License
5356	256229	http://farm4.staticflickr.com/3537/3515640640_0aa677a665_z.jpg	Attribution-NonCommercial-NoDerivs License
5357	233956	http://farm3.staticflickr.com/2851/9572425241_89bd03552e_z.jpg	Attribution License
5358	545832	http://farm4.staticflickr.com/3533/5772170785_8529e29b1a_z.jpg	Attribution-NonCommercial-NoDerivs License
5359	43477	http://farm9.staticflickr.com/8397/9000374403_fc40644b19_z.jpg	Attribution-NonCommercial-ShareAlike License
5360	12641	http://farm4.staticflickr.com/3044/2929663044_d5be5118a4_z.jpg	Attribution-NonCommercial-ShareAlike License
5361	261240	http://farm2.staticflickr.com/1215/1389689882_5e6d435c8e_z.jpg	Attribution-NonCommercial-NoDerivs License
5362	371633	http://farm8.staticflickr.com/7096/7316311256_09830c259f_z.jpg	Attribution-NonCommercial License
5363	296524	http://farm5.staticflickr.com/4001/4494765991_7fd2cc5a8a_z.jpg	Attribution-NonCommercial-ShareAlike License
5364	541493	http://farm9.staticflickr.com/8432/7737110730_4ea4c9e86d_z.jpg	Attribution-NonCommercial-ShareAlike License
5365	189212	http://farm8.staticflickr.com/7348/9102210050_b62352c413_z.jpg	Attribution-NonCommercial-NoDerivs License
5366	274499	http://farm4.staticflickr.com/3307/3284256905_e052f8907b_z.jpg	Attribution License
5370	160653	http://farm3.staticflickr.com/2702/4267062910_97dcb45c09_z.jpg	Attribution-NonCommercial License
5372	444214	http://farm4.staticflickr.com/3269/5713440584_97f98b8f8a_z.jpg	Attribution License
5374	298547	http://farm7.staticflickr.com/6204/6092909380_8006fe596f_z.jpg	Attribution-NonCommercial-ShareAlike License
5376	340998	http://farm9.staticflickr.com/8330/8439459791_0781b9f894_z.jpg	Attribution-NonCommercial License
5377	410576	http://farm3.staticflickr.com/2320/2211859278_a313b40e79_z.jpg	Attribution-NonCommercial License
5379	344945	http://farm6.staticflickr.com/5129/5347667236_8d58bf5044_z.jpg	Attribution-NonCommercial-ShareAlike License
5380	13455	http://farm9.staticflickr.com/8423/7627134832_0389228302_z.jpg	Attribution-NonCommercial License
5382	78381	http://farm4.staticflickr.com/3134/2578962797_021221f956_z.jpg	Attribution-NonCommercial-ShareAlike License
5383	507224	http://farm9.staticflickr.com/8233/8494056404_6c9a840eaa_z.jpg	Attribution-NonCommercial-ShareAlike License
5384	499697	http://farm7.staticflickr.com/6109/6230529978_ea903a8f6e_z.jpg	Attribution-NonCommercial-ShareAlike License
5385	461673	http://farm1.staticflickr.com/26/93202758_d85e7dd0a6_z.jpg	Attribution-NonCommercial-ShareAlike License
5386	66373	http://farm1.staticflickr.com/40/84778788_d0b043cfa2_z.jpg	Attribution-NonCommercial-ShareAlike License
5387	273321	http://farm1.staticflickr.com/99/316726331_10dba5af89_z.jpg	Attribution-NonCommercial-NoDerivs License
5388	399058	http://farm8.staticflickr.com/7252/7511765904_e3ca2e8b33_z.jpg	Attribution-NonCommercial-ShareAlike License
5389	329077	http://farm9.staticflickr.com/8215/8360050829_9d98906b6d_z.jpg	Attribution-NonCommercial-ShareAlike License
5390	48947	http://farm9.staticflickr.com/8291/7853915338_1b9f068ab4_z.jpg	Attribution-NonCommercial License
5391	225130	http://farm5.staticflickr.com/4044/4670436520_990c5af73d_z.jpg	Attribution-NoDerivs License
5393	292053	http://farm4.staticflickr.com/3587/3524653509_830b03da94_z.jpg	Attribution-NoDerivs License
5395	239478	http://farm4.staticflickr.com/3267/2659930414_f856f66b03_z.jpg	Attribution-NonCommercial-ShareAlike License
5396	525187	http://farm5.staticflickr.com/4151/5072883143_c6bf908961_z.jpg	Attribution-NonCommercial-ShareAlike License
5397	445055	http://farm3.staticflickr.com/2290/2128091146_3e343ab74c_z.jpg	Attribution License
5399	316993	http://farm1.staticflickr.com/22/45627517_86f79d0e07_z.jpg	Attribution-NonCommercial License
5402	43580	http://farm1.staticflickr.com/88/268880005_b61cb40c55_z.jpg	Attribution-NonCommercial-NoDerivs License
5404	434270	http://farm2.staticflickr.com/1317/1466473278_a97658fa4c_z.jpg	Attribution-NonCommercial-ShareAlike License
5407	457892	http://farm9.staticflickr.com/8438/8007680704_2a0162f97b_z.jpg	Attribution-ShareAlike License
5408	163451	http://farm3.staticflickr.com/2676/3717031681_f6d9e47972_z.jpg	Attribution License
5409	30434	http://farm6.staticflickr.com/5118/7096195249_b7181c2738_z.jpg	Attribution License
5410	464737	http://farm4.staticflickr.com/3587/3618870481_b31409f2ff_z.jpg	Attribution-NonCommercial-NoDerivs License
5411	222676	http://farm6.staticflickr.com/5234/5811676472_c84883346a_z.jpg	Attribution-NonCommercial-NoDerivs License
5413	168231	http://farm9.staticflickr.com/8243/8525275337_097b763e2f_z.jpg	Attribution-NonCommercial-NoDerivs License
5415	378448	http://farm9.staticflickr.com/8228/8359838814_7668c45b2c_z.jpg	Attribution License
5418	7936	http://farm9.staticflickr.com/8061/8205914829_66b3dbe662_z.jpg	Attribution-NonCommercial-NoDerivs License
5422	538424	http://farm5.staticflickr.com/4040/4261829793_f77c2964cb_z.jpg	Attribution-NonCommercial-ShareAlike License
5423	551154	http://farm9.staticflickr.com/8501/8257111050_65ce10010a_z.jpg	Attribution License
5424	435963	http://farm5.staticflickr.com/4027/4678671449_96950021e3_z.jpg	Attribution-NonCommercial-NoDerivs License
5425	563177	http://farm7.staticflickr.com/6239/6282761153_d5f3028ee7_z.jpg	Attribution-NonCommercial License
5427	457184	http://farm8.staticflickr.com/7443/9305693951_b033561b4b_z.jpg	Attribution-NoDerivs License
5429	527164	http://farm4.staticflickr.com/3580/3347799380_5274e7f15a_z.jpg	Attribution-NonCommercial-ShareAlike License
5430	222026	http://farm1.staticflickr.com/42/263095880_b3cbbb4f19_z.jpg	Attribution-NonCommercial-ShareAlike License
5432	158005	http://farm6.staticflickr.com/5523/9984192575_b2ccee5b98_z.jpg	Attribution-NonCommercial-ShareAlike License
5434	138781	http://farm8.staticflickr.com/7037/6916320613_d67e3feceb_z.jpg	Attribution-NonCommercial License
5435	501348	http://farm7.staticflickr.com/6041/6239324140_e4eb82ea98_z.jpg	Attribution License
5437	44298	http://farm1.staticflickr.com/131/331264411_4ca6988182_z.jpg	Attribution-ShareAlike License
5438	372343	http://farm4.staticflickr.com/3225/5805678230_77a0759e16_z.jpg	Attribution-NonCommercial-ShareAlike License
5439	559127	http://farm3.staticflickr.com/2550/3853173611_8eaeefdc5c_z.jpg	Attribution License
5440	265625	http://farm9.staticflickr.com/8285/7733120764_37d56a4798_z.jpg	Attribution-NonCommercial-ShareAlike License
5441	533293	http://farm6.staticflickr.com/5102/5625348564_fb6f977611_z.jpg	Attribution-NonCommercial-NoDerivs License
5442	112207	http://farm1.staticflickr.com/112/301279557_63c63fa482_z.jpg	Attribution-NoDerivs License
5444	95363	http://farm5.staticflickr.com/4062/4427620271_2cb87da54d_z.jpg	Attribution-ShareAlike License
5445	222831	http://farm4.staticflickr.com/3111/2461588926_abbb143e50_z.jpg	Attribution-NoDerivs License
5446	73333	http://farm8.staticflickr.com/7144/6577342839_807545dfb4_z.jpg	Attribution License
5448	486899	http://farm4.staticflickr.com/3020/2460098586_2a0de88483_z.jpg	Attribution-NonCommercial-ShareAlike License
5449	439306	http://farm3.staticflickr.com/2760/4173600340_7124b9d29c_z.jpg	Attribution-NonCommercial License
5450	542771	http://farm9.staticflickr.com/8320/8053903292_c6e8c98d34_z.jpg	Attribution-NonCommercial License
5451	427149	http://farm1.staticflickr.com/106/261903299_2e68aa5c6e_z.jpg	Attribution-NonCommercial License
5452	322106	http://farm8.staticflickr.com/7271/6926682210_0aa35c0be0_z.jpg	Attribution-NonCommercial-ShareAlike License
5453	244674	http://farm8.staticflickr.com/7123/7723644146_a8b387bee2_z.jpg	Attribution-NonCommercial-NoDerivs License
5454	312191	http://farm5.staticflickr.com/4086/5198416065_4f534e8a8d_z.jpg	Attribution License
5455	369991	http://farm4.staticflickr.com/3009/2797878220_9c4179ea71_z.jpg	Attribution-ShareAlike License
5456	65773	http://farm4.staticflickr.com/3625/3596491190_bb7c44afa8_z.jpg	Attribution-ShareAlike License
5457	41842	http://farm4.staticflickr.com/3133/2340422681_2e6a18fcaa_z.jpg	Attribution-NonCommercial-ShareAlike License
5458	300207	http://farm9.staticflickr.com/8152/7121881989_11eca86851_z.jpg	Attribution-NonCommercial License
5459	476628	http://farm9.staticflickr.com/8479/8209119458_d25eb67dd4_z.jpg	Attribution License
5460	559249	http://farm6.staticflickr.com/5134/5509249472_ec6a4ce644_z.jpg	Attribution-NonCommercial License
5461	537807	http://farm4.staticflickr.com/3031/2833597021_3b287825c2_z.jpg	Attribution-NonCommercial License
5462	322059	http://farm3.staticflickr.com/2870/9465172557_3f5ac3e1a0_z.jpg	Attribution License
5463	58307	http://farm5.staticflickr.com/4062/4461684991_232283592d_z.jpg	Attribution-NonCommercial-NoDerivs License
5465	124718	http://farm9.staticflickr.com/8292/7523868982_84c2b764d4_z.jpg	Attribution-NonCommercial-NoDerivs License
5466	258135	http://farm1.staticflickr.com/38/118481325_7bc1064002_z.jpg	Attribution-NonCommercial-ShareAlike License
5467	238881	http://farm4.staticflickr.com/3649/3678391310_431366e39f_z.jpg	Attribution License
5468	30044	http://farm5.staticflickr.com/4096/5602609436_047cb452d7_z.jpg	Attribution-NonCommercial-NoDerivs License
5469	509192	http://farm4.staticflickr.com/3610/5708630326_7c68a1d747_z.jpg	Attribution-NonCommercial-ShareAlike License
5470	438964	http://farm4.staticflickr.com/3322/4593421503_a681bdc8ca_z.jpg	Attribution-ShareAlike License
5474	49553	http://farm6.staticflickr.com/5104/5670010401_85531a3b2e_z.jpg	Attribution-NonCommercial-NoDerivs License
5475	491277	http://farm4.staticflickr.com/3329/3198041554_a267382991_z.jpg	Attribution-NonCommercial-ShareAlike License
5476	551439	http://farm4.staticflickr.com/3249/3113939181_e7ca0d0198_z.jpg	Attribution-NoDerivs License
5477	258388	http://farm6.staticflickr.com/5121/5253453194_4ebb2ee78e_z.jpg	Attribution-NonCommercial-ShareAlike License
5479	422515	http://farm1.staticflickr.com/73/205733418_d5d83145d1_z.jpg	Attribution-NonCommercial-ShareAlike License
5480	241283	http://farm8.staticflickr.com/7194/6993396763_0dbb64bd88_z.jpg	Attribution-NonCommercial-ShareAlike License
5481	487462	http://farm3.staticflickr.com/2447/3834242524_73ec44b827_z.jpg	Attribution-NonCommercial-ShareAlike License
5482	152543	http://farm9.staticflickr.com/8300/7951709028_bd5df39ce3_z.jpg	Attribution-NonCommercial License
5484	335824	http://farm9.staticflickr.com/8100/8473794658_da9cf7d3d0_z.jpg	Attribution-NonCommercial-ShareAlike License
5488	527995	http://farm3.staticflickr.com/2365/2083038906_3f3a216983_z.jpg	Attribution-NonCommercial-ShareAlike License
5491	108152	http://farm8.staticflickr.com/7307/9221540664_a30b4ffdc9_z.jpg	Attribution-NonCommercial License
5492	419892	http://farm9.staticflickr.com/8091/8499007583_09ba2c206e_z.jpg	Attribution License
5493	517139	http://farm4.staticflickr.com/3266/3205525603_b6de069f02_z.jpg	Attribution-NonCommercial-ShareAlike License
5495	435742	http://farm9.staticflickr.com/8044/8147635263_46cd93335e_z.jpg	Attribution-NonCommercial-NoDerivs License
5496	36034	http://farm2.staticflickr.com/1375/1394861946_171ea43524_z.jpg	Attribution-ShareAlike License
5497	205762	http://farm4.staticflickr.com/3254/3140139456_6c90f0ffd3_z.jpg	Attribution-NonCommercial-NoDerivs License
5500	100283	http://farm7.staticflickr.com/6021/5939615776_833fd7f92e_z.jpg	Attribution-NonCommercial-NoDerivs License
5502	325629	http://farm3.staticflickr.com/2820/9229212111_2379cb4184_z.jpg	Attribution-NonCommercial-ShareAlike License
5503	67077	http://farm1.staticflickr.com/108/302145785_f447ae2d82_z.jpg	Attribution-ShareAlike License
5505	444134	http://farm6.staticflickr.com/5459/6941565430_5f26450f3a_z.jpg	Attribution-NonCommercial-NoDerivs License
5506	455203	http://farm8.staticflickr.com/7152/6609113825_71b3b79e3e_z.jpg	Attribution-NonCommercial-ShareAlike License
5507	36262	http://farm1.staticflickr.com/42/119341850_c0fe4f6151_z.jpg	Attribution-NonCommercial-NoDerivs License
5512	346107	http://farm9.staticflickr.com/8113/8923565773_0e3c259fae_z.jpg	Attribution-NonCommercial License
5513	454436	http://farm6.staticflickr.com/5030/5688802113_4e2ed54196_z.jpg	Attribution-NonCommercial-NoDerivs License
5515	296884	http://farm3.staticflickr.com/2829/9153567398_5efd966faa_z.jpg	No known copyright restrictions
5516	312828	http://farm3.staticflickr.com/2617/3899171328_f755a08382_z.jpg	Attribution-NonCommercial-NoDerivs License
5517	318702	http://farm8.staticflickr.com/7031/6730376153_b1a86ec544_z.jpg	Attribution-NonCommercial-ShareAlike License
5518	426829	http://farm7.staticflickr.com/6006/5994801057_abf8501c28_z.jpg	Attribution-NonCommercial-ShareAlike License
5519	578174	http://farm9.staticflickr.com/8308/7775036022_aea373fb2d_z.jpg	Attribution-NonCommercial-NoDerivs License
5521	570185	http://farm3.staticflickr.com/2441/3851434335_c9116c47a1_z.jpg	Attribution-NonCommercial-NoDerivs License
5522	516012	http://farm7.staticflickr.com/6140/6013362207_a6ab9a2773_z.jpg	Attribution-NoDerivs License
5523	80733	http://farm6.staticflickr.com/5018/5405130538_7fc86763eb_z.jpg	Attribution-NonCommercial-NoDerivs License
5524	398817	http://farm6.staticflickr.com/5189/5556047971_7395604e68_z.jpg	Attribution License
5526	199534	http://farm9.staticflickr.com/8207/8223245516_9562ded409_z.jpg	Attribution-ShareAlike License
5527	257666	http://farm9.staticflickr.com/8175/8004016348_3ac01d4615_z.jpg	Attribution-NonCommercial-NoDerivs License
5529	431947	http://farm1.staticflickr.com/174/437580781_1bdda65197_z.jpg	Attribution-NonCommercial License
5531	279824	http://farm7.staticflickr.com/6033/6214507828_5dc54209ab_z.jpg	Attribution-NonCommercial-ShareAlike License
5532	273416	http://farm4.staticflickr.com/3282/5703180183_fdb42bf35c_z.jpg	Attribution-ShareAlike License
5533	75493	http://farm1.staticflickr.com/37/108293022_33cedf3361_z.jpg	Attribution-NonCommercial-NoDerivs License
5534	323186	http://farm5.staticflickr.com/4011/4417099739_c536b820f9_z.jpg	Attribution-NonCommercial License
5535	110415	http://farm1.staticflickr.com/168/363098068_9841ab19bf_z.jpg	Attribution-NonCommercial-ShareAlike License
5536	91149	http://farm9.staticflickr.com/8531/8543191016_3481e7994c_z.jpg	Attribution-NonCommercial-NoDerivs License
5537	112800	http://farm9.staticflickr.com/8166/7324206602_896d82a9ec_z.jpg	Attribution-NonCommercial-NoDerivs License
5539	158625	http://farm3.staticflickr.com/2785/4398862377_6b7caf6f65_z.jpg	Attribution-NonCommercial-ShareAlike License
5541	526904	http://farm3.staticflickr.com/2452/3636979260_8d2c4d5a34_z.jpg	Attribution-ShareAlike License
5542	100973	http://farm3.staticflickr.com/2881/9107128068_0fcb683766_z.jpg	Attribution-NonCommercial-ShareAlike License
5543	235276	http://farm3.staticflickr.com/2857/10116367965_db5a6b1068_z.jpg	Attribution-NonCommercial-NoDerivs License
5544	77953	http://farm2.staticflickr.com/1116/1368727345_77491af97c_z.jpg	Attribution-NonCommercial License
5545	366873	http://farm6.staticflickr.com/5330/8828366244_38a3ea92f7_z.jpg	Attribution-NonCommercial-ShareAlike License
5548	240662	http://farm7.staticflickr.com/6168/6176913655_0fd27ba470_z.jpg	Attribution-NonCommercial-ShareAlike License
5549	129030	http://farm8.staticflickr.com/7084/6972983908_b136ea6755_z.jpg	Attribution-ShareAlike License
5551	76295	http://farm1.staticflickr.com/234/3161842460_cfb10a3967_z.jpg	Attribution-NonCommercial-NoDerivs License
5552	275982	http://farm8.staticflickr.com/7166/6581508905_3474ffd64b_z.jpg	Attribution-NonCommercial-ShareAlike License
5553	283187	http://farm3.staticflickr.com/2495/4007234594_77db21c3b3_z.jpg	Attribution-NonCommercial-NoDerivs License
5564	36262	http://farm1.staticflickr.com/42/119341850_c0fe4f6151_z.jpg	Attribution-NonCommercial-NoDerivs License
5570	98038	http://farm8.staticflickr.com/7224/7010094975_9885caf336_z.jpg	Attribution-NonCommercial-NoDerivs License
5571	232243	http://farm6.staticflickr.com/5025/5626498942_ef518c9d78_z.jpg	Attribution License
5573	433998	http://farm6.staticflickr.com/5224/5652833786_ef7dddfb21_z.jpg	Attribution-ShareAlike License
5575	479452	http://farm8.staticflickr.com/7161/6758288423_cdcf9d5e1d_z.jpg	Attribution-NoDerivs License
5576	451131	http://farm4.staticflickr.com/3559/3607189446_6764bcf444_z.jpg	Attribution-NonCommercial-NoDerivs License
5579	137547	http://farm1.staticflickr.com/187/485236477_fead6e90bd_z.jpg	Attribution-ShareAlike License
5581	281262	http://farm8.staticflickr.com/7260/7417144910_babee4b74d_z.jpg	Attribution License
5582	374043	http://farm2.staticflickr.com/1258/704339554_ed58b641e1_z.jpg	Attribution-NonCommercial-ShareAlike License
5583	501966	http://farm9.staticflickr.com/8067/8182777852_a7cb357494_z.jpg	Attribution-NonCommercial-NoDerivs License
5584	106269	http://farm4.staticflickr.com/3221/2711078814_177e0a3518_z.jpg	Attribution-NonCommercial License
5586	488567	http://farm5.staticflickr.com/4001/4306590692_3dc19f09cb_z.jpg	Attribution-ShareAlike License
5587	559099	http://farm3.staticflickr.com/2833/9073799277_8df5be3151_z.jpg	Attribution-NonCommercial-ShareAlike License
5588	370736	http://farm1.staticflickr.com/146/342040339_51a08c6df8_z.jpg	Attribution-NonCommercial-NoDerivs License
5589	384967	http://farm3.staticflickr.com/2239/2245508060_45f2909cfb_z.jpg	Attribution-NonCommercial-ShareAlike License
5590	85411	http://farm5.staticflickr.com/4016/4529547394_3ec848d1fe_z.jpg	Attribution-NonCommercial-NoDerivs License
5592	427362	http://farm4.staticflickr.com/3193/3004013933_0f80f288d3_z.jpg	Attribution License
5594	33813	http://farm4.staticflickr.com/3488/3230395163_cc25a84383_z.jpg	Attribution License
5597	189598	http://farm9.staticflickr.com/8050/8374011213_9b318f1fa1_z.jpg	Attribution-ShareAlike License
5598	486421	http://farm5.staticflickr.com/4096/4877894091_5c662d088a_z.jpg	Attribution-NoDerivs License
5599	137829	http://farm4.staticflickr.com/3251/2769833181_86fd813062_z.jpg	Attribution-NonCommercial-NoDerivs License
5600	44946	http://farm5.staticflickr.com/4044/4586030156_a5dbf16455_z.jpg	Attribution-NonCommercial-ShareAlike License
5601	100777	http://farm5.staticflickr.com/4018/5157844723_5bbe3322da_z.jpg	Attribution-NonCommercial-NoDerivs License
5603	82518	http://farm2.staticflickr.com/1042/952388242_37223f47c0_z.jpg	Attribution-NonCommercial License
5604	539797	http://farm1.staticflickr.com/165/388595774_bca4c70a87_z.jpg	Attribution License
5605	540765	http://farm3.staticflickr.com/2042/2538359421_dcc9384c12_z.jpg	Attribution-ShareAlike License
5606	70910	http://farm1.staticflickr.com/79/237642744_74a1be0e7c_z.jpg	Attribution-NonCommercial License
5607	380510	http://farm9.staticflickr.com/8026/7469259552_9ce7c27b34_z.jpg	Attribution-NonCommercial-ShareAlike License
5609	180287	http://farm4.staticflickr.com/3284/2976771718_92e973c8a6_z.jpg	Attribution-ShareAlike License
5610	286233	http://farm1.staticflickr.com/152/428710447_07949a625f_z.jpg	Attribution License
5612	190219	http://farm7.staticflickr.com/6005/5994338126_2c9350d745_z.jpg	Attribution-NonCommercial-ShareAlike License
5615	397809	http://farm3.staticflickr.com/2655/4066713220_6e75254232_z.jpg	Attribution-NonCommercial-ShareAlike License
5618	442543	http://farm8.staticflickr.com/7017/6611074085_88593c8448_z.jpg	Attribution-ShareAlike License
5619	185991	http://farm1.staticflickr.com/164/436517138_c02f54dba4_z.jpg	Attribution License
5620	372804	http://farm8.staticflickr.com/7126/7004183781_b24c5bd8eb_z.jpg	Attribution-NonCommercial-NoDerivs License
5621	417751	http://farm1.staticflickr.com/62/191540183_10d8a26dd7_z.jpg	Attribution-NoDerivs License
5622	467300	http://farm9.staticflickr.com/8009/7440866526_cdbf626476_z.jpg	Attribution-ShareAlike License
5623	415119	http://farm3.staticflickr.com/2692/4429274459_a0dbd3b576_z.jpg	Attribution License
5624	115003	http://farm3.staticflickr.com/2509/5731955108_53a7b5f5be_z.jpg	Attribution-NonCommercial-ShareAlike License
5625	471528	http://farm7.staticflickr.com/6115/6292974789_abdf3f4bae_z.jpg	Attribution-NonCommercial License
5627	492535	http://farm1.staticflickr.com/9/85292178_26de39a701_z.jpg	Attribution-NonCommercial-ShareAlike License
5630	313186	http://farm8.staticflickr.com/7023/6581521641_36c8e2e296_z.jpg	Attribution-NoDerivs License
5633	563394	http://farm3.staticflickr.com/2723/4172688630_a190f5f621_z.jpg	No known copyright restrictions
5634	446559	http://farm7.staticflickr.com/6156/6182151119_3f7f4a1ef2_z.jpg	Attribution-NoDerivs License
5635	442026	http://farm9.staticflickr.com/8084/8340104879_489964e139_z.jpg	Attribution-NonCommercial-ShareAlike License
5636	64348	http://farm8.staticflickr.com/7150/6558799769_94c73920d9_z.jpg	Attribution-ShareAlike License
5637	126909	http://farm3.staticflickr.com/2756/4401643312_29f5d946df_z.jpg	Attribution-NonCommercial-ShareAlike License
5638	145179	http://farm9.staticflickr.com/8105/8522092309_136478ff6e_z.jpg	Attribution License
5639	167528	http://farm6.staticflickr.com/5515/9430569574_4735479d10_z.jpg	Attribution-NonCommercial-ShareAlike License
5640	373153	http://farm9.staticflickr.com/8461/7957594562_f5d9559288_z.jpg	Attribution License
5643	69693	http://farm9.staticflickr.com/8297/7931924026_ee7b09dd48_z.jpg	Attribution-NonCommercial-ShareAlike License
5644	138067	http://farm7.staticflickr.com/6044/6225183204_a7a5ced5fc_z.jpg	Attribution-NonCommercial-ShareAlike License
5645	229997	http://farm3.staticflickr.com/2771/4517379000_2189421767_z.jpg	Attribution-ShareAlike License
5647	542	http://farm6.staticflickr.com/5022/5684489788_10dccef84e_z.jpg	No known copyright restrictions
5648	311531	http://farm1.staticflickr.com/168/460968056_d38ef2a7d2_z.jpg	Attribution-NonCommercial License
5649	431378	http://farm5.staticflickr.com/4114/5447264602_d583e93b24_z.jpg	Attribution-NonCommercial-ShareAlike License
5650	15260	http://farm6.staticflickr.com/5172/5564300416_93a7c9379d_z.jpg	Attribution License
5652	382999	http://farm6.staticflickr.com/5468/7244610102_482db5d7e2_z.jpg	Attribution License
5653	33345	http://farm4.staticflickr.com/3361/3596575912_ecdc5fe0a2_z.jpg	Attribution-NonCommercial-ShareAlike License
5654	147172	http://farm5.staticflickr.com/4056/5118790931_6047eeb229_z.jpg	Attribution License
5657	471096	http://farm5.staticflickr.com/4073/4960308437_c143e0bbf0_z.jpg	Attribution-NonCommercial-NoDerivs License
5660	369991	http://farm4.staticflickr.com/3009/2797878220_9c4179ea71_z.jpg	Attribution-ShareAlike License
5661	361619	http://farm4.staticflickr.com/3221/2948961484_ac59156aef_z.jpg	Attribution-NonCommercial-ShareAlike License
5663	465759	http://farm4.staticflickr.com/3204/3108370390_4bd2e1583a_z.jpg	Attribution-NonCommercial-NoDerivs License
5665	26522	http://farm8.staticflickr.com/7354/10162673566_8e06db878d_z.jpg	Attribution-NoDerivs License
5666	463110	http://farm7.staticflickr.com/6073/6026840426_8b04097498_z.jpg	Attribution-NonCommercial-ShareAlike License
5667	481868	http://farm8.staticflickr.com/7324/10223538796_9c488818e0_z.jpg	Attribution License
5668	116607	http://farm8.staticflickr.com/7110/7735730180_934556048a_z.jpg	Attribution-ShareAlike License
5669	120905	http://farm9.staticflickr.com/8350/8168105747_b1582e8f7e_z.jpg	Attribution-NonCommercial-NoDerivs License
5672	575110	http://farm4.staticflickr.com/3282/3012283434_ba549d1e8a_z.jpg	Attribution-ShareAlike License
5673	93288	http://farm2.staticflickr.com/1294/4662170585_f86267ab6a_z.jpg	Attribution-NonCommercial-NoDerivs License
5674	14857	http://farm1.staticflickr.com/147/337547702_2c8034a49c_z.jpg	Attribution-NonCommercial-ShareAlike License
5676	480452	http://farm9.staticflickr.com/8255/8633694513_c15965cb41_z.jpg	Attribution-NonCommercial License
5677	271006	http://farm3.staticflickr.com/2456/3813376537_7539f1af69_z.jpg	Attribution-NonCommercial-ShareAlike License
5678	444533	http://farm2.staticflickr.com/1107/1407365819_41c2182ee3_z.jpg	Attribution-NonCommercial License
5679	262285	http://farm4.staticflickr.com/3408/3187166367_f8e8256f03_z.jpg	Attribution-NonCommercial-NoDerivs License
5680	236406	http://farm1.staticflickr.com/28/55362450_55486f910e_z.jpg	Attribution-NonCommercial-ShareAlike License
5681	463024	http://farm4.staticflickr.com/3635/3513188787_d9e5d47db6_z.jpg	Attribution-NonCommercial License
5682	93139	http://farm2.staticflickr.com/1076/1269018825_32fe5ecb0a_z.jpg	Attribution License
5683	462801	http://farm1.staticflickr.com/218/504633751_f08c9e1350_z.jpg	Attribution-NonCommercial-ShareAlike License
5684	510757	http://farm6.staticflickr.com/5451/7069876095_fe9af87b2e_z.jpg	Attribution-NonCommercial-ShareAlike License
5685	324553	http://farm7.staticflickr.com/6172/6198252384_9f68f56667_z.jpg	Attribution-NonCommercial-ShareAlike License
5687	343728	http://farm9.staticflickr.com/8041/7974277959_31433c8660_z.jpg	Attribution License
5688	203216	http://farm4.staticflickr.com/3219/2468963013_d6a673aba2_z.jpg	Attribution-NonCommercial-NoDerivs License
5691	572289	http://farm1.staticflickr.com/34/89084512_85acd9fbf6_z.jpg	Attribution-NonCommercial-ShareAlike License
5693	252213	http://farm5.staticflickr.com/4048/4316527249_4d65dbd3bb_z.jpg	Attribution-NonCommercial-ShareAlike License
5696	457074	http://farm4.staticflickr.com/3264/2647104501_a8b5d0f387_z.jpg	Attribution-NonCommercial License
5697	254536	http://farm3.staticflickr.com/2225/2218703016_a65fd9a66f_z.jpg	Attribution-ShareAlike License
5698	1398	http://farm1.staticflickr.com/35/67538551_96f065c60d_z.jpg	Attribution License
5700	362369	http://farm3.staticflickr.com/2791/4455752820_2270733f3a_z.jpg	Attribution-NonCommercial-NoDerivs License
5703	177572	http://farm3.staticflickr.com/2122/1572983708_51533f71bd_z.jpg	Attribution-NonCommercial License
5705	344238	http://farm7.staticflickr.com/6126/5992328599_3b5c505078_z.jpg	Attribution-NonCommercial-ShareAlike License
5708	194510	http://farm8.staticflickr.com/7301/9839136874_407aa87a1a_z.jpg	Attribution-NonCommercial License
5709	172297	http://farm7.staticflickr.com/6086/6076272402_a3b4fce4b6_z.jpg	Attribution-NonCommercial License
5711	267229	http://farm9.staticflickr.com/8065/8241452881_fd47169d4f_z.jpg	Attribution-ShareAlike License
5712	260957	http://farm9.staticflickr.com/8421/7825902538_f5eb3cedb6_z.jpg	Attribution-NonCommercial-NoDerivs License
5713	54229	http://farm9.staticflickr.com/8470/8097869657_f6688e1240_z.jpg	Attribution License
5714	416589	http://farm2.staticflickr.com/1029/817029381_3c2006f607_z.jpg	Attribution-NonCommercial-NoDerivs License
5717	223500	http://farm8.staticflickr.com/7045/7030451463_0130d0d6eb_z.jpg	Attribution License
5720	260293	http://farm9.staticflickr.com/8263/8811545392_87fe0beb2a_z.jpg	Attribution-NonCommercial-ShareAlike License
5721	572441	http://farm2.staticflickr.com/1263/5105566499_de2749d1e0_z.jpg	Attribution License
5722	327500	http://farm3.staticflickr.com/2481/3849597955_4eab9bf841_z.jpg	Attribution-NonCommercial-NoDerivs License
5724	194188	http://farm5.staticflickr.com/4015/4636459814_3db7f82cf2_z.jpg	Attribution-NonCommercial-ShareAlike License
5725	497032	http://farm2.staticflickr.com/1372/1240992717_a4220bc4b1_z.jpg	Attribution License
5727	129433	http://farm9.staticflickr.com/8301/7993888367_fb47449e18_z.jpg	Attribution-NoDerivs License
5729	163197	http://farm8.staticflickr.com/7135/7426139712_2d8edf9611_z.jpg	Attribution License
5730	49761	http://farm3.staticflickr.com/2623/3995406203_828f6deabf_z.jpg	Attribution-NoDerivs License
5732	416018	http://farm4.staticflickr.com/3211/2987041345_85288f56e8_z.jpg	Attribution-NonCommercial License
5735	345882	http://farm3.staticflickr.com/2008/4509260706_686d3f9abc_z.jpg	Attribution-NonCommercial-ShareAlike License
5736	531049	http://farm4.staticflickr.com/3279/2586026512_81c5554ff5_z.jpg	Attribution-NoDerivs License
5738	346932	http://farm2.staticflickr.com/1308/5182035273_8128cda422_z.jpg	Attribution-NonCommercial-ShareAlike License
5739	351972	http://farm1.staticflickr.com/108/287190462_a374abf27a_z.jpg	Attribution-NoDerivs License
5740	108602	http://farm4.staticflickr.com/3002/2721391891_f86f4da3a4_z.jpg	Attribution-NonCommercial License
5745	126751	http://farm3.staticflickr.com/2421/3891932725_66e5479543_z.jpg	Attribution-NonCommercial-NoDerivs License
5747	75027	http://farm1.staticflickr.com/129/419698310_3492637c26_z.jpg	Attribution-NonCommercial-ShareAlike License
5749	451346	http://farm9.staticflickr.com/8470/8433638323_5ec45f799e_z.jpg	Attribution-NoDerivs License
5750	452011	http://farm4.staticflickr.com/3497/3316753635_31a26c046b_z.jpg	Attribution-NoDerivs License
5751	402364	http://farm2.staticflickr.com/1174/915151879_97a0230581_z.jpg	Attribution-NonCommercial-NoDerivs License
5754	227245	http://farm7.staticflickr.com/6157/6262135055_59b371e767_z.jpg	Attribution-NonCommercial-NoDerivs License
5755	239427	http://farm1.staticflickr.com/48/160816292_fe0d2cf1df_z.jpg	Attribution-ShareAlike License
5757	263388	http://farm8.staticflickr.com/7162/6826038239_3b0104d6bc_z.jpg	Attribution-NonCommercial-NoDerivs License
5758	503252	http://farm7.staticflickr.com/6140/5917124033_bd443a2db0_z.jpg	Attribution-NonCommercial-ShareAlike License
5759	122838	http://farm9.staticflickr.com/8285/7712160818_e86ca9aaa3_z.jpg	Attribution License
5760	563961	http://farm8.staticflickr.com/7208/6953238117_f55ec576be_z.jpg	Attribution-NonCommercial-NoDerivs License
5762	70298	http://farm2.staticflickr.com/1227/872384169_1694dd45e4_z.jpg	Attribution-NonCommercial-NoDerivs License
5764	432317	http://farm7.staticflickr.com/6060/6351943789_90342f1aa9_z.jpg	Attribution-NonCommercial License
5765	167870	http://farm3.staticflickr.com/2054/2008795001_42eb351ef3_z.jpg	Attribution-NonCommercial-NoDerivs License
5766	261669	http://farm4.staticflickr.com/3004/2990524766_ab3eb08183_z.jpg	Attribution-NonCommercial-ShareAlike License
5771	211192	http://farm1.staticflickr.com/62/185982362_be086ed5ed_z.jpg	Attribution-NonCommercial License
5773	104191	http://farm9.staticflickr.com/8512/8362910441_5eac368f38_z.jpg	Attribution-NonCommercial-ShareAlike License
5778	153270	http://farm4.staticflickr.com/3632/3618608530_064c6d794c_z.jpg	Attribution-NonCommercial-NoDerivs License
5779	215655	http://farm8.staticflickr.com/7044/6801365582_5046578697_z.jpg	Attribution-NonCommercial-ShareAlike License
5781	212019	http://farm3.staticflickr.com/2486/4065518868_6959b5d227_z.jpg	Attribution-NonCommercial License
5782	300864	http://farm4.staticflickr.com/3109/5799157976_3c3f3e4e20_z.jpg	Attribution-NonCommercial License
5787	486449	http://farm1.staticflickr.com/133/321064144_f3736bd85a_z.jpg	Attribution License
5788	562582	http://farm6.staticflickr.com/5215/5470775991_7370786ac1_z.jpg	Attribution-NonCommercial-ShareAlike License
5790	313608	http://farm9.staticflickr.com/8287/7831459200_9a75de244e_z.jpg	Attribution-NonCommercial-ShareAlike License
5796	58930	http://farm9.staticflickr.com/8214/8343476630_75e916fa81_z.jpg	Attribution-NonCommercial License
5801	122997	http://farm8.staticflickr.com/7038/6809075238_a6ac5fabd4_z.jpg	Attribution-NonCommercial-ShareAlike License
5803	258909	http://farm9.staticflickr.com/8123/8906020539_bf1f9dcd81_z.jpg	Attribution-NonCommercial-ShareAlike License
5815	210374	http://farm7.staticflickr.com/6003/6009404350_bc1b653dc0_z.jpg	Attribution-ShareAlike License
5819	377949	http://farm3.staticflickr.com/2668/4239923740_5e7229b5fb_z.jpg	Attribution-NonCommercial-ShareAlike License
5821	542202	http://farm9.staticflickr.com/8261/8636826919_55906c0e4d_z.jpg	Attribution-NonCommercial License
5822	264884	http://farm4.staticflickr.com/3269/5811668292_76ec355fc7_z.jpg	Attribution-NonCommercial-NoDerivs License
5824	572865	http://farm7.staticflickr.com/6115/6236368626_c72aeae877_z.jpg	Attribution-NonCommercial-NoDerivs License
5826	109995	http://farm4.staticflickr.com/3307/3516635396_9e604fe482_z.jpg	Attribution-NonCommercial-NoDerivs License
5829	426269	http://farm3.staticflickr.com/2340/2127049045_c5eb2f3fd8_z.jpg	Attribution-NonCommercial-ShareAlike License
5830	407915	http://farm3.staticflickr.com/2628/3687287691_1b595646aa_z.jpg	Attribution-NonCommercial-ShareAlike License
5831	179874	http://farm9.staticflickr.com/8537/8687403046_96b27761f3_z.jpg	Attribution-NonCommercial-NoDerivs License
5832	125098	http://farm4.staticflickr.com/3619/3407098611_1c861cefe3_z.jpg	Attribution-NonCommercial-NoDerivs License
5834	91808	http://farm4.staticflickr.com/3147/2980054334_aa94138c34_z.jpg	Attribution License
5835	495810	http://farm4.staticflickr.com/3044/5705547673_d8744f0f63_z.jpg	Attribution-NonCommercial-NoDerivs License
5836	554982	http://farm9.staticflickr.com/8247/8663852715_0001051367_z.jpg	Attribution License
5839	278961	http://farm9.staticflickr.com/8189/8139328497_9731b444fa_z.jpg	Attribution-NonCommercial-ShareAlike License
5841	560366	http://farm4.staticflickr.com/3678/8980082957_f740b72280_z.jpg	Attribution-NoDerivs License
5843	405543	http://farm2.staticflickr.com/1112/714282882_48e5d129b8_z.jpg	Attribution License
5845	243386	http://farm6.staticflickr.com/5312/5908159955_db23f0d75f_z.jpg	Attribution-NonCommercial-ShareAlike License
5846	454325	http://farm3.staticflickr.com/2384/2462060601_e5636e2c63_z.jpg	Attribution-ShareAlike License
5851	167551	http://farm4.staticflickr.com/3520/4069476567_9f450cd6fa_z.jpg	Attribution License
5852	270852	http://farm6.staticflickr.com/5260/5528408819_8dbdc4629c_z.jpg	Attribution-NonCommercial-NoDerivs License
5853	109539	http://farm9.staticflickr.com/8337/8164900654_631edd2e1a_z.jpg	Attribution-NonCommercial-NoDerivs License
5857	376490	http://farm9.staticflickr.com/8239/8510321714_ffda489cfe_z.jpg	Attribution License
5858	321642	http://farm3.staticflickr.com/2552/4006425074_2dde8bfb07_z.jpg	Attribution-NonCommercial-NoDerivs License
5859	187474	http://farm3.staticflickr.com/2575/3754008193_2734f1b64a_z.jpg	Attribution License
5860	547938	http://farm6.staticflickr.com/5466/7245589884_881a6ed133_z.jpg	Attribution-NonCommercial-NoDerivs License
5863	402207	http://farm4.staticflickr.com/3640/5815647960_9b75e78943_z.jpg	Attribution-ShareAlike License
5865	41488	http://farm4.staticflickr.com/3154/2350555608_4d0d6131e9_z.jpg	Attribution-NonCommercial-NoDerivs License
5866	205762	http://farm4.staticflickr.com/3254/3140139456_6c90f0ffd3_z.jpg	Attribution-NonCommercial-NoDerivs License
5870	205520	http://farm2.staticflickr.com/1364/1479274843_88e2aa5b7b_z.jpg	Attribution-ShareAlike License
5871	380510	http://farm9.staticflickr.com/8026/7469259552_9ce7c27b34_z.jpg	Attribution-NonCommercial-ShareAlike License
5872	172121	http://farm3.staticflickr.com/2083/4506435077_2750a36aeb_z.jpg	Attribution-NonCommercial-ShareAlike License
5874	480553	http://farm4.staticflickr.com/3124/3246597869_193c88fba2_z.jpg	Attribution-NonCommercial-ShareAlike License
5876	38381	http://farm2.staticflickr.com/1055/1426635613_d5d7813daa_z.jpg	Attribution License
5877	326845	http://farm1.staticflickr.com/117/295848309_2511612e1c_z.jpg	Attribution-NonCommercial-NoDerivs License
5878	48656	http://farm3.staticflickr.com/2677/4329432130_bfe7765986_z.jpg	Attribution-NonCommercial License
5879	495615	http://farm3.staticflickr.com/2661/4045409050_7df5646050_z.jpg	Attribution-NonCommercial License
5880	56997	http://farm4.staticflickr.com/3064/2829293253_d705ea0818_z.jpg	Attribution-NonCommercial-ShareAlike License
5881	172654	http://farm6.staticflickr.com/5221/5752029166_7801e707aa_z.jpg	Attribution-ShareAlike License
5882	8920	http://farm6.staticflickr.com/5207/5321693029_0c7c394d53_z.jpg	Attribution-NonCommercial-NoDerivs License
5883	150942	http://farm8.staticflickr.com/7105/7266171816_21ae832239_z.jpg	Attribution-NonCommercial-NoDerivs License
5884	223477	http://farm3.staticflickr.com/2849/9247870723_c71d28ddfc_z.jpg	Attribution-NonCommercial-NoDerivs License
5888	133981	http://farm4.staticflickr.com/3313/3211260413_7cccaac500_z.jpg	Attribution-NonCommercial-ShareAlike License
5891	202548	http://farm3.staticflickr.com/2172/2223211937_88b1af0337_z.jpg	Attribution License
5895	405047	http://farm9.staticflickr.com/8253/8704050057_b9ecc6145e_z.jpg	Attribution-NoDerivs License
5896	188511	http://farm7.staticflickr.com/6148/6024012751_25f4f3c479_z.jpg	Attribution-NoDerivs License
5899	248227	http://farm3.staticflickr.com/2521/3832472430_fa51e987fe_z.jpg	Attribution License
5900	561121	http://farm6.staticflickr.com/5453/9016049287_fd13e73cf6_z.jpg	Attribution-ShareAlike License
5901	454325	http://farm3.staticflickr.com/2384/2462060601_e5636e2c63_z.jpg	Attribution-ShareAlike License
5906	424340	http://farm2.staticflickr.com/1127/5116577545_538c3ac7ee_z.jpg	Attribution-NonCommercial License
5907	33127	http://farm9.staticflickr.com/8371/8380729462_2f48ffbb6d_z.jpg	Attribution-NonCommercial-NoDerivs License
5908	125952	http://farm9.staticflickr.com/8245/8629430794_ac4df48b54_z.jpg	Attribution-NonCommercial-ShareAlike License
5909	568654	http://farm8.staticflickr.com/7360/9294685784_7f1c41fbee_z.jpg	Attribution-ShareAlike License
5911	339790	http://farm4.staticflickr.com/3217/2308510409_b9d6a171ff_z.jpg	Attribution-NonCommercial-ShareAlike License
5913	197749	http://farm6.staticflickr.com/5336/7390472248_7cd3c2f7f5_z.jpg	Attribution-NonCommercial-NoDerivs License
5914	126815	http://farm9.staticflickr.com/8433/7718176914_b634d84a68_z.jpg	Attribution-NonCommercial-ShareAlike License
5915	578596	http://farm4.staticflickr.com/3277/2551447425_e003a794cc_z.jpg	Attribution-ShareAlike License
5916	104621	http://farm8.staticflickr.com/7290/8993578092_cc8b718266_z.jpg	Attribution-NoDerivs License
5917	423327	http://farm9.staticflickr.com/8391/8632668196_0a8542befc_z.jpg	Attribution-NonCommercial License
5918	340523	http://farm3.staticflickr.com/2466/3726283925_120f69371d_z.jpg	Attribution-NonCommercial-ShareAlike License
5921	233627	http://farm6.staticflickr.com/5028/5684515815_7a358d170f_z.jpg	No known copyright restrictions
5922	433998	http://farm6.staticflickr.com/5224/5652833786_ef7dddfb21_z.jpg	Attribution-ShareAlike License
5923	489834	http://farm6.staticflickr.com/5148/5594412520_701c5d24a7_z.jpg	Attribution-NoDerivs License
5924	94813	http://farm9.staticflickr.com/8391/8682673805_bf8d13b0ab_z.jpg	Attribution-NonCommercial-NoDerivs License
5925	555108	http://farm8.staticflickr.com/7074/7338700856_d4c03e94f2_z.jpg	Attribution-NonCommercial-NoDerivs License
5927	40768	http://farm8.staticflickr.com/7069/6819717752_4ab89fde0d_z.jpg	Attribution-NonCommercial-ShareAlike License
5929	479141	http://farm5.staticflickr.com/4031/4393386438_d6394fafb5_z.jpg	Attribution-NonCommercial License
5948	210683	http://farm3.staticflickr.com/2344/2719634870_a76442fda6_z.jpg	Attribution-ShareAlike License
5972	143483	http://farm4.staticflickr.com/3348/3423406493_664d775cfa_z.jpg	Attribution License
5975	163128	http://farm4.staticflickr.com/3699/10054080774_65f4b9e5a5_z.jpg	Attribution-NoDerivs License
5977	291402	http://farm6.staticflickr.com/5149/5647712856_72b1ccac86_z.jpg	Attribution License
5979	46650	http://farm4.staticflickr.com/3653/3621530694_2f759f7878_z.jpg	Attribution-NonCommercial-ShareAlike License
5987	48559	http://farm4.staticflickr.com/3612/3519004470_94c1becd6f_z.jpg	Attribution-NonCommercial-NoDerivs License
5988	168843	http://farm4.staticflickr.com/3138/2942598242_a5fe442ff5_z.jpg	Attribution-NonCommercial-NoDerivs License
5997	263478	http://farm5.staticflickr.com/4034/4257960161_01480457b0_z.jpg	Attribution-NonCommercial-ShareAlike License
6015	497160	http://farm4.staticflickr.com/3197/3024094605_c02a38e61e_z.jpg	Attribution License
6024	462819	http://farm8.staticflickr.com/7420/9052641484_ff9c949495_z.jpg	Attribution License
6031	171239	http://farm9.staticflickr.com/8012/7299205166_5207b886d4_z.jpg	Attribution License
6040	456949	http://farm6.staticflickr.com/5208/5219320149_6f2ae6b2f6_z.jpg	Attribution-NonCommercial-NoDerivs License
6042	353108	http://farm7.staticflickr.com/6109/6341172906_f98785e057_z.jpg	Attribution-NonCommercial-ShareAlike License
6044	322056	http://farm1.staticflickr.com/198/519254965_28b4034cce_z.jpg	Attribution-NonCommercial-NoDerivs License
6045	243657	http://farm5.staticflickr.com/4013/4587209694_7238c0cb2f_z.jpg	Attribution-NonCommercial-ShareAlike License
6046	330204	http://farm8.staticflickr.com/7442/9620784885_110c4ca265_z.jpg	Attribution-NonCommercial-NoDerivs License
6049	432917	http://farm8.staticflickr.com/7022/6399047301_ea43695786_z.jpg	Attribution-ShareAlike License
6059	385037	http://farm6.staticflickr.com/5281/5195197866_b7e186514a_z.jpg	Attribution-NonCommercial-NoDerivs License
6061	368844	http://farm5.staticflickr.com/4133/4847723688_723045b305_z.jpg	Attribution-NonCommercial License
6066	230712	http://farm8.staticflickr.com/7218/7398150700_5daa7cc100_z.jpg	Attribution-NonCommercial-NoDerivs License
6071	320180	http://farm8.staticflickr.com/7421/9276365060_52a302aa23_z.jpg	Attribution-NonCommercial-ShareAlike License
6085	104270	http://farm9.staticflickr.com/8318/8035488151_f3f2d6f993_z.jpg	Attribution-NonCommercial-ShareAlike License
6086	513861	http://farm5.staticflickr.com/4004/4667697111_b4fc0986d5_z.jpg	Attribution-ShareAlike License
6087	369618	http://farm1.staticflickr.com/43/94481013_413328f44e_z.jpg	Attribution-NonCommercial-ShareAlike License
6091	245311	http://farm7.staticflickr.com/6168/6200657015_e973e33189_z.jpg	Attribution-NonCommercial-NoDerivs License
6094	417074	http://farm8.staticflickr.com/7023/6576558285_2b655bc8e2_z.jpg	Attribution-NonCommercial-ShareAlike License
6098	427096	http://farm8.staticflickr.com/7132/7865480774_b4803ed3cf_z.jpg	Attribution-ShareAlike License
6103	512545	http://farm8.staticflickr.com/7245/6928011096_57ddb5372f_z.jpg	Attribution License
6109	371506	http://farm3.staticflickr.com/2020/2105235703_c8885457ef_z.jpg	Attribution-NonCommercial-NoDerivs License
6115	501122	http://farm5.staticflickr.com/4096/4934184346_76e31b64cb_z.jpg	Attribution-NonCommercial-ShareAlike License
6118	391101	http://farm3.staticflickr.com/2386/2389990342_50f72a3131_z.jpg	Attribution-NonCommercial-ShareAlike License
6120	569320	http://farm8.staticflickr.com/7109/7819989164_42ebb16787_z.jpg	Attribution-NonCommercial-ShareAlike License
6123	414603	http://farm4.staticflickr.com/3017/2606334581_b6ab4db82c_z.jpg	Attribution-NonCommercial License
6132	141821	http://farm5.staticflickr.com/4055/4539061922_329b167562_z.jpg	Attribution-NonCommercial License
6139	176466	http://farm8.staticflickr.com/7066/7033782445_57f3e8d686_z.jpg	Attribution License
6145	329726	http://farm3.staticflickr.com/2031/2077980059_ff9fc4630c_z.jpg	Attribution License
6146	418393	http://farm4.staticflickr.com/3238/2941817237_1e1ddcae4b_z.jpg	Attribution License
6156	138094	http://farm6.staticflickr.com/5080/7177657218_83d83bc024_z.jpg	Attribution License
6157	531510	http://farm4.staticflickr.com/3404/3484484974_979783088f_z.jpg	Attribution License
6159	230559	http://farm4.staticflickr.com/3479/3912618500_52d8c1548a_z.jpg	Attribution-NonCommercial-ShareAlike License
6160	564573	http://farm3.staticflickr.com/2732/4139151866_c61c24480b_z.jpg	Attribution-NonCommercial-NoDerivs License
6161	118783	http://farm1.staticflickr.com/25/59820141_a94d2f9a05_z.jpg	Attribution-NonCommercial License
6167	29005	http://farm3.staticflickr.com/2286/2228341200_e63d5b4ede_z.jpg	Attribution-ShareAlike License
6168	520964	http://farm1.staticflickr.com/187/440839367_bd52775494_z.jpg	Attribution-ShareAlike License
6169	152858	http://farm2.staticflickr.com/1061/1298859067_22f029993d_z.jpg	Attribution-NonCommercial-NoDerivs License
6170	287953	http://farm1.staticflickr.com/12/17875682_83646ac2c2_z.jpg	Attribution-NonCommercial-NoDerivs License
6174	33802	http://farm7.staticflickr.com/6220/6266102394_0b08b8fc97_z.jpg	Attribution License
6175	158212	http://farm3.staticflickr.com/2746/4365960086_6cb827f8e1_z.jpg	Attribution License
6186	298810	http://farm8.staticflickr.com/7152/6571289547_1e3d380189_z.jpg	Attribution-NoDerivs License
6192	421059	http://farm8.staticflickr.com/7275/6868441192_67357faa15_z.jpg	Attribution-ShareAlike License
6193	436693	http://farm1.staticflickr.com/210/440562091_a1cb12b550_z.jpg	Attribution-ShareAlike License
6195	310664	http://farm3.staticflickr.com/2720/4388909721_939071856e_z.jpg	Attribution-NonCommercial-ShareAlike License
6201	8006	http://farm2.staticflickr.com/1266/729903566_769951485f_z.jpg	Attribution-ShareAlike License
6206	137297	http://farm9.staticflickr.com/8348/8152219481_22aae8af57_z.jpg	Attribution-NonCommercial-NoDerivs License
6207	269054	http://farm3.staticflickr.com/2533/3839068374_7998f14bd1_z.jpg	Attribution-NonCommercial-ShareAlike License
6208	104425	http://farm4.staticflickr.com/3678/9152620611_192a1ea2a0_z.jpg	Attribution-NonCommercial-NoDerivs License
6214	362152	http://farm1.staticflickr.com/75/409923742_9538f1c9f0_z.jpg	Attribution-NonCommercial-NoDerivs License
6217	170662	http://farm6.staticflickr.com/5537/9223757579_f4daf4b1fe_z.jpg	Attribution-NonCommercial-NoDerivs License
6219	532351	http://farm8.staticflickr.com/7065/6965840878_309d778292_z.jpg	Attribution-NoDerivs License
6222	532102	http://farm4.staticflickr.com/3173/2891923481_4418d28cd1_z.jpg	Attribution License
6225	324443	http://farm2.staticflickr.com/1037/5185036582_8619fe6657_z.jpg	Attribution-NonCommercial-NoDerivs License
6226	101315	http://farm1.staticflickr.com/127/351841497_f62c275d94_z.jpg	Attribution-NonCommercial-NoDerivs License
6227	319645	http://farm8.staticflickr.com/7330/9064105056_e5f0330da7_z.jpg	Attribution-NonCommercial-ShareAlike License
6230	379055	http://farm3.staticflickr.com/2858/9402904026_0959f1ef8f_z.jpg	Attribution-NonCommercial-NoDerivs License
6232	44038	http://farm1.staticflickr.com/29/56698747_f6787af976_z.jpg	Attribution-NonCommercial License
6233	570215	http://farm4.staticflickr.com/3320/3327683562_284824cfa4_z.jpg	Attribution-NonCommercial-ShareAlike License
6237	545987	http://farm4.staticflickr.com/3065/2559544480_fd9c087727_z.jpg	Attribution-NonCommercial-ShareAlike License
6238	189152	http://farm9.staticflickr.com/8275/8703815021_9def8294a8_z.jpg	Attribution License
6244	549209	http://farm3.staticflickr.com/2653/4077334300_de5ce51e3b_z.jpg	Attribution-NonCommercial-ShareAlike License
6246	307400	http://farm3.staticflickr.com/2815/9702033544_2a83f7ddb0_z.jpg	Attribution-NonCommercial-ShareAlike License
6247	274170	http://farm8.staticflickr.com/7339/8865941516_9bee68e510_z.jpg	Attribution-NonCommercial-NoDerivs License
6249	500675	http://farm4.staticflickr.com/3190/2673808611_17f2cd13dc_z.jpg	No known copyright restrictions
6253	429769	http://farm9.staticflickr.com/8165/7108032085_bd9da3d608_z.jpg	Attribution-ShareAlike License
6255	5809	http://farm4.staticflickr.com/3804/9690137234_f8fe6224bf_z.jpg	Attribution-NonCommercial-ShareAlike License
6257	403335	http://farm9.staticflickr.com/8316/8035488919_7a7e6efd4c_z.jpg	Attribution-NonCommercial-ShareAlike License
6263	360629	http://farm4.staticflickr.com/3032/2596104886_27686d3363_z.jpg	Attribution-NonCommercial-ShareAlike License
6264	151567	http://farm1.staticflickr.com/197/503857439_f32e34cfcc_z.jpg	Attribution-NonCommercial License
6266	55575	http://farm9.staticflickr.com/8158/7557212926_cd715ee16f_z.jpg	Attribution-NonCommercial-NoDerivs License
6267	158818	http://farm6.staticflickr.com/5288/5233974753_0e560d93cc_z.jpg	Attribution-NonCommercial-NoDerivs License
6270	488605	http://farm5.staticflickr.com/4049/4476288577_8bf0a495f3_z.jpg	Attribution-NonCommercial-ShareAlike License
6277	424348	http://farm3.staticflickr.com/2861/10061507433_b69982738a_z.jpg	Attribution License
6278	451471	http://farm3.staticflickr.com/2894/8833055298_519df66496_z.jpg	Attribution-NonCommercial-NoDerivs License
6279	560789	http://farm4.staticflickr.com/3712/9570990197_b4f66121d4_z.jpg	Attribution-NoDerivs License
6280	357614	http://farm3.staticflickr.com/2410/2148169550_bb386a6238_z.jpg	Attribution License
6283	337453	http://farm8.staticflickr.com/7194/6945301165_986f9fc020_z.jpg	Attribution License
6284	477321	http://farm1.staticflickr.com/226/466984232_acb8fc422d_z.jpg	Attribution-NoDerivs License
6286	405451	http://farm8.staticflickr.com/7186/6987218605_468ea781c6_z.jpg	No known copyright restrictions
6287	440269	http://farm8.staticflickr.com/7241/7332405964_c024ac4bf1_z.jpg	Attribution-ShareAlike License
6291	391512	http://farm2.staticflickr.com/1438/5113454108_a7eabb292d_z.jpg	Attribution-NonCommercial-NoDerivs License
6292	39043	http://farm8.staticflickr.com/7128/6895733804_bdb4ff6737_z.jpg	Attribution-NonCommercial-NoDerivs License
6293	434139	http://farm3.staticflickr.com/2762/4242244192_027d2f82a5_z.jpg	Attribution-NonCommercial-ShareAlike License
6294	272899	http://farm9.staticflickr.com/8200/8152915265_f1a2126c97_z.jpg	Attribution-NoDerivs License
6295	178592	http://farm4.staticflickr.com/3012/2629340908_1437cfddcb_z.jpg	Attribution-NonCommercial-NoDerivs License
6297	52503	http://farm4.staticflickr.com/3565/3492473090_4f2f7c14e9_z.jpg	Attribution-NonCommercial-NoDerivs License
6298	194727	http://farm1.staticflickr.com/243/520154143_ac01fb5f61_z.jpg	Attribution-NonCommercial License
6299	512503	http://farm9.staticflickr.com/8121/8652934693_3350c9b1c2_z.jpg	Attribution License
6301	118785	http://farm4.staticflickr.com/3189/2652435705_01af3a0fb7_z.jpg	Attribution-NonCommercial-NoDerivs License
6305	40705	http://farm4.staticflickr.com/3565/3799564473_ce491ca79e_z.jpg	Attribution-NonCommercial-ShareAlike License
6307	61209	http://farm7.staticflickr.com/6219/6277204637_8950322d6e_z.jpg	Attribution-NonCommercial-ShareAlike License
6315	344238	http://farm7.staticflickr.com/6126/5992328599_3b5c505078_z.jpg	Attribution-NonCommercial-ShareAlike License
6317	489382	http://farm9.staticflickr.com/8015/7359095904_46c8cd60cd_z.jpg	Attribution-NonCommercial-NoDerivs License
6318	491290	http://farm9.staticflickr.com/8522/8456183429_6389d90df9_z.jpg	Attribution License
6321	387512	http://farm4.staticflickr.com/3143/2929279137_29e2562f5c_z.jpg	Attribution-NonCommercial-NoDerivs License
6327	297135	http://farm1.staticflickr.com/184/437915814_089a0a0ff0_z.jpg	Attribution License
6328	353108	http://farm7.staticflickr.com/6109/6341172906_f98785e057_z.jpg	Attribution-NonCommercial-ShareAlike License
6331	444719	http://farm2.staticflickr.com/1350/4599315454_9af1661d6e_z.jpg	Attribution License
6332	395591	http://farm9.staticflickr.com/8492/8324061637_8ef0677bdc_z.jpg	Attribution-NonCommercial-ShareAlike License
6334	176275	http://farm3.staticflickr.com/2431/3904399900_8c2a2ff7b8_z.jpg	Attribution-NonCommercial-NoDerivs License
6335	212859	http://farm2.staticflickr.com/1218/1334218835_66b876d381_z.jpg	Attribution-NonCommercial License
6336	356097	http://farm9.staticflickr.com/8033/7980158701_d22e184784_z.jpg	Attribution-NonCommercial-NoDerivs License
6340	551763	http://farm8.staticflickr.com/7183/7031853263_67ed436979_z.jpg	Attribution-NonCommercial-ShareAlike License
6342	30855	http://farm3.staticflickr.com/2641/3909801818_c9929e7aa4_z.jpg	Attribution-NonCommercial-ShareAlike License
6343	348854	http://farm9.staticflickr.com/8165/7627476528_d5af408dfd_z.jpg	Attribution-NonCommercial License
6347	346107	http://farm9.staticflickr.com/8113/8923565773_0e3c259fae_z.jpg	Attribution-NonCommercial License
6351	399162	http://farm9.staticflickr.com/8145/7468075128_d655ea13ca_z.jpg	Attribution-NonCommercial-NoDerivs License
6359	515904	http://farm8.staticflickr.com/7045/6831672786_9136a09914_z.jpg	Attribution-NonCommercial-NoDerivs License
6360	268745	http://farm4.staticflickr.com/3702/9650487014_93c8d6fa52_z.jpg	Attribution-NonCommercial License
6361	464033	http://farm1.staticflickr.com/128/407231487_6e2db31efc_z.jpg	Attribution-NonCommercial-NoDerivs License
6365	414723	http://farm9.staticflickr.com/8254/8684000587_5afebb9805_z.jpg	Attribution License
6368	419532	http://farm8.staticflickr.com/7003/6726947795_b97164fac7_z.jpg	Attribution-NonCommercial-NoDerivs License
6371	374891	http://farm1.staticflickr.com/22/27861465_7418d6c794_z.jpg	Attribution-NonCommercial-NoDerivs License
6372	424304	http://farm3.staticflickr.com/2890/9600593229_d4cec151ca_z.jpg	Attribution-NonCommercial License
6374	569308	http://farm7.staticflickr.com/6026/5996394592_2f38a0dd78_z.jpg	Attribution-NonCommercial License
6377	83808	http://farm4.staticflickr.com/3637/3340138960_2406ff7fea_z.jpg	Attribution-NonCommercial-NoDerivs License
6381	353012	http://farm9.staticflickr.com/8010/7436421786_40bbd61d6e_z.jpg	Attribution-NonCommercial-NoDerivs License
6382	71599	http://farm8.staticflickr.com/7064/6857510663_79bf85400d_z.jpg	Attribution License
6385	131531	http://farm9.staticflickr.com/8193/8128342519_c8e8bae95c_z.jpg	Attribution License
6386	446894	http://farm7.staticflickr.com/6236/6330482196_0497c64e9c_z.jpg	Attribution-ShareAlike License
6387	84123	http://farm3.staticflickr.com/2066/2414523197_a6e653ea7d_z.jpg	Attribution-ShareAlike License
6393	358534	http://farm5.staticflickr.com/4023/4340191193_e8d205bc79_z.jpg	Attribution-NonCommercial-ShareAlike License
6394	240485	http://farm8.staticflickr.com/7424/9508938300_8e8183d86c_z.jpg	Attribution-NonCommercial-ShareAlike License
6399	131570	http://farm7.staticflickr.com/6143/6043373984_89c393003d_z.jpg	Attribution-ShareAlike License
6400	414750	http://farm4.staticflickr.com/3646/3526362046_55573d911f_z.jpg	Attribution-NonCommercial License
6402	192513	http://farm6.staticflickr.com/5021/5651459056_fbc470b547_z.jpg	Attribution License
6409	246924	http://farm4.staticflickr.com/3487/3283153167_a6d2966776_z.jpg	Attribution License
6414	571880	http://farm3.staticflickr.com/2490/4042056019_ca979a0787_z.jpg	Attribution-NonCommercial License
6420	116956	http://farm5.staticflickr.com/4109/4959581705_1cb199952d_z.jpg	Attribution-NonCommercial-NoDerivs License
6422	94865	http://farm2.staticflickr.com/1018/710787645_d18cf4d677_z.jpg	Attribution-NonCommercial License
6425	251985	http://farm4.staticflickr.com/3376/3173411804_bc4f01e7f5_z.jpg	Attribution-NonCommercial License
6428	339575	http://farm4.staticflickr.com/3287/2517209231_1e0dca9cc1_z.jpg	Attribution License
6429	363248	http://farm4.staticflickr.com/3019/3902332171_0847808d8f_z.jpg	Attribution-NonCommercial-NoDerivs License
6432	465824	http://farm9.staticflickr.com/8441/7865294900_f9c0f9299d_z.jpg	Attribution License
6434	429793	http://farm1.staticflickr.com/10/14012870_04e2895dd9_z.jpg	Attribution-NonCommercial-ShareAlike License
6435	98131	http://farm9.staticflickr.com/8556/8755269108_a801117058_z.jpg	Attribution-NonCommercial License
6443	636	http://farm9.staticflickr.com/8179/8070540078_072c9b6a21_z.jpg	Attribution License
6451	97982	http://farm6.staticflickr.com/5482/9668164102_0d73c69513_z.jpg	Attribution-ShareAlike License
6452	179793	http://farm4.staticflickr.com/3027/2881439184_9e7cf044e0_z.jpg	Attribution-NonCommercial-ShareAlike License
6454	412146	http://farm9.staticflickr.com/8318/8003093496_43491779c1_z.jpg	Attribution-NonCommercial-ShareAlike License
6463	527173	http://farm4.staticflickr.com/3476/3280639521_df81e48256_z.jpg	No known copyright restrictions
6465	176969	http://farm1.staticflickr.com/142/319928638_9e9bbb31b4_z.jpg	Attribution-ShareAlike License
6468	286764	http://farm3.staticflickr.com/2442/3693061918_254be8973e_z.jpg	Attribution-NonCommercial-ShareAlike License
6469	237142	http://farm1.staticflickr.com/45/160028836_518dce985a_z.jpg	Attribution-NonCommercial-NoDerivs License
6471	240185	http://farm9.staticflickr.com/8455/7960162812_6429cc29ae_z.jpg	Attribution-NonCommercial-NoDerivs License
6475	238850	http://farm4.staticflickr.com/3824/9599052385_9db4999e3d_z.jpg	Attribution-NonCommercial-ShareAlike License
6483	80969	http://farm1.staticflickr.com/57/165296844_50873c68df_z.jpg	Attribution-NonCommercial-NoDerivs License
6486	353494	http://farm6.staticflickr.com/5254/5456389697_5c727bc3ed_z.jpg	Attribution-ShareAlike License
6488	220736	http://farm4.staticflickr.com/3572/3683085475_ab92d1512c_z.jpg	Attribution License
6489	567403	http://farm6.staticflickr.com/5148/5593288019_68fc71eaaa_z.jpg	Attribution-NoDerivs License
6491	243027	http://farm5.staticflickr.com/4096/4850894116_ddf0aa833e_z.jpg	Attribution-NonCommercial-ShareAlike License
6492	174406	http://farm4.staticflickr.com/3054/3006902331_c439c8baa4_z.jpg	Attribution-NonCommercial License
6493	475667	http://farm1.staticflickr.com/74/223998579_f63e79af5a_z.jpg	Attribution-ShareAlike License
6494	242307	http://farm8.staticflickr.com/7178/6900115463_687ebf3858_z.jpg	Attribution-NonCommercial-NoDerivs License
6501	83510	http://farm5.staticflickr.com/4134/4881324160_ba4f6de1bf_z.jpg	Attribution-NonCommercial-NoDerivs License
6504	3742	http://farm6.staticflickr.com/5336/8952581835_b006c30817_z.jpg	Attribution License
6505	132408	http://farm4.staticflickr.com/3556/3477357156_7ae90323c6_z.jpg	Attribution-NoDerivs License
6509	329456	http://farm4.staticflickr.com/3112/2561836272_6200d49083_z.jpg	Attribution License
6510	137963	http://farm3.staticflickr.com/2352/2137936154_fc45ed0114_z.jpg	Attribution License
6513	113338	http://farm7.staticflickr.com/6006/5999144234_e7f08137db_z.jpg	Attribution-NonCommercial-ShareAlike License
6514	61567	http://farm9.staticflickr.com/8290/7766421892_536042c167_z.jpg	Attribution-NonCommercial-NoDerivs License
6515	78667	http://farm6.staticflickr.com/5497/9119903351_3525aeb1cb_z.jpg	Attribution License
6516	181013	http://farm2.staticflickr.com/1072/1354189116_a6ccd6b993_z.jpg	Attribution-NonCommercial-ShareAlike License
6518	580813	http://farm4.staticflickr.com/3674/8953780901_aaacf312d0_z.jpg	Attribution-NonCommercial-NoDerivs License
6520	77174	http://farm2.staticflickr.com/1437/571601365_b8b6b2b471_z.jpg	Attribution-NonCommercial-ShareAlike License
6521	364884	http://farm1.staticflickr.com/41/102170614_3fe1c91d13_z.jpg	Attribution-ShareAlike License
6522	329793	http://farm4.staticflickr.com/3013/2780509384_79482edb0b_z.jpg	Attribution-NonCommercial-ShareAlike License
6523	348306	http://farm4.staticflickr.com/3101/2363741563_d7ae9887fa_z.jpg	Attribution-NonCommercial-NoDerivs License
6526	176811	http://farm9.staticflickr.com/8031/8051584939_2302c7d6d9_z.jpg	Attribution-NonCommercial-NoDerivs License
6528	168296	http://farm3.staticflickr.com/2595/3873041026_242153c5f5_z.jpg	Attribution-NonCommercial-ShareAlike License
6529	249670	http://farm6.staticflickr.com/5328/8841348387_a8c30be0bc_z.jpg	Attribution-NonCommercial-ShareAlike License
6531	40569	http://farm5.staticflickr.com/4144/5060098058_410d27e4e8_z.jpg	Attribution-NonCommercial-ShareAlike License
6532	546088	http://farm1.staticflickr.com/23/26534276_d4b3a81686_z.jpg	Attribution-NonCommercial-NoDerivs License
6536	214224	http://farm1.staticflickr.com/61/207838237_b05794eacf_z.jpg	Attribution-NonCommercial-NoDerivs License
6537	247106	http://farm4.staticflickr.com/3187/2644629840_40d4aa1f4c_z.jpg	Attribution-NonCommercial-NoDerivs License
6538	471599	http://farm9.staticflickr.com/8008/6977818336_1c2823a87d_z.jpg	Attribution-ShareAlike License
6539	322738	http://farm8.staticflickr.com/7305/8722022301_af1bc59cf3_z.jpg	Attribution License
6540	101985	http://farm4.staticflickr.com/3759/8914475883_d33d98d6cc_z.jpg	Attribution-NonCommercial-NoDerivs License
6542	378092	http://farm3.staticflickr.com/2182/2253851519_dbae11f8d8_z.jpg	Attribution-NonCommercial-ShareAlike License
6546	275969	http://farm8.staticflickr.com/7121/7739798164_23550c298a_z.jpg	Attribution License
6549	179326	http://farm3.staticflickr.com/2518/4084420520_a58726683f_z.jpg	Attribution License
6554	336257	http://farm8.staticflickr.com/7125/7471340664_69884643e2_z.jpg	Attribution-NonCommercial-ShareAlike License
6555	487236	http://farm1.staticflickr.com/84/244464482_50e82ae43e_z.jpg	Attribution-NonCommercial License
6557	406446	http://farm3.staticflickr.com/2606/4008442874_0db269d8ff_z.jpg	Attribution-NonCommercial-NoDerivs License
6569	330818	http://farm5.staticflickr.com/4054/4625870673_1ab15d25c6_z.jpg	Attribution-NonCommercial-ShareAlike License
6573	278344	http://farm5.staticflickr.com/4022/4511189145_a5b0b53f4d_z.jpg	Attribution-NonCommercial-NoDerivs License
6574	402083	http://farm6.staticflickr.com/5046/5357048867_20fb53e4b9_z.jpg	Attribution-NonCommercial-NoDerivs License
6579	300701	http://farm4.staticflickr.com/3563/3546299241_22ddd25981_z.jpg	Attribution-NonCommercial-NoDerivs License
6584	175047	http://farm9.staticflickr.com/8074/8329096457_739eec3832_z.jpg	Attribution-NonCommercial-ShareAlike License
6587	71159	http://farm8.staticflickr.com/7392/8758118151_ba5f7f9e35_z.jpg	Attribution-NonCommercial-NoDerivs License
6595	89253	http://farm6.staticflickr.com/5099/5484849139_6e61053281_z.jpg	Attribution-NonCommercial-ShareAlike License
6598	417542	http://farm1.staticflickr.com/21/26908512_32f2f6a4bf_z.jpg	Attribution-NonCommercial-ShareAlike License
6601	106504	http://farm1.staticflickr.com/33/53560262_d8c4cadb24_z.jpg	Attribution-NonCommercial-ShareAlike License
6605	230164	http://farm9.staticflickr.com/8119/8656701170_d8e0fdb94d_z.jpg	Attribution-NonCommercial License
6609	443547	http://farm9.staticflickr.com/8092/8572925161_d55bbbd6c4_z.jpg	Attribution-NonCommercial-ShareAlike License
6616	57671	http://farm3.staticflickr.com/2385/5731204829_25ba141802_z.jpg	Attribution-NonCommercial-ShareAlike License
6619	387338	http://farm1.staticflickr.com/53/136241543_466c23fe78_z.jpg	Attribution-NonCommercial-NoDerivs License
6626	521259	http://farm9.staticflickr.com/8050/8115935734_0ff6dcfd4e_z.jpg	Attribution License
6632	272218	http://farm9.staticflickr.com/8401/8669279142_91a94d1416_z.jpg	Attribution-NonCommercial License
6643	410573	http://farm1.staticflickr.com/3/2810960_d63f16bfd9_z.jpg	Attribution-NonCommercial-NoDerivs License
6644	403535	http://farm6.staticflickr.com/5017/5547519919_891998dc0e_z.jpg	Attribution-NonCommercial-NoDerivs License
6652	207738	http://farm3.staticflickr.com/2231/2532816814_37525ba370_z.jpg	Attribution-NonCommercial-NoDerivs License
6656	15260	http://farm6.staticflickr.com/5172/5564300416_93a7c9379d_z.jpg	Attribution License
6665	564226	http://farm9.staticflickr.com/8120/8656447568_f907c510ba_z.jpg	Attribution-NonCommercial-NoDerivs License
6670	436117	http://farm9.staticflickr.com/8102/8453554475_6a130a1c3b_z.jpg	Attribution License
6673	571839	http://farm8.staticflickr.com/7015/6522623085_502ca8d4ab_z.jpg	Attribution-NonCommercial-ShareAlike License
6682	344998	http://farm5.staticflickr.com/4059/4451759444_20b6589514_z.jpg	Attribution-NonCommercial-ShareAlike License
6684	357036	http://farm3.staticflickr.com/2809/9311785292_74f495e564_z.jpg	Attribution License
6688	399540	http://farm8.staticflickr.com/7348/9035022212_c35f7f726c_z.jpg	Attribution-NonCommercial License
6690	499577	http://farm3.staticflickr.com/2468/3557198073_7673052734_z.jpg	Attribution-NonCommercial-ShareAlike License
6691	174159	http://farm3.staticflickr.com/2784/4337325062_0a3cef7ce1_z.jpg	Attribution-NonCommercial License
6692	372220	http://farm3.staticflickr.com/2405/1577261339_956560a08f_z.jpg	Attribution License
6694	119677	http://farm4.staticflickr.com/3799/9667702619_8da6fe0e9c_z.jpg	Attribution-NonCommercial-NoDerivs License
6696	149215	http://farm1.staticflickr.com/56/128120158_40a5984c18_z.jpg	Attribution-NonCommercial License
6702	520593	http://farm3.staticflickr.com/2006/2047202412_8ce61b8597_z.jpg	Attribution-NonCommercial License
6710	24193	http://farm3.staticflickr.com/2516/3861854588_ab8bda795b_z.jpg	Attribution-NonCommercial-NoDerivs License
6711	78536	http://farm9.staticflickr.com/8102/8640964969_95cc33b2be_z.jpg	Attribution License
6717	130000	http://farm3.staticflickr.com/2223/2531299775_f05777294e_z.jpg	Attribution-NonCommercial-NoDerivs License
6718	267880	http://farm7.staticflickr.com/6168/6252874980_2561227aa4_z.jpg	Attribution License
6720	157049	http://farm5.staticflickr.com/4028/4676848176_517ab0c508_z.jpg	Attribution-NonCommercial-NoDerivs License
6724	81714	http://farm9.staticflickr.com/8175/8015631264_3f7ca5549f_z.jpg	Attribution-NonCommercial-NoDerivs License
6729	104980	http://farm3.staticflickr.com/2882/9249005103_43f12bacda_z.jpg	Attribution-NoDerivs License
6732	130226	http://farm1.staticflickr.com/27/94501078_72074e35a8_z.jpg	Attribution License
6737	277865	http://farm3.staticflickr.com/2130/5759550910_1b562c91d6_z.jpg	Attribution-NonCommercial-ShareAlike License
6745	252122	http://farm9.staticflickr.com/8313/7976998363_e8974ecb9e_z.jpg	Attribution-NonCommercial-NoDerivs License
6747	22796	http://farm1.staticflickr.com/61/156744841_005042025a_z.jpg	Attribution-NonCommercial-NoDerivs License
6754	37698	http://farm2.staticflickr.com/1171/1395178882_00b4ac89d9_z.jpg	Attribution-NonCommercial-ShareAlike License
6755	448099	http://farm7.staticflickr.com/6024/5938099255_66fa88898a_z.jpg	Attribution-NonCommercial-NoDerivs License
6757	409914	http://farm4.staticflickr.com/3203/3018285223_87c00f039a_z.jpg	Attribution License
6758	513690	http://farm8.staticflickr.com/7055/6803978858_c01f511bc0_z.jpg	Attribution-NonCommercial-NoDerivs License
6761	445365	http://farm4.staticflickr.com/3205/2910788126_a64c569c3c_z.jpg	Attribution-NonCommercial-ShareAlike License
6762	556560	http://farm5.staticflickr.com/4062/4402728796_bb24db0377_z.jpg	Attribution-NonCommercial-ShareAlike License
6763	78963	http://farm6.staticflickr.com/5165/5296879892_a5374c8ef9_z.jpg	Attribution-NonCommercial License
6764	542	http://farm6.staticflickr.com/5022/5684489788_10dccef84e_z.jpg	No known copyright restrictions
6765	39871	http://farm7.staticflickr.com/6095/6353720859_b3feb192de_z.jpg	Attribution License
6769	296236	http://farm3.staticflickr.com/2427/3914049003_f1f4bef06c_z.jpg	Attribution-NonCommercial-NoDerivs License
6770	43438	http://farm1.staticflickr.com/151/352453684_c59e7907e7_z.jpg	Attribution-NonCommercial-NoDerivs License
6772	125100	http://farm3.staticflickr.com/2274/2259982963_bb2a922d2b_z.jpg	Attribution-NonCommercial License
6773	495292	http://farm1.staticflickr.com/201/461814497_76e8c315f9_z.jpg	Attribution-NonCommercial License
6776	361603	http://farm1.staticflickr.com/219/466812658_11a975ef4c_z.jpg	Attribution License
6778	233362	http://farm3.staticflickr.com/2137/2060592096_c2dec67f2a_z.jpg	Attribution-NonCommercial-NoDerivs License
6779	566908	http://farm3.staticflickr.com/2702/4319802936_a517b55044_z.jpg	Attribution-NonCommercial License
6780	30446	http://farm5.staticflickr.com/4018/5157988897_a3b1b5152d_z.jpg	Attribution-NonCommercial-NoDerivs License
6782	573125	http://farm7.staticflickr.com/6138/5991291757_6a52ee0896_z.jpg	Attribution-NonCommercial-ShareAlike License
6785	204670	http://farm9.staticflickr.com/8043/8097705556_8c28c5763f_z.jpg	Attribution-NonCommercial License
6786	544150	http://farm5.staticflickr.com/4121/4739736579_f6c524e1b4_z.jpg	Attribution License
6795	279887	http://farm8.staticflickr.com/7145/6808948577_07cd718b6f_z.jpg	Attribution-NonCommercial-ShareAlike License
6796	350235	http://farm3.staticflickr.com/2205/2415853702_57b05a964c_z.jpg	Attribution-NonCommercial-NoDerivs License
6797	507744	http://farm3.staticflickr.com/2875/9253902756_c0e1d55c24_z.jpg	Attribution-NonCommercial-NoDerivs License
6801	328888	http://farm2.staticflickr.com/1148/999921878_c1639fc721_z.jpg	Attribution-NonCommercial-NoDerivs License
6802	293366	http://farm4.staticflickr.com/3722/9702783979_30bca218d2_z.jpg	Attribution-NonCommercial License
6804	52747	http://farm1.staticflickr.com/28/90926026_85b1099602_z.jpg	Attribution-ShareAlike License
6809	488573	http://farm1.staticflickr.com/88/231031890_dee9dfcd13_z.jpg	Attribution-NonCommercial-NoDerivs License
6813	44763	http://farm1.staticflickr.com/131/359759173_9c5939d67f_z.jpg	Attribution-NonCommercial License
6815	455369	http://farm8.staticflickr.com/7113/7145578615_72cf02ae8e_z.jpg	Attribution-NonCommercial-ShareAlike License
6818	442146	http://farm3.staticflickr.com/2849/9698370792_ef12d084a2_z.jpg	Attribution-NonCommercial-NoDerivs License
6823	199836	http://farm1.staticflickr.com/47/178474782_a8ef67bfae_z.jpg	Attribution-NonCommercial-ShareAlike License
6824	19836	http://farm3.staticflickr.com/2562/5818841034_224fce8d97_z.jpg	Attribution-NonCommercial-NoDerivs License
6825	156928	http://farm6.staticflickr.com/5546/9666528141_fb458f781a_z.jpg	Attribution License
6827	491482	http://farm7.staticflickr.com/6093/6314228274_6044804471_z.jpg	Attribution-NonCommercial-ShareAlike License
6830	576756	http://farm4.staticflickr.com/3832/9371998016_bf772fb01f_z.jpg	Attribution-NonCommercial License
6832	153987	http://farm6.staticflickr.com/5484/9406137761_9b6f1e75cc_z.jpg	Attribution-ShareAlike License
6834	297967	http://farm9.staticflickr.com/8483/8213492771_796c502f14_z.jpg	Attribution-NonCommercial-NoDerivs License
6835	224109	http://farm3.staticflickr.com/2342/2085088955_ebfdc89586_z.jpg	Attribution-NonCommercial-ShareAlike License
6838	560704	http://farm1.staticflickr.com/51/148939352_05ca70b030_z.jpg	Attribution-NonCommercial-NoDerivs License
6842	290946	http://farm8.staticflickr.com/7443/9400593373_163fb32ea0_z.jpg	Attribution-ShareAlike License
6846	288472	http://farm8.staticflickr.com/7411/9202810391_b7d000c5ed_z.jpg	Attribution-NonCommercial-NoDerivs License
6849	377208	http://farm6.staticflickr.com/5179/5485168938_8e69b7cc0a_z.jpg	Attribution-ShareAlike License
6850	89738	http://farm8.staticflickr.com/7262/7539703292_0b5f6cfa17_z.jpg	Attribution-NonCommercial-ShareAlike License
6857	222879	http://farm4.staticflickr.com/3421/3385960048_8418473b68_z.jpg	Attribution-NonCommercial-NoDerivs License
6870	478958	http://farm9.staticflickr.com/8209/8176627841_9b519ce9a3_z.jpg	Attribution-ShareAlike License
6871	542991	http://farm2.staticflickr.com/1362/1292747803_0cda87273c_z.jpg	Attribution License
6875	239853	http://farm5.staticflickr.com/4104/4989918233_e0d647fe3b_z.jpg	Attribution-ShareAlike License
6876	293207	http://farm4.staticflickr.com/3504/4014689235_9f354ce03a_z.jpg	Attribution License
6880	39195	http://farm8.staticflickr.com/7212/7049147171_ed6903a47e_z.jpg	Attribution-NonCommercial-ShareAlike License
6884	181475	http://farm4.staticflickr.com/3061/2756155093_294ea0d7ae_z.jpg	Attribution-ShareAlike License
6886	209005	http://farm3.staticflickr.com/2012/2338065244_e3ec43fb19_z.jpg	Attribution-NonCommercial-ShareAlike License
6888	305035	http://farm3.staticflickr.com/2160/2102274175_46fd966fa8_z.jpg	Attribution-NonCommercial-ShareAlike License
6893	211163	http://farm4.staticflickr.com/3147/2601471703_17c068a06b_z.jpg	Attribution-NonCommercial License
6894	567916	http://farm9.staticflickr.com/8425/7844308268_7abcdfdeb3_z.jpg	Attribution-NonCommercial-NoDerivs License
6896	533536	http://farm5.staticflickr.com/4004/4217630540_bbf35aa7ca_z.jpg	Attribution-NonCommercial-NoDerivs License
6898	521762	http://farm5.staticflickr.com/4116/4742924723_7a0e845b2c_z.jpg	Attribution-NonCommercial-NoDerivs License
6899	403739	http://farm9.staticflickr.com/8003/7117764655_7ceb3232d3_z.jpg	Attribution-NonCommercial License
6902	532107	http://farm9.staticflickr.com/8324/8117016443_4172d437a2_z.jpg	Attribution-NonCommercial-NoDerivs License
6905	264819	http://farm5.staticflickr.com/4070/4466433029_023e90826f_z.jpg	Attribution-NonCommercial License
6906	299259	http://farm5.staticflickr.com/4124/4977710011_20ea5f8ded_z.jpg	Attribution-NonCommercial-NoDerivs License
6907	557258	http://farm3.staticflickr.com/2531/3934819503_5fa9d47db6_z.jpg	Attribution-NonCommercial-ShareAlike License
6908	491277	http://farm4.staticflickr.com/3329/3198041554_a267382991_z.jpg	Attribution-NonCommercial-ShareAlike License
6909	83561	http://farm4.staticflickr.com/3716/9054215713_5ed78451ce_z.jpg	Attribution-NonCommercial-NoDerivs License
6910	564544	http://farm2.staticflickr.com/1288/5178457190_f52a9b8bfe_z.jpg	Attribution-NonCommercial-NoDerivs License
6914	568816	http://farm6.staticflickr.com/5271/7410891174_5f8a0d7461_z.jpg	Attribution License
6918	40699	http://farm8.staticflickr.com/7192/6872316578_6b293ec116_z.jpg	Attribution License
6920	494240	http://farm6.staticflickr.com/5276/5885330613_11754c7dc1_z.jpg	Attribution License
6923	346314	http://farm8.staticflickr.com/7287/8743234042_34b0a1206e_z.jpg	Attribution-NonCommercial License
6924	436317	http://farm3.staticflickr.com/2736/4234822205_23d5b4cb88_z.jpg	Attribution License
6925	109928	http://farm4.staticflickr.com/3643/5804871843_569e461319_z.jpg	Attribution-NonCommercial-NoDerivs License
6929	523473	http://farm7.staticflickr.com/6234/6274181491_d45e89b135_z.jpg	Attribution-ShareAlike License
6930	188421	http://farm4.staticflickr.com/3230/2590723214_33021a2195_z.jpg	Attribution-NonCommercial-ShareAlike License
6933	74059	http://farm9.staticflickr.com/8231/8382891084_b0a5c3f65d_z.jpg	Attribution License
6936	85888	http://farm6.staticflickr.com/5325/9407834824_d2d59f699f_z.jpg	Attribution-NonCommercial-ShareAlike License
6937	388788	http://farm6.staticflickr.com/5167/5286390699_01b57a154b_z.jpg	Attribution-ShareAlike License
6938	387338	http://farm1.staticflickr.com/53/136241543_466c23fe78_z.jpg	Attribution-NonCommercial-NoDerivs License
6940	524533	http://farm4.staticflickr.com/3730/9190425083_0d567885b9_z.jpg	Attribution-NoDerivs License
6943	312638	http://farm1.staticflickr.com/127/361805224_3cf42f902e_z.jpg	Attribution-ShareAlike License
6944	546647	http://farm9.staticflickr.com/8308/7756272986_49011f579e_z.jpg	Attribution-NonCommercial-NoDerivs License
