word_id	word	source	reference	licence
2447	case	Wiktionary	https://en.wiktionary.org/wiki/case	CC BY-SA 3.0
5377	system	Wiktionary	https://en.wiktionary.org/wiki/system	CC BY-SA 3.0
5011	service	Wiktionary	https://en.wiktionary.org/wiki/service	CC BY-SA 3.0
2611	community	Wiktionary	https://en.wiktionary.org/wiki/community	CC BY-SA 3.0
5131	social	Wiktionary	https://en.wiktionary.org/wiki/social	CC BY-SA 3.0
2796	create	Wiktionary	https://en.wiktionary.org/wiki/create	CC BY-SA 3.0
2002	add	Wiktionary	https://en.wiktionary.org/wiki/add	CC BY-SA 3.0
5180	spend	Wiktionary	https://en.wiktionary.org/wiki/spend	CC BY-SA 3.0
3537	guy	Wiktionary	https://en.wiktionary.org/wiki/guy	CC BY-SA 3.0
4494	policy	Wiktionary	https://en.wiktionary.org/wiki/policy	CC BY-SA 3.0
2695	consider	Wiktionary	https://en.wiktionary.org/wiki/consider	CC BY-SA 3.0
2125	appear	Wiktionary	https://en.wiktionary.org/wiki/appear	CC BY-SA 3.0
3095	effect	Wiktionary	https://en.wiktionary.org/wiki/effect	CC BY-SA 3.0
4014	major	Wiktionary	https://en.wiktionary.org/wiki/major	CC BY-SA 3.0
4827	require	Wiktionary	https://en.wiktionary.org/wiki/require	CC BY-SA 3.0
3337	finally	Wiktionary	https://en.wiktionary.org/wiki/finally	CC BY-SA 3.0
4781	relationship	Wiktionary	https://en.wiktionary.org/wiki/relationship	CC BY-SA 3.0
5393	tax	Wiktionary	https://en.wiktionary.org/wiki/tax	CC BY-SA 3.0
4511	position	Wiktionary	https://en.wiktionary.org/wiki/position	CC BY-SA 3.0
5333	support	Wiktionary	https://en.wiktionary.org/wiki/support	CC BY-SA 3.0
5079	site	Wiktionary	https://en.wiktionary.org/wiki/site	CC BY-SA 3.0
3334	figure	Wiktionary	https://en.wiktionary.org/wiki/figure	CC BY-SA 3.0
3667	image	Wiktionary	https://en.wiktionary.org/wiki/image	CC BY-SA 3.0
2851	data	Wiktionary	https://en.wiktionary.org/wiki/data	CC BY-SA 3.0
4596	product	Wiktionary	https://en.wiktionary.org/wiki/product	CC BY-SA 3.0
3724	industry	Wiktionary	https://en.wiktionary.org/wiki/industry	CC BY-SA 3.0
5071	simply	Wiktionary	https://en.wiktionary.org/wiki/simply	CC BY-SA 3.0
5155	source	Wiktionary	https://en.wiktionary.org/wiki/source	CC BY-SA 3.0
3207	evidence	Wiktionary	https://en.wiktionary.org/wiki/evidence	CC BY-SA 3.0
2220	available	Wiktionary	https://en.wiktionary.org/wiki/available	CC BY-SA 3.0
3941	likely	Wiktionary	https://en.wiktionary.org/wiki/likely	CC BY-SA 3.0
4271	opportunity	Wiktionary	https://en.wiktionary.org/wiki/opportunity	CC BY-SA 3.0
2666	condition	Wiktionary	https://en.wiktionary.org/wiki/condition	CC BY-SA 3.0
2513	choice	Wiktionary	https://en.wiktionary.org/wiki/choice	CC BY-SA 3.0
2680	congress	Wiktionary	https://en.wiktionary.org/wiki/congress	CC BY-SA 3.0
4046	material	Wiktionary	https://en.wiktionary.org/wiki/material	CC BY-SA 3.0
3088	economy	Wiktionary	https://en.wiktionary.org/wiki/economy	CC BY-SA 3.0
3085	economic	Wiktionary	https://en.wiktionary.org/wiki/economic	CC BY-SA 3.0
4059	medical	Wiktionary	https://en.wiktionary.org/wiki/medical	CC BY-SA 3.0
4893	risk	Wiktionary	https://en.wiktionary.org/wiki/risk	CC BY-SA 3.0
3832	involve	Wiktionary	https://en.wiktionary.org/wiki/involve	CC BY-SA 3.0
4988	seek	Wiktionary	https://en.wiktionary.org/wiki/seek	CC BY-SA 3.0
4414	per	Wiktionary	https://en.wiktionary.org/wiki/per	CC BY-SA 3.0
4259	officer	Wiktionary	https://en.wiktionary.org/wiki/officer	CC BY-SA 3.0
2283	behavior	Wiktionary	https://en.wiktionary.org/wiki/behavior	CC BY-SA 3.0
2212	author	Wiktionary	https://en.wiktionary.org/wiki/author	CC BY-SA 3.0
4817	represent	Wiktionary	https://en.wiktionary.org/wiki/represent	CC BY-SA 3.0
4747	reduce	Wiktionary	https://en.wiktionary.org/wiki/reduce	CC BY-SA 3.0
2657	concern	Wiktionary	https://en.wiktionary.org/wiki/concern	CC BY-SA 3.0
5064	significant	Wiktionary	https://en.wiktionary.org/wiki/significant	CC BY-SA 3.0
4850	response	Wiktionary	https://en.wiktionary.org/wiki/response	CC BY-SA 3.0
3284	factor	Wiktionary	https://en.wiktionary.org/wiki/factor	CC BY-SA 3.0
5254	stock	Wiktionary	https://en.wiktionary.org/wiki/stock	CC BY-SA 3.0
2932	despite	Wiktionary	https://en.wiktionary.org/wiki/despite	CC BY-SA 3.0
2474	central	Wiktionary	https://en.wiktionary.org/wiki/central	CC BY-SA 3.0
2301	beyond	Wiktionary	https://en.wiktionary.org/wiki/beyond	CC BY-SA 3.0
2139	approach	Wiktionary	https://en.wiktionary.org/wiki/approach	CC BY-SA 3.0
4252	occur	Wiktionary	https://en.wiktionary.org/wiki/occur	CC BY-SA 3.0
3718	individual	Wiktionary	https://en.wiktionary.org/wiki/individual	CC BY-SA 3.0
4665	quality	Wiktionary	https://en.wiktionary.org/wiki/quality	CC BY-SA 3.0
4846	resource	Wiktionary	https://en.wiktionary.org/wiki/resource	CC BY-SA 3.0
3652	identify	Wiktionary	https://en.wiktionary.org/wiki/identify	CC BY-SA 3.0
2944	determine	Wiktionary	https://en.wiktionary.org/wiki/determine	CC BY-SA 3.0
2149	argue	Wiktionary	https://en.wiktionary.org/wiki/argue	CC BY-SA 3.0
2087	amount	Wiktionary	https://en.wiktionary.org/wiki/amount	CC BY-SA 3.0
5657	within	Wiktionary	https://en.wiktionary.org/wiki/within	CC BY-SA 3.0
5212	staff	Wiktionary	https://en.wiktionary.org/wiki/staff	CC BY-SA 3.0
4735	recognize	Wiktionary	https://en.wiktionary.org/wiki/recognize	CC BY-SA 3.0
3711	indicate	Wiktionary	https://en.wiktionary.org/wiki/indicate	CC BY-SA 3.0
2489	character	Wiktionary	https://en.wiktionary.org/wiki/character	CC BY-SA 3.0
3985	loss	Wiktionary	https://en.wiktionary.org/wiki/loss	CC BY-SA 3.0
4769	region	Wiktionary	https://en.wiktionary.org/wiki/region	CC BY-SA 3.0
2095	analysis	Wiktionary	https://en.wiktionary.org/wiki/analysis	CC BY-SA 3.0
2294	benefit	Wiktionary	https://en.wiktionary.org/wiki/benefit	CC BY-SA 3.0
4983	section	Wiktionary	https://en.wiktionary.org/wiki/section	CC BY-SA 3.0
2804	crime	Wiktionary	https://en.wiktionary.org/wiki/crime	CC BY-SA 3.0
2617	compare	Wiktionary	https://en.wiktionary.org/wiki/compare	CC BY-SA 3.0
2923	design	Wiktionary	https://en.wiktionary.org/wiki/design	CC BY-SA 3.0
5153	sort	Wiktionary	https://en.wiktionary.org/wiki/sort	CC BY-SA 3.0
3230	executive	Wiktionary	https://en.wiktionary.org/wiki/executive	CC BY-SA 3.0
4637	prove	Wiktionary	https://en.wiktionary.org/wiki/prove	CC BY-SA 3.0
3174	entire	Wiktionary	https://en.wiktionary.org/wiki/entire	CC BY-SA 3.0
2533	claim	Wiktionary	https://en.wiktionary.org/wiki/claim	CC BY-SA 3.0
4804	remove	Wiktionary	https://en.wiktionary.org/wiki/remove	CC BY-SA 3.0
4267	operation	Wiktionary	https://en.wiktionary.org/wiki/operation	CC BY-SA 3.0
3920	legal	Wiktionary	https://en.wiktionary.org/wiki/legal	CC BY-SA 3.0
3195	establish	Wiktionary	https://en.wiktionary.org/wiki/establish	CC BY-SA 3.0
3343	firm	Wiktionary	https://en.wiktionary.org/wiki/firm	CC BY-SA 3.0
2225	avoid	Wiktionary	https://en.wiktionary.org/wiki/avoid	CC BY-SA 3.0
4849	respond	Wiktionary	https://en.wiktionary.org/wiki/respond	CC BY-SA 3.0
2492	charge	Wiktionary	https://en.wiktionary.org/wiki/charge	CC BY-SA 3.0
2142	approve	Wiktionary	https://en.wiktionary.org/wiki/approve	CC BY-SA 3.0
3841	issue	Wiktionary	https://en.wiktionary.org/wiki/issue	CC BY-SA 3.0
4868	reveal	Wiktionary	https://en.wiktionary.org/wiki/reveal	CC BY-SA 3.0
5618	weapon	Wiktionary	https://en.wiktionary.org/wiki/weapon	CC BY-SA 3.0
3140	employee	Wiktionary	https://en.wiktionary.org/wiki/employee	CC BY-SA 3.0
2717	contain	Wiktionary	https://en.wiktionary.org/wiki/contain	CC BY-SA 3.0
2134	apply	Wiktionary	https://en.wiktionary.org/wiki/apply	CC BY-SA 3.0
4054	measure	Wiktionary	https://en.wiktionary.org/wiki/measure	CC BY-SA 3.0
2890	degree	Wiktionary	https://en.wiktionary.org/wiki/degree	CC BY-SA 3.0
2102	angle	Wiktionary	https://en.wiktionary.org/wiki/angle	CC BY-SA 3.0
4374	particular	Wiktionary	https://en.wiktionary.org/wiki/particular	CC BY-SA 3.0
3967	local	Wiktionary	https://en.wiktionary.org/wiki/local	CC BY-SA 3.0
5283	structure	Wiktionary	https://en.wiktionary.org/wiki/structure	CC BY-SA 3.0
4420	perform	Wiktionary	https://en.wiktionary.org/wiki/perform	CC BY-SA 3.0
2036	affect	Wiktionary	https://en.wiktionary.org/wiki/affect	CC BY-SA 3.0
2669	conference	Wiktionary	https://en.wiktionary.org/wiki/conference	CC BY-SA 3.0
5291	style	Wiktionary	https://en.wiktionary.org/wiki/style	CC BY-SA 3.0
3305	fashion	Wiktionary	https://en.wiktionary.org/wiki/fashion	CC BY-SA 3.0
2021	adult	Wiktionary	https://en.wiktionary.org/wiki/adult	CC BY-SA 3.0
4696	range	Wiktionary	https://en.wiktionary.org/wiki/range	CC BY-SA 3.0
5170	specific	Wiktionary	https://en.wiktionary.org/wiki/specific	CC BY-SA 3.0
5049	shoulder	Wiktionary	https://en.wiktionary.org/wiki/shoulder	CC BY-SA 3.0
4621	property	Wiktionary	https://en.wiktionary.org/wiki/property	CC BY-SA 3.0
3772	instead	Wiktionary	https://en.wiktionary.org/wiki/instead	CC BY-SA 3.0
2939	detail	Wiktionary	https://en.wiktionary.org/wiki/detail	CC BY-SA 3.0
4083	method	Wiktionary	https://en.wiktionary.org/wiki/method	CC BY-SA 3.0
5336	surface	Wiktionary	https://en.wiktionary.org/wiki/surface	CC BY-SA 3.0
3526	ground	Wiktionary	https://en.wiktionary.org/wiki/ground	CC BY-SA 3.0
3295	fall	Wiktionary	https://en.wiktionary.org/wiki/fall	CC BY-SA 3.0
4755	reflect	Wiktionary	https://en.wiktionary.org/wiki/reflect	CC BY-SA 3.0
4658	purpose	Wiktionary	https://en.wiktionary.org/wiki/purpose	CC BY-SA 3.0
4290	organization	Wiktionary	https://en.wiktionary.org/wiki/organization	CC BY-SA 3.0
2042	agency	Wiktionary	https://en.wiktionary.org/wiki/agency	CC BY-SA 3.0
3425	fund	Wiktionary	https://en.wiktionary.org/wiki/fund	CC BY-SA 3.0
3775	institution	Wiktionary	https://en.wiktionary.org/wiki/institution	CC BY-SA 3.0
4391	pattern	Wiktionary	https://en.wiktionary.org/wiki/pattern	CC BY-SA 3.0
2044	agent	Wiktionary	https://en.wiktionary.org/wiki/agent	CC BY-SA 3.0
2052	ahead	Wiktionary	https://en.wiktionary.org/wiki/ahead	CC BY-SA 3.0
3395	forward	Wiktionary	https://en.wiktionary.org/wiki/forward	CC BY-SA 3.0
2601	commercial	Wiktionary	https://en.wiktionary.org/wiki/commercial	CC BY-SA 3.0
2006	address	Wiktionary	https://en.wiktionary.org/wiki/address	CC BY-SA 3.0
3842	item	Wiktionary	https://en.wiktionary.org/wiki/item	CC BY-SA 3.0
4715	reality	Wiktionary	https://en.wiktionary.org/wiki/reality	CC BY-SA 3.0
5408	tend	Wiktionary	https://en.wiktionary.org/wiki/tend	CC BY-SA 3.0
2581	collection	Wiktionary	https://en.wiktionary.org/wiki/collection	CC BY-SA 3.0
4512	positive	Wiktionary	https://en.wiktionary.org/wiki/positive	CC BY-SA 3.0
2529	civil	Wiktionary	https://en.wiktionary.org/wiki/civil	CC BY-SA 3.0
2389	budget	Wiktionary	https://en.wiktionary.org/wiki/budget	CC BY-SA 3.0
2050	agreement	Wiktionary	https://en.wiktionary.org/wiki/agreement	CC BY-SA 3.0
4851	responsibility	Wiktionary	https://en.wiktionary.org/wiki/responsibility	CC BY-SA 3.0
1979	account	Wiktionary	https://en.wiktionary.org/wiki/account	CC BY-SA 3.0
2205	audience	Wiktionary	https://en.wiktionary.org/wiki/audience	CC BY-SA 3.0
5592	vote	Wiktionary	https://en.wiktionary.org/wiki/vote	CC BY-SA 3.0
2860	debate	Wiktionary	https://en.wiktionary.org/wiki/debate	CC BY-SA 3.0
4015	majority	Wiktionary	https://en.wiktionary.org/wiki/majority	CC BY-SA 3.0
2017	admit	Wiktionary	https://en.wiktionary.org/wiki/admit	CC BY-SA 3.0
4601	professional	Wiktionary	https://en.wiktionary.org/wiki/professional	CC BY-SA 3.0
5312	suffer	Wiktionary	https://en.wiktionary.org/wiki/suffer	CC BY-SA 3.0
4279	option	Wiktionary	https://en.wiktionary.org/wiki/option	CC BY-SA 3.0
4371	participant	Wiktionary	https://en.wiktionary.org/wiki/participant	CC BY-SA 3.0
3206	eventually	Wiktionary	https://en.wiktionary.org/wiki/eventually	CC BY-SA 3.0
3481	global	Wiktionary	https://en.wiktionary.org/wiki/global	CC BY-SA 3.0
4757	reform	Wiktionary	https://en.wiktionary.org/wiki/reform	CC BY-SA 3.0
1967	access	Wiktionary	https://en.wiktionary.org/wiki/access	CC BY-SA 3.0
4647	publish	Wiktionary	https://en.wiktionary.org/wiki/publish	CC BY-SA 3.0
4780	relation	Wiktionary	https://en.wiktionary.org/wiki/relation	CC BY-SA 3.0
4784	release	Wiktionary	https://en.wiktionary.org/wiki/release	CC BY-SA 3.0
2800	credit	Wiktionary	https://en.wiktionary.org/wiki/credit	CC BY-SA 3.0
4723	recall	Wiktionary	https://en.wiktionary.org/wiki/recall	CC BY-SA 3.0
5225	stare	Wiktionary	https://en.wiktionary.org/wiki/stare	CC BY-SA 3.0
3096	effective	Wiktionary	https://en.wiktionary.org/wiki/effective	CC BY-SA 3.0
4192	neighborhood	Wiktionary	https://en.wiktionary.org/wiki/neighborhood	CC BY-SA 3.0
4296	original	Wiktionary	https://en.wiktionary.org/wiki/original	CC BY-SA 3.0
5527	troop	Wiktionary	https://en.wiktionary.org/wiki/troop	CC BY-SA 3.0
3703	income	Wiktionary	https://en.wiktionary.org/wiki/income	CC BY-SA 3.0
2264	basic	Wiktionary	https://en.wiktionary.org/wiki/basic	CC BY-SA 3.0
1987	achieve	Wiktionary	https://en.wiktionary.org/wiki/achieve	CC BY-SA 3.0
5264	strategy	Wiktionary	https://en.wiktionary.org/wiki/strategy	CC BY-SA 3.0
2200	attitude	Wiktionary	https://en.wiktionary.org/wiki/attitude	CC BY-SA 3.0
4752	refer	Wiktionary	https://en.wiktionary.org/wiki/refer	CC BY-SA 3.0
2656	concept	Wiktionary	https://en.wiktionary.org/wiki/concept	CC BY-SA 3.0
4418	perfect	Wiktionary	https://en.wiktionary.org/wiki/perfect	CC BY-SA 3.0
5433	therefore	Wiktionary	https://en.wiktionary.org/wiki/therefore	CC BY-SA 3.0
2106	announce	Wiktionary	https://en.wiktionary.org/wiki/announce	CC BY-SA 3.0
2675	conflict	Wiktionary	https://en.wiktionary.org/wiki/conflict	CC BY-SA 3.0
2150	argument	Wiktionary	https://en.wiktionary.org/wiki/argument	CC BY-SA 3.0
3318	feature	Wiktionary	https://en.wiktionary.org/wiki/feature	CC BY-SA 3.0
4515	possibility	Wiktionary	https://en.wiktionary.org/wiki/possibility	CC BY-SA 3.0
3780	insurance	Wiktionary	https://en.wiktionary.org/wiki/insurance	CC BY-SA 3.0
2910	department	Wiktionary	https://en.wiktionary.org/wiki/department	CC BY-SA 3.0
2632	complete	Wiktionary	https://en.wiktionary.org/wiki/complete	CC BY-SA 3.0
2885	define	Wiktionary	https://en.wiktionary.org/wiki/define	CC BY-SA 3.0
3114	element	Wiktionary	https://en.wiktionary.org/wiki/element	CC BY-SA 3.0
5235	status	Wiktionary	https://en.wiktionary.org/wiki/status	CC BY-SA 3.0
5144	solution	Wiktionary	https://en.wiktionary.org/wiki/solution	CC BY-SA 3.0
2197	attempt	Wiktionary	https://en.wiktionary.org/wiki/attempt	CC BY-SA 3.0
3880	lack	Wiktionary	https://en.wiktionary.org/wiki/lack	CC BY-SA 3.0
3005	distance	Wiktionary	https://en.wiktionary.org/wiki/distance	CC BY-SA 3.0
3548	handle	Wiktionary	https://en.wiktionary.org/wiki/handle	CC BY-SA 3.0
5346	survey	Wiktionary	https://en.wiktionary.org/wiki/survey	CC BY-SA 3.0
4903	roll	Wiktionary	https://en.wiktionary.org/wiki/roll	CC BY-SA 3.0
2609	communication	Wiktionary	https://en.wiktionary.org/wiki/communication	CC BY-SA 3.0
3436	gain	Wiktionary	https://en.wiktionary.org/wiki/gain	CC BY-SA 3.0
4837	resident	Wiktionary	https://en.wiktionary.org/wiki/resident	CC BY-SA 3.0
4557	presence	Wiktionary	https://en.wiktionary.org/wiki/presence	CC BY-SA 3.0
3015	district	Wiktionary	https://en.wiktionary.org/wiki/district	CC BY-SA 3.0
4711	reader	Wiktionary	https://en.wiktionary.org/wiki/reader	CC BY-SA 3.0
2119	apartment	Wiktionary	https://en.wiktionary.org/wiki/apartment	CC BY-SA 3.0
5646	willing	Wiktionary	https://en.wiktionary.org/wiki/willing	CC BY-SA 3.0
4570	previous	Wiktionary	https://en.wiktionary.org/wiki/previous	CC BY-SA 3.0
3529	guard	Wiktionary	https://en.wiktionary.org/wiki/guard	CC BY-SA 3.0
4816	reporter	Wiktionary	https://en.wiktionary.org/wiki/reporter	CC BY-SA 3.0
2896	deliver	Wiktionary	https://en.wiktionary.org/wiki/deliver	CC BY-SA 3.0
4240	observe	Wiktionary	https://en.wiktionary.org/wiki/observe	CC BY-SA 3.0
3283	facility	Wiktionary	https://en.wiktionary.org/wiki/facility	CC BY-SA 3.0
2222	average	Wiktionary	https://en.wiktionary.org/wiki/average	CC BY-SA 3.0
3128	emerge	Wiktionary	https://en.wiktionary.org/wiki/emerge	CC BY-SA 3.0
3075	earn	Wiktionary	https://en.wiktionary.org/wiki/earn	CC BY-SA 3.0
2266	basis	Wiktionary	https://en.wiktionary.org/wiki/basis	CC BY-SA 3.0
4938	sample	Wiktionary	https://en.wiktionary.org/wiki/sample	CC BY-SA 3.0
2735	contribute	Wiktionary	https://en.wiktionary.org/wiki/contribute	CC BY-SA 3.0
5462	tiny	Wiktionary	https://en.wiktionary.org/wiki/tiny	CC BY-SA 3.0
5015	settle	Wiktionary	https://en.wiktionary.org/wiki/settle	CC BY-SA 3.0
3653	identity	Wiktionary	https://en.wiktionary.org/wiki/identity	CC BY-SA 3.0
5466	title	Wiktionary	https://en.wiktionary.org/wiki/title	CC BY-SA 3.0
4146	mostly	Wiktionary	https://en.wiktionary.org/wiki/mostly	CC BY-SA 3.0
4614	promote	Wiktionary	https://en.wiktionary.org/wiki/promote	CC BY-SA 3.0
5397	technique	Wiktionary	https://en.wiktionary.org/wiki/technique	CC BY-SA 3.0
3372	folk	Wiktionary	https://en.wiktionary.org/wiki/folk	CC BY-SA 3.0
5348	survive	Wiktionary	https://en.wiktionary.org/wiki/survive	CC BY-SA 3.0
2343	border	Wiktionary	https://en.wiktionary.org/wiki/border	CC BY-SA 3.0
3452	gather	Wiktionary	https://en.wiktionary.org/wiki/gather	CC BY-SA 3.0
2183	associate	Wiktionary	https://en.wiktionary.org/wiki/associate	CC BY-SA 3.0
2810	critic	Wiktionary	https://en.wiktionary.org/wiki/critic	CC BY-SA 3.0
2169	aspect	Wiktionary	https://en.wiktionary.org/wiki/aspect	CC BY-SA 3.0
3287	failure	Wiktionary	https://en.wiktionary.org/wiki/failure	CC BY-SA 3.0
2108	annual	Wiktionary	https://en.wiktionary.org/wiki/annual	CC BY-SA 3.0
2599	comment	Wiktionary	https://en.wiktionary.org/wiki/comment	CC BY-SA 3.0
4852	responsible	Wiktionary	https://en.wiktionary.org/wiki/responsible	CC BY-SA 3.0
4590	procedure	Wiktionary	https://en.wiktionary.org/wiki/procedure	CC BY-SA 3.0
4771	regular	Wiktionary	https://en.wiktionary.org/wiki/regular	CC BY-SA 3.0
5200	spread	Wiktionary	https://en.wiktionary.org/wiki/spread	CC BY-SA 3.0
3660	ignore	Wiktionary	https://en.wiktionary.org/wiki/ignore	CC BY-SA 3.0
2285	belief	Wiktionary	https://en.wiktionary.org/wiki/belief	CC BY-SA 3.0
2900	demonstrate	Wiktionary	https://en.wiktionary.org/wiki/demonstrate	CC BY-SA 3.0
2116	anybody	Wiktionary	https://en.wiktionary.org/wiki/anybody	CC BY-SA 3.0
3092	editor	Wiktionary	https://en.wiktionary.org/wiki/editor	CC BY-SA 3.0
3156	engage	Wiktionary	https://en.wiktionary.org/wiki/engage	CC BY-SA 3.0
2117	anyway	Wiktionary	https://en.wiktionary.org/wiki/anyway	CC BY-SA 3.0
2603	commit	Wiktionary	https://en.wiktionary.org/wiki/commit	CC BY-SA 3.0
3325	female	Wiktionary	https://en.wiktionary.org/wiki/female	CC BY-SA 3.0
2234	background	Wiktionary	https://en.wiktionary.org/wiki/background	CC BY-SA 3.0
4179	native	Wiktionary	https://en.wiktionary.org/wiki/native	CC BY-SA 3.0
2379	broad	Wiktionary	https://en.wiktionary.org/wiki/broad	CC BY-SA 3.0
2908	deny	Wiktionary	https://en.wiktionary.org/wiki/deny	CC BY-SA 3.0
4435	perspective	Wiktionary	https://en.wiktionary.org/wiki/perspective	CC BY-SA 3.0
2711	construction	Wiktionary	https://en.wiktionary.org/wiki/construction	CC BY-SA 3.0
3787	intelligence	Wiktionary	https://en.wiktionary.org/wiki/intelligence	CC BY-SA 3.0
2682	connection	Wiktionary	https://en.wiktionary.org/wiki/connection	CC BY-SA 3.0
4779	relate	Wiktionary	https://en.wiktionary.org/wiki/relate	CC BY-SA 3.0
2726	context	Wiktionary	https://en.wiktionary.org/wiki/context	CC BY-SA 3.0
2604	committee	Wiktionary	https://en.wiktionary.org/wiki/committee	CC BY-SA 3.0
3970	location	Wiktionary	https://en.wiktionary.org/wiki/location	CC BY-SA 3.0
2228	aware	Wiktionary	https://en.wiktionary.org/wiki/aware	CC BY-SA 3.0
3424	function	Wiktionary	https://en.wiktionary.org/wiki/function	CC BY-SA 3.0
2339	bone	Wiktionary	https://en.wiktionary.org/wiki/bone	CC BY-SA 3.0
3263	extend	Wiktionary	https://en.wiktionary.org/wiki/extend	CC BY-SA 3.0
2592	combine	Wiktionary	https://en.wiktionary.org/wiki/combine	CC BY-SA 3.0
2457	category	Wiktionary	https://en.wiktionary.org/wiki/category	CC BY-SA 3.0
1961	academic	Wiktionary	https://en.wiktionary.org/wiki/academic	CC BY-SA 3.0
3604	historical	Wiktionary	https://en.wiktionary.org/wiki/historical	CC BY-SA 3.0
2716	contact	Wiktionary	https://en.wiktionary.org/wiki/contact	CC BY-SA 3.0
4372	participate	Wiktionary	https://en.wiktionary.org/wiki/participate	CC BY-SA 3.0
3601	hire	Wiktionary	https://en.wiktionary.org/wiki/hire	CC BY-SA 3.0
3297	familiar	Wiktionary	https://en.wiktionary.org/wiki/familiar	CC BY-SA 3.0
1997	actor	Wiktionary	https://en.wiktionary.org/wiki/actor	CC BY-SA 3.0
4902	role	Wiktionary	https://en.wiktionary.org/wiki/role	CC BY-SA 3.0
2898	democracy	Wiktionary	https://en.wiktionary.org/wiki/democracy	CC BY-SA 3.0
2899	democratic	Wiktionary	https://en.wiktionary.org/wiki/democratic	CC BY-SA 3.0
3079	eastern	Wiktionary	https://en.wiktionary.org/wiki/eastern	CC BY-SA 3.0
4574	primary	Wiktionary	https://en.wiktionary.org/wiki/primary	CC BY-SA 3.0
2946	device	Wiktionary	https://en.wiktionary.org/wiki/device	CC BY-SA 3.0
3222	exchange	Wiktionary	https://en.wiktionary.org/wiki/exchange	CC BY-SA 3.0
5286	studio	Wiktionary	https://en.wiktionary.org/wiki/studio	CC BY-SA 3.0
2580	colleague	Wiktionary	https://en.wiktionary.org/wiki/colleague	CC BY-SA 3.0
2845	damage	Wiktionary	https://en.wiktionary.org/wiki/damage	CC BY-SA 3.0
4301	otherwise	Wiktionary	https://en.wiktionary.org/wiki/otherwise	CC BY-SA 3.0
5673	writing	Wiktionary	https://en.wiktionary.org/wiki/writing	CC BY-SA 3.0
4016	male	Wiktionary	https://en.wiktionary.org/wiki/male	CC BY-SA 3.0
5018	sex	Wiktionary	https://en.wiktionary.org/wiki/sex	CC BY-SA 3.0
3261	expression	Wiktionary	https://en.wiktionary.org/wiki/expression	CC BY-SA 3.0
3790	intend	Wiktionary	https://en.wiktionary.org/wiki/intend	CC BY-SA 3.0
5425	theater	Wiktionary	https://en.wiktionary.org/wiki/theater	CC BY-SA 3.0
3271	extra	Wiktionary	https://en.wiktionary.org/wiki/extra	CC BY-SA 3.0
2848	danger	Wiktionary	https://en.wiktionary.org/wiki/danger	CC BY-SA 3.0
2807	crisis	Wiktionary	https://en.wiktionary.org/wiki/crisis	CC BY-SA 3.0
5443	threaten	Wiktionary	https://en.wiktionary.org/wiki/threaten	CC BY-SA 3.0
3032	domestic	Wiktionary	https://en.wiktionary.org/wiki/domestic	CC BY-SA 3.0
3959	literature	Wiktionary	https://en.wiktionary.org/wiki/literature	CC BY-SA 3.0
2926	desire	Wiktionary	https://en.wiktionary.org/wiki/desire	CC BY-SA 3.0
3752	injury	Wiktionary	https://en.wiktionary.org/wiki/injury	CC BY-SA 3.0
4847	respect	Wiktionary	https://en.wiktionary.org/wiki/respect	CC BY-SA 3.0
3594	highly	Wiktionary	https://en.wiktionary.org/wiki/highly	CC BY-SA 3.0
3240	expand	Wiktionary	https://en.wiktionary.org/wiki/expand	CC BY-SA 3.0
5135	software	Wiktionary	https://en.wiktionary.org/wiki/software	CC BY-SA 3.0
4713	reading	Wiktionary	https://en.wiktionary.org/wiki/reading	CC BY-SA 3.0
4071	mental	Wiktionary	https://en.wiktionary.org/wiki/mental	CC BY-SA 3.0
3705	increasingly	Wiktionary	https://en.wiktionary.org/wiki/increasingly	CC BY-SA 3.0
3255	explore	Wiktionary	https://en.wiktionary.org/wiki/explore	CC BY-SA 3.0
2633	complex	Wiktionary	https://en.wiktionary.org/wiki/complex	CC BY-SA 3.0
5344	surround	Wiktionary	https://en.wiktionary.org/wiki/surround	CC BY-SA 3.0
2192	athlete	Wiktionary	https://en.wiktionary.org/wiki/athlete	CC BY-SA 3.0
5154	soul	Wiktionary	https://en.wiktionary.org/wiki/soul	CC BY-SA 3.0
4034	married	Wiktionary	https://en.wiktionary.org/wiki/married	CC BY-SA 3.0
4376	partner	Wiktionary	https://en.wiktionary.org/wiki/partner	CC BY-SA 3.0
2035	affair	Wiktionary	https://en.wiktionary.org/wiki/affair	CC BY-SA 3.0
3776	instrument	Wiktionary	https://en.wiktionary.org/wiki/instrument	CC BY-SA 3.0
4542	predict	Wiktionary	https://en.wiktionary.org/wiki/predict	CC BY-SA 3.0
4498	poll	Wiktionary	https://en.wiktionary.org/wiki/poll	CC BY-SA 3.0
2691	consequence	Wiktionary	https://en.wiktionary.org/wiki/consequence	CC BY-SA 3.0
2367	breath	Wiktionary	https://en.wiktionary.org/wiki/breath	CC BY-SA 3.0
5059	sight	Wiktionary	https://en.wiktionary.org/wiki/sight	CC BY-SA 3.0
2242	balance	Wiktionary	https://en.wiktionary.org/wiki/balance	CC BY-SA 3.0
2019	adopt	Wiktionary	https://en.wiktionary.org/wiki/adopt	CC BY-SA 3.0
2287	belong	Wiktionary	https://en.wiktionary.org/wiki/belong	CC BY-SA 3.0
4586	private	Wiktionary	https://en.wiktionary.org/wiki/private	CC BY-SA 3.0
2528	citizen	Wiktionary	https://en.wiktionary.org/wiki/citizen	CC BY-SA 3.0
5002	senior	Wiktionary	https://en.wiktionary.org/wiki/senior	CC BY-SA 3.0
2053	aid	Wiktionary	https://en.wiktionary.org/wiki/aid	CC BY-SA 3.0
4263	okay	Wiktionary	https://en.wiktionary.org/wiki/okay	CC BY-SA 3.0
5146	somehow	Wiktionary	https://en.wiktionary.org/wiki/somehow	CC BY-SA 3.0
4291	organize	Wiktionary	https://en.wiktionary.org/wiki/organize	CC BY-SA 3.0
2014	administration	Wiktionary	https://en.wiktionary.org/wiki/administration	CC BY-SA 3.0
1989	acknowledge	Wiktionary	https://en.wiktionary.org/wiki/acknowledge	CC BY-SA 3.0
5427	theme	Wiktionary	https://en.wiktionary.org/wiki/theme	CC BY-SA 3.0
5575	union	Wiktionary	https://en.wiktionary.org/wiki/union	CC BY-SA 3.0
2662	conclusion	Wiktionary	https://en.wiktionary.org/wiki/conclusion	CC BY-SA 3.0
4575	prime	Wiktionary	https://en.wiktionary.org/wiki/prime	CC BY-SA 3.0
2661	conclude	Wiktionary	https://en.wiktionary.org/wiki/conclude	CC BY-SA 3.0
4871	revenue	Wiktionary	https://en.wiktionary.org/wiki/revenue	CC BY-SA 3.0
3969	locate	Wiktionary	https://en.wiktionary.org/wiki/locate	CC BY-SA 3.0
2782	county	Wiktionary	https://en.wiktionary.org/wiki/county	CC BY-SA 3.0
2126	appearance	Wiktionary	https://en.wiktionary.org/wiki/appearance	CC BY-SA 3.0
4247	obvious	Wiktionary	https://en.wiktionary.org/wiki/obvious	CC BY-SA 3.0
3460	generate	Wiktionary	https://en.wiktionary.org/wiki/generate	CC BY-SA 3.0
4625	propose	Wiktionary	https://en.wiktionary.org/wiki/propose	CC BY-SA 3.0
5514	trend	Wiktionary	https://en.wiktionary.org/wiki/trend	CC BY-SA 3.0
3965	loan	Wiktionary	https://en.wiktionary.org/wiki/loan	CC BY-SA 3.0
4604	profit	Wiktionary	https://en.wiktionary.org/wiki/profit	CC BY-SA 3.0
2802	crew	Wiktionary	https://en.wiktionary.org/wiki/crew	CC BY-SA 3.0
4160	muscle	Wiktionary	https://en.wiktionary.org/wiki/muscle	CC BY-SA 3.0
4211	notion	Wiktionary	https://en.wiktionary.org/wiki/notion	CC BY-SA 3.0
2506	chest	Wiktionary	https://en.wiktionary.org/wiki/chest	CC BY-SA 3.0
2366	breast	Wiktionary	https://en.wiktionary.org/wiki/breast	CC BY-SA 3.0
2448	cash	Wiktionary	https://en.wiktionary.org/wiki/cash	CC BY-SA 3.0
3129	emergency	Wiktionary	https://en.wiktionary.org/wiki/emergency	CC BY-SA 3.0
5576	unique	Wiktionary	https://en.wiktionary.org/wiki/unique	CC BY-SA 3.0
3804	internal	Wiktionary	https://en.wiktionary.org/wiki/internal	CC BY-SA 3.0
3201	ethnic	Wiktionary	https://en.wiktionary.org/wiki/ethnic	CC BY-SA 3.0
2724	content	Wiktionary	https://en.wiktionary.org/wiki/content	CC BY-SA 3.0
4993	select	Wiktionary	https://en.wiktionary.org/wiki/select	CC BY-SA 3.0
4907	root	Wiktionary	https://en.wiktionary.org/wiki/root	CC BY-SA 3.0
2871	declare	Wiktionary	https://en.wiktionary.org/wiki/declare	CC BY-SA 3.0
2138	appreciate	Wiktionary	https://en.wiktionary.org/wiki/appreciate	CC BY-SA 3.0
3900	launch	Wiktionary	https://en.wiktionary.org/wiki/launch	CC BY-SA 3.0
3335	file	Wiktionary	https://en.wiktionary.org/wiki/file	CC BY-SA 3.0
4305	outcome	Wiktionary	https://en.wiktionary.org/wiki/outcome	CC BY-SA 3.0
2882	defend	Wiktionary	https://en.wiktionary.org/wiki/defend	CC BY-SA 3.0
3167	ensure	Wiktionary	https://en.wiktionary.org/wiki/ensure	CC BY-SA 3.0
3266	extent	Wiktionary	https://en.wiktionary.org/wiki/extent	CC BY-SA 3.0
2639	component	Wiktionary	https://en.wiktionary.org/wiki/component	CC BY-SA 3.0
4115	mix	Wiktionary	https://en.wiktionary.org/wiki/mix	CC BY-SA 3.0
2734	contrast	Wiktionary	https://en.wiktionary.org/wiki/contrast	CC BY-SA 3.0
5684	zone	Wiktionary	https://en.wiktionary.org/wiki/zone	CC BY-SA 3.0
5610	warn	Wiktionary	https://en.wiktionary.org/wiki/warn	CC BY-SA 3.0
2736	contribution	Wiktionary	https://en.wiktionary.org/wiki/contribution	CC BY-SA 3.0
2428	capacity	Wiktionary	https://en.wiktionary.org/wiki/capacity	CC BY-SA 3.0
3197	estate	Wiktionary	https://en.wiktionary.org/wiki/estate	CC BY-SA 3.0
5000	senate	Wiktionary	https://en.wiktionary.org/wiki/senate	CC BY-SA 3.0
4659	pursue	Wiktionary	https://en.wiktionary.org/wiki/pursue	CC BY-SA 3.0
4417	percentage	Wiktionary	https://en.wiktionary.org/wiki/percentage	CC BY-SA 3.0
2315	blame	Wiktionary	https://en.wiktionary.org/wiki/blame	CC BY-SA 3.0
3199	estimate	Wiktionary	https://en.wiktionary.org/wiki/estimate	CC BY-SA 3.0
3061	due	Wiktionary	https://en.wiktionary.org/wiki/due	CC BY-SA 3.0
3828	investigate	Wiktionary	https://en.wiktionary.org/wiki/investigate	CC BY-SA 3.0
2480	chain	Wiktionary	https://en.wiktionary.org/wiki/chain	CC BY-SA 3.0
2591	combination	Wiktionary	https://en.wiktionary.org/wiki/combination	CC BY-SA 3.0
3495	governor	Wiktionary	https://en.wiktionary.org/wiki/governor	CC BY-SA 3.0
4788	relief	Wiktionary	https://en.wiktionary.org/wiki/relief	CC BY-SA 3.0
4024	manner	Wiktionary	https://en.wiktionary.org/wiki/manner	CC BY-SA 3.0
2099	ancient	Wiktionary	https://en.wiktionary.org/wiki/ancient	CC BY-SA 3.0
3489	golden	Wiktionary	https://en.wiktionary.org/wiki/golden	CC BY-SA 3.0
4148	motion	Wiktionary	https://en.wiktionary.org/wiki/motion	CC BY-SA 3.0
3457	gender	Wiktionary	https://en.wiktionary.org/wiki/gender	CC BY-SA 3.0
5145	solve	Wiktionary	https://en.wiktionary.org/wiki/solve	CC BY-SA 3.0
3404	frame	Wiktionary	https://en.wiktionary.org/wiki/frame	CC BY-SA 3.0
2694	conservative	Wiktionary	https://en.wiktionary.org/wiki/conservative	CC BY-SA 3.0
3623	host	Wiktionary	https://en.wiktionary.org/wiki/host	CC BY-SA 3.0
5533	trust	Wiktionary	https://en.wiktionary.org/wiki/trust	CC BY-SA 3.0
4053	meanwhile	Wiktionary	https://en.wiktionary.org/wiki/meanwhile	CC BY-SA 3.0
4768	regime	Wiktionary	https://en.wiktionary.org/wiki/regime	CC BY-SA 3.0
3023	division	Wiktionary	https://en.wiktionary.org/wiki/division	CC BY-SA 3.0
2674	confirm	Wiktionary	https://en.wiktionary.org/wiki/confirm	CC BY-SA 3.0
3926	length	Wiktionary	https://en.wiktionary.org/wiki/length	CC BY-SA 3.0
4422	period	Wiktionary	https://en.wiktionary.org/wiki/period	CC BY-SA 3.0
4704	rate	Wiktionary	https://en.wiktionary.org/wiki/rate	CC BY-SA 3.0
2862	decade	Wiktionary	https://en.wiktionary.org/wiki/decade	CC BY-SA 3.0
5450	throughout	Wiktionary	https://en.wiktionary.org/wiki/throughout	CC BY-SA 3.0
5039	shift	Wiktionary	https://en.wiktionary.org/wiki/shift	CC BY-SA 3.0
4794	rely	Wiktionary	https://en.wiktionary.org/wiki/rely	CC BY-SA 3.0
5476	topic	Wiktionary	https://en.wiktionary.org/wiki/topic	CC BY-SA 3.0
2671	confidence	Wiktionary	https://en.wiktionary.org/wiki/confidence	CC BY-SA 3.0
4701	rare	Wiktionary	https://en.wiktionary.org/wiki/rare	CC BY-SA 3.0
2168	aside	Wiktionary	https://en.wiktionary.org/wiki/aside	CC BY-SA 3.0
2338	bond	Wiktionary	https://en.wiktionary.org/wiki/bond	CC BY-SA 3.0
3242	expectation	Wiktionary	https://en.wiktionary.org/wiki/expectation	CC BY-SA 3.0
5647	wing	Wiktionary	https://en.wiktionary.org/wiki/wing	CC BY-SA 3.0
5148	somewhat	Wiktionary	https://en.wiktionary.org/wiki/somewhat	CC BY-SA 3.0
4753	reference	Wiktionary	https://en.wiktionary.org/wiki/reference	CC BY-SA 3.0
3504	grant	Wiktionary	https://en.wiktionary.org/wiki/grant	CC BY-SA 3.0
3722	industrial	Wiktionary	https://en.wiktionary.org/wiki/industrial	CC BY-SA 3.0
5273	stretch	Wiktionary	https://en.wiktionary.org/wiki/stretch	CC BY-SA 3.0
4987	seed	Wiktionary	https://en.wiktionary.org/wiki/seed	CC BY-SA 3.0
2054	aim	Wiktionary	https://en.wiktionary.org/wiki/aim	CC BY-SA 3.0
4112	mission	Wiktionary	https://en.wiktionary.org/wiki/mission	CC BY-SA 3.0
5391	target	Wiktionary	https://en.wiktionary.org/wiki/target	CC BY-SA 3.0
3695	improvement	Wiktionary	https://en.wiktionary.org/wiki/improvement	CC BY-SA 3.0
4266	opening	Wiktionary	https://en.wiktionary.org/wiki/opening	CC BY-SA 3.0
4321	overall	Wiktionary	https://en.wiktionary.org/wiki/overall	CC BY-SA 3.0
3747	initial	Wiktionary	https://en.wiktionary.org/wiki/initial	CC BY-SA 3.0
4272	oppose	Wiktionary	https://en.wiktionary.org/wiki/oppose	CC BY-SA 3.0
1999	actual	Wiktionary	https://en.wiktionary.org/wiki/actual	CC BY-SA 3.0
2721	contemporary	Wiktionary	https://en.wiktionary.org/wiki/contemporary	CC BY-SA 3.0
4915	route	Wiktionary	https://en.wiktionary.org/wiki/route	CC BY-SA 3.0
4156	multiple	Wiktionary	https://en.wiktionary.org/wiki/multiple	CC BY-SA 3.0
3194	essential	Wiktionary	https://en.wiktionary.org/wiki/essential	CC BY-SA 3.0
2805	criminal	Wiktionary	https://en.wiktionary.org/wiki/criminal	CC BY-SA 3.0
2762	core	Wiktionary	https://en.wiktionary.org/wiki/core	CC BY-SA 3.0
3139	employ	Wiktionary	https://en.wiktionary.org/wiki/employ	CC BY-SA 3.0
4843	resolution	Wiktionary	https://en.wiktionary.org/wiki/resolution	CC BY-SA 3.0
3628	household	Wiktionary	https://en.wiktionary.org/wiki/household	CC BY-SA 3.0
2118	apart	Wiktionary	https://en.wiktionary.org/wiki/apart	CC BY-SA 3.0
5659	witness	Wiktionary	https://en.wiktionary.org/wiki/witness	CC BY-SA 3.0
2256	barely	Wiktionary	https://en.wiktionary.org/wiki/barely	CC BY-SA 3.0
4818	representative	Wiktionary	https://en.wiktionary.org/wiki/representative	CC BY-SA 3.0
2292	beneath	Wiktionary	https://en.wiktionary.org/wiki/beneath	CC BY-SA 3.0
3285	faculty	Wiktionary	https://en.wiktionary.org/wiki/faculty	CC BY-SA 3.0
4077	merely	Wiktionary	https://en.wiktionary.org/wiki/merely	CC BY-SA 3.0
4039	mass	Wiktionary	https://en.wiktionary.org/wiki/mass	CC BY-SA 3.0
3136	emphasize	Wiktionary	https://en.wiktionary.org/wiki/emphasize	CC BY-SA 3.0
5475	tone	Wiktionary	https://en.wiktionary.org/wiki/tone	CC BY-SA 3.0
3934	liberal	Wiktionary	https://en.wiktionary.org/wiki/liberal	CC BY-SA 3.0
4041	massive	Wiktionary	https://en.wiktionary.org/wiki/massive	CC BY-SA 3.0
3827	invest	Wiktionary	https://en.wiktionary.org/wiki/invest	CC BY-SA 3.0
4924	rural	Wiktionary	https://en.wiktionary.org/wiki/rural	CC BY-SA 3.0
5572	unfortunately	Wiktionary	https://en.wiktionary.org/wiki/unfortunately	CC BY-SA 3.0
3922	legislation	Wiktionary	https://en.wiktionary.org/wiki/legislation	CC BY-SA 3.0
1984	accuse	Wiktionary	https://en.wiktionary.org/wiki/accuse	CC BY-SA 3.0
4777	reject	Wiktionary	https://en.wiktionary.org/wiki/reject	CC BY-SA 3.0
5383	talent	Wiktionary	https://en.wiktionary.org/wiki/talent	CC BY-SA 3.0
2490	characteristic	Wiktionary	https://en.wiktionary.org/wiki/characteristic	CC BY-SA 3.0
2451	cast	Wiktionary	https://en.wiktionary.org/wiki/cast	CC BY-SA 3.0
2751	convince	Wiktionary	https://en.wiktionary.org/wiki/convince	CC BY-SA 3.0
3575	height	Wiktionary	https://en.wiktionary.org/wiki/height	CC BY-SA 3.0
3929	level	Wiktionary	https://en.wiktionary.org/wiki/level	CC BY-SA 3.0
5222	standard	Wiktionary	https://en.wiktionary.org/wiki/standard	CC BY-SA 3.0
4011	maintain	Wiktionary	https://en.wiktionary.org/wiki/maintain	CC BY-SA 3.0
4951	scale	Wiktionary	https://en.wiktionary.org/wiki/scale	CC BY-SA 3.0
3944	limit	Wiktionary	https://en.wiktionary.org/wiki/limit	CC BY-SA 3.0
4449	physician	Wiktionary	https://en.wiktionary.org/wiki/physician	CC BY-SA 3.0
2176	assess	Wiktionary	https://en.wiktionary.org/wiki/assess	CC BY-SA 3.0
2004	addition	Wiktionary	https://en.wiktionary.org/wiki/addition	CC BY-SA 3.0
2797	creative	Wiktionary	https://en.wiktionary.org/wiki/creative	CC BY-SA 3.0
3989	lower	Wiktionary	https://en.wiktionary.org/wiki/lower	CC BY-SA 3.0
3251	explanation	Wiktionary	https://en.wiktionary.org/wiki/explanation	CC BY-SA 3.0
3454	gay	Wiktionary	https://en.wiktionary.org/wiki/gay	CC BY-SA 3.0
2421	campus	Wiktionary	https://en.wiktionary.org/wiki/campus	CC BY-SA 3.0
3533	guilty	Wiktionary	https://en.wiktionary.org/wiki/guilty	CC BY-SA 3.0
1992	acquire	Wiktionary	https://en.wiktionary.org/wiki/acquire	CC BY-SA 3.0
2626	compete	Wiktionary	https://en.wiktionary.org/wiki/compete	CC BY-SA 3.0
3676	immigrant	Wiktionary	https://en.wiktionary.org/wiki/immigrant	CC BY-SA 3.0
3661	illegal	Wiktionary	https://en.wiktionary.org/wiki/illegal	CC BY-SA 3.0
2074	alternative	Wiktionary	https://en.wiktionary.org/wiki/alternative	CC BY-SA 3.0
2588	column	Wiktionary	https://en.wiktionary.org/wiki/column	CC BY-SA 3.0
5061	signal	Wiktionary	https://en.wiktionary.org/wiki/signal	CC BY-SA 3.0
2835	curriculum	Wiktionary	https://en.wiktionary.org/wiki/curriculum	CC BY-SA 3.0
2182	assistance	Wiktionary	https://en.wiktionary.org/wiki/assistance	CC BY-SA 3.0
2184	association	Wiktionary	https://en.wiktionary.org/wiki/association	CC BY-SA 3.0
5666	wrap	Wiktionary	https://en.wiktionary.org/wiki/wrap	CC BY-SA 3.0
4346	package	Wiktionary	https://en.wiktionary.org/wiki/package	CC BY-SA 3.0
5188	spiritual	Wiktionary	https://en.wiktionary.org/wiki/spiritual	CC BY-SA 3.0
4163	musical	Wiktionary	https://en.wiktionary.org/wiki/musical	CC BY-SA 3.0
5350	suspect	Wiktionary	https://en.wiktionary.org/wiki/suspect	CC BY-SA 3.0
4964	scholar	Wiktionary	https://en.wiktionary.org/wiki/scholar	CC BY-SA 3.0
2551	climate	Wiktionary	https://en.wiktionary.org/wiki/climate	CC BY-SA 3.0
2509	childhood	Wiktionary	https://en.wiktionary.org/wiki/childhood	CC BY-SA 3.0
4395	payment	Wiktionary	https://en.wiktionary.org/wiki/payment	CC BY-SA 3.0
4582	priority	Wiktionary	https://en.wiktionary.org/wiki/priority	CC BY-SA 3.0
4974	scream	Wiktionary	https://en.wiktionary.org/wiki/scream	CC BY-SA 3.0
3444	gap	Wiktionary	https://en.wiktionary.org/wiki/gap	CC BY-SA 3.0
2043	agenda	Wiktionary	https://en.wiktionary.org/wiki/agenda	CC BY-SA 3.0
4740	recover	Wiktionary	https://en.wiktionary.org/wiki/recover	CC BY-SA 3.0
4994	selection	Wiktionary	https://en.wiktionary.org/wiki/selection	CC BY-SA 3.0
4906	roof	Wiktionary	https://en.wiktionary.org/wiki/roof	CC BY-SA 3.0
3247	expense	Wiktionary	https://en.wiktionary.org/wiki/expense	CC BY-SA 3.0
3749	initiative	Wiktionary	https://en.wiktionary.org/wiki/initiative	CC BY-SA 3.0
2957	diet	Wiktionary	https://en.wiktionary.org/wiki/diet	CC BY-SA 3.0
2156	arrest	Wiktionary	https://en.wiktionary.org/wiki/arrest	CC BY-SA 3.0
4962	schedule	Wiktionary	https://en.wiktionary.org/wiki/schedule	CC BY-SA 3.0
2373	brief	Wiktionary	https://en.wiktionary.org/wiki/brief	CC BY-SA 3.0
3629	housing	Wiktionary	https://en.wiktionary.org/wiki/housing	CC BY-SA 3.0
4655	purchase	Wiktionary	https://en.wiktionary.org/wiki/purchase	CC BY-SA 3.0
4766	regarding	Wiktionary	https://en.wiktionary.org/wiki/regarding	CC BY-SA 3.0
2512	chip	Wiktionary	https://en.wiktionary.org/wiki/chip	CC BY-SA 3.0
4995	self	Wiktionary	https://en.wiktionary.org/wiki/self	CC BY-SA 3.0
4415	perceive	Wiktionary	https://en.wiktionary.org/wiki/perceive	CC BY-SA 3.0
2618	comparison	Wiktionary	https://en.wiktionary.org/wiki/comparison	CC BY-SA 3.0
3736	inform	Wiktionary	https://en.wiktionary.org/wiki/inform	CC BY-SA 3.0
4507	portion	Wiktionary	https://en.wiktionary.org/wiki/portion	CC BY-SA 3.0
3673	immediate	Wiktionary	https://en.wiktionary.org/wiki/immediate	CC BY-SA 3.0
4270	opponent	Wiktionary	https://en.wiktionary.org/wiki/opponent	CC BY-SA 3.0
1943	abandon	Wiktionary	https://en.wiktionary.org/wiki/abandon	CC BY-SA 3.0
3910	leading	Wiktionary	https://en.wiktionary.org/wiki/leading	CC BY-SA 3.0
2699	consist	Wiktionary	https://en.wiktionary.org/wiki/consist	CC BY-SA 3.0
2291	bend	Wiktionary	https://en.wiktionary.org/wiki/bend	CC BY-SA 3.0
2837	curve	Wiktionary	https://en.wiktionary.org/wiki/curve	CC BY-SA 3.0
3913	lean	Wiktionary	https://en.wiktionary.org/wiki/lean	CC BY-SA 3.0
2756	cop	Wiktionary	https://en.wiktionary.org/wiki/cop	CC BY-SA 3.0
4559	preserve	Wiktionary	https://en.wiktionary.org/wiki/preserve	CC BY-SA 3.0
2058	album	Wiktionary	https://en.wiktionary.org/wiki/album	CC BY-SA 3.0
2154	arrange	Wiktionary	https://en.wiktionary.org/wiki/arrange	CC BY-SA 3.0
2193	atmosphere	Wiktionary	https://en.wiktionary.org/wiki/atmosphere	CC BY-SA 3.0
3853	joint	Wiktionary	https://en.wiktionary.org/wiki/joint	CC BY-SA 3.0
4840	resistance	Wiktionary	https://en.wiktionary.org/wiki/resistance	CC BY-SA 3.0
4510	pose	Wiktionary	https://en.wiktionary.org/wiki/pose	CC BY-SA 3.0
5267	stream	Wiktionary	https://en.wiktionary.org/wiki/stream	CC BY-SA 3.0
2567	coalition	Wiktionary	https://en.wiktionary.org/wiki/coalition	CC BY-SA 3.0
4844	resolve	Wiktionary	https://en.wiktionary.org/wiki/resolve	CC BY-SA 3.0
5373	symptom	Wiktionary	https://en.wiktionary.org/wiki/symptom	CC BY-SA 3.0
4448	philosophy	Wiktionary	https://en.wiktionary.org/wiki/philosophy	CC BY-SA 3.0
4678	quote	Wiktionary	https://en.wiktionary.org/wiki/quote	CC BY-SA 3.0
4248	occasion	Wiktionary	https://en.wiktionary.org/wiki/occasion	CC BY-SA 3.0
4748	reduction	Wiktionary	https://en.wiktionary.org/wiki/reduction	CC BY-SA 3.0
5315	suicide	Wiktionary	https://en.wiktionary.org/wiki/suicide	CC BY-SA 3.0
4223	numerous	Wiktionary	https://en.wiktionary.org/wiki/numerous	CC BY-SA 3.0
3121	elsewhere	Wiktionary	https://en.wiktionary.org/wiki/elsewhere	CC BY-SA 3.0
4140	moreover	Wiktionary	https://en.wiktionary.org/wiki/moreover	CC BY-SA 3.0
4378	passion	Wiktionary	https://en.wiktionary.org/wiki/passion	CC BY-SA 3.0
3685	implement	Wiktionary	https://en.wiktionary.org/wiki/implement	CC BY-SA 3.0
4945	sauce	Wiktionary	https://en.wiktionary.org/wiki/sauce	CC BY-SA 3.0
2022	advance	Wiktionary	https://en.wiktionary.org/wiki/advance	CC BY-SA 3.0
3141	employer	Wiktionary	https://en.wiktionary.org/wiki/employer	CC BY-SA 3.0
3765	inspire	Wiktionary	https://en.wiktionary.org/wiki/inspire	CC BY-SA 3.0
2012	adjust	Wiktionary	https://en.wiktionary.org/wiki/adjust	CC BY-SA 3.0
4863	retire	Wiktionary	https://en.wiktionary.org/wiki/retire	CC BY-SA 3.0
2628	competitive	Wiktionary	https://en.wiktionary.org/wiki/competitive	CC BY-SA 3.0
5495	transfer	Wiktionary	https://en.wiktionary.org/wiki/transfer	CC BY-SA 3.0
2195	attach	Wiktionary	https://en.wiktionary.org/wiki/attach	CC BY-SA 3.0
2974	disaster	Wiktionary	https://en.wiktionary.org/wiki/disaster	CC BY-SA 3.0
4629	prospect	Wiktionary	https://en.wiktionary.org/wiki/prospect	CC BY-SA 3.0
2346	boss	Wiktionary	https://en.wiktionary.org/wiki/boss	CC BY-SA 3.0
2630	complaint	Wiktionary	https://en.wiktionary.org/wiki/complaint	CC BY-SA 3.0
3426	fundamental	Wiktionary	https://en.wiktionary.org/wiki/fundamental	CC BY-SA 3.0
3160	enhance	Wiktionary	https://en.wiktionary.org/wiki/enhance	CC BY-SA 3.0
4169	mystery	Wiktionary	https://en.wiktionary.org/wiki/mystery	CC BY-SA 3.0
3691	impose	Wiktionary	https://en.wiktionary.org/wiki/impose	CC BY-SA 3.0
3204	evaluate	Wiktionary	https://en.wiktionary.org/wiki/evaluate	CC BY-SA 3.0
5366	symbol	Wiktionary	https://en.wiktionary.org/wiki/symbol	CC BY-SA 3.0
4137	mood	Wiktionary	https://en.wiktionary.org/wiki/mood	CC BY-SA 3.0
1974	accomplish	Wiktionary	https://en.wiktionary.org/wiki/accomplish	CC BY-SA 3.0
3135	emphasis	Wiktionary	https://en.wiktionary.org/wiki/emphasis	CC BY-SA 3.0
3665	illustrate	Wiktionary	https://en.wiktionary.org/wiki/illustrate	CC BY-SA 3.0
3171	entertainment	Wiktionary	https://en.wiktionary.org/wiki/entertainment	CC BY-SA 3.0
2275	bean	Wiktionary	https://en.wiktionary.org/wiki/bean	CC BY-SA 3.0
2798	creature	Wiktionary	https://en.wiktionary.org/wiki/creature	CC BY-SA 3.0
2284	being	Wiktionary	https://en.wiktionary.org/wiki/being	CC BY-SA 3.0
3386	former	Wiktionary	https://en.wiktionary.org/wiki/former	CC BY-SA 3.0
4986	security	Wiktionary	https://en.wiktionary.org/wiki/security	CC BY-SA 3.0
3408	freedom	Wiktionary	https://en.wiktionary.org/wiki/freedom	CC BY-SA 3.0
5269	strength	Wiktionary	https://en.wiktionary.org/wiki/strength	CC BY-SA 3.0
4524	power	Wiktionary	https://en.wiktionary.org/wiki/power	CC BY-SA 3.0
2738	control	Wiktionary	https://en.wiktionary.org/wiki/control	CC BY-SA 3.0
3154	energy	Wiktionary	https://en.wiktionary.org/wiki/energy	CC BY-SA 3.0
3375	force	Wiktionary	https://en.wiktionary.org/wiki/force	CC BY-SA 3.0
5004	sense	Wiktionary	https://en.wiktionary.org/wiki/sense	CC BY-SA 3.0
3099	effort	Wiktionary	https://en.wiktionary.org/wiki/effort	CC BY-SA 3.0
3056	drive	Wiktionary	https://en.wiktionary.org/wiki/drive	CC BY-SA 3.0
4260	official	Wiktionary	https://en.wiktionary.org/wiki/official	CC BY-SA 3.0
4609	project	Wiktionary	https://en.wiktionary.org/wiki/project	CC BY-SA 3.0
4562	pressure	Wiktionary	https://en.wiktionary.org/wiki/pressure	CC BY-SA 3.0
2213	authority	Wiktionary	https://en.wiktionary.org/wiki/authority	CC BY-SA 3.0
3678	impact	Wiktionary	https://en.wiktionary.org/wiki/impact	CC BY-SA 3.0
5442	threat	Wiktionary	https://en.wiktionary.org/wiki/threat	CC BY-SA 3.0
4525	powerful	Wiktionary	https://en.wiktionary.org/wiki/powerful	CC BY-SA 3.0
3709	independent	Wiktionary	https://en.wiktionary.org/wiki/independent	CC BY-SA 3.0
2730	contract	Wiktionary	https://en.wiktionary.org/wiki/contract	CC BY-SA 3.0
5645	wild	Wiktionary	https://en.wiktionary.org/wiki/wild	CC BY-SA 3.0
3028	document	Wiktionary	https://en.wiktionary.org/wiki/document	CC BY-SA 3.0
3734	influence	Wiktionary	https://en.wiktionary.org/wiki/influence	CC BY-SA 3.0
5012	session	Wiktionary	https://en.wiktionary.org/wiki/session	CC BY-SA 3.0
3690	importance	Wiktionary	https://en.wiktionary.org/wiki/importance	CC BY-SA 3.0
4246	obtain	Wiktionary	https://en.wiktionary.org/wiki/obtain	CC BY-SA 3.0
5284	struggle	Wiktionary	https://en.wiktionary.org/wiki/struggle	CC BY-SA 3.0
2272	battle	Wiktionary	https://en.wiktionary.org/wiki/battle	CC BY-SA 3.0
2433	capture	Wiktionary	https://en.wiktionary.org/wiki/capture	CC BY-SA 3.0
2279	beauty	Wiktionary	https://en.wiktionary.org/wiki/beauty	CC BY-SA 3.0
5272	stress	Wiktionary	https://en.wiktionary.org/wiki/stress	CC BY-SA 3.0
4042	master	Wiktionary	https://en.wiktionary.org/wiki/master	CC BY-SA 3.0
3042	doubt	Wiktionary	https://en.wiktionary.org/wiki/doubt	CC BY-SA 3.0
2887	definition	Wiktionary	https://en.wiktionary.org/wiki/definition	CC BY-SA 3.0
5418	territory	Wiktionary	https://en.wiktionary.org/wiki/territory	CC BY-SA 3.0
3383	formal	Wiktionary	https://en.wiktionary.org/wiki/formal	CC BY-SA 3.0
3810	interview	Wiktionary	https://en.wiktionary.org/wiki/interview	CC BY-SA 3.0
5622	wedding	Wiktionary	https://en.wiktionary.org/wiki/wedding	CC BY-SA 3.0
2476	ceremony	Wiktionary	https://en.wiktionary.org/wiki/ceremony	CC BY-SA 3.0
4033	marriage	Wiktionary	https://en.wiktionary.org/wiki/marriage	CC BY-SA 3.0
3237	existence	Wiktionary	https://en.wiktionary.org/wiki/existence	CC BY-SA 3.0
3107	elect	Wiktionary	https://en.wiktionary.org/wiki/elect	CC BY-SA 3.0
2424	candidate	Wiktionary	https://en.wiktionary.org/wiki/candidate	CC BY-SA 3.0
3708	independence	Wiktionary	https://en.wiktionary.org/wiki/independence	CC BY-SA 3.0
3034	dominate	Wiktionary	https://en.wiktionary.org/wiki/dominate	CC BY-SA 3.0
4522	poverty	Wiktionary	https://en.wiktionary.org/wiki/poverty	CC BY-SA 3.0
2654	concentrate	Wiktionary	https://en.wiktionary.org/wiki/concentrate	CC BY-SA 3.0
2101	anger	Wiktionary	https://en.wiktionary.org/wiki/anger	CC BY-SA 3.0
3133	emotion	Wiktionary	https://en.wiktionary.org/wiki/emotion	CC BY-SA 3.0
4398	peak	Wiktionary	https://en.wiktionary.org/wiki/peak	CC BY-SA 3.0
2994	disorder	Wiktionary	https://en.wiktionary.org/wiki/disorder	CC BY-SA 3.0
5650	wire	Wiktionary	https://en.wiktionary.org/wiki/wire	CC BY-SA 3.0
2595	command	Wiktionary	https://en.wiktionary.org/wiki/command	CC BY-SA 3.0
2602	commission	Wiktionary	https://en.wiktionary.org/wiki/commission	CC BY-SA 3.0
2705	constant	Wiktionary	https://en.wiktionary.org/wiki/constant	CC BY-SA 3.0
2427	capable	Wiktionary	https://en.wiktionary.org/wiki/capable	CC BY-SA 3.0
4530	pray	Wiktionary	https://en.wiktionary.org/wiki/pray	CC BY-SA 3.0
3488	god	Wiktionary	https://en.wiktionary.org/wiki/god	CC BY-SA 3.0
4790	religion	Wiktionary	https://en.wiktionary.org/wiki/religion	CC BY-SA 3.0
3292	faith	Wiktionary	https://en.wiktionary.org/wiki/faith	CC BY-SA 3.0
3579	hell	Wiktionary	https://en.wiktionary.org/wiki/hell	CC BY-SA 3.0
4103	minority	Wiktionary	https://en.wiktionary.org/wiki/minority	CC BY-SA 3.0
4531	prayer	Wiktionary	https://en.wiktionary.org/wiki/prayer	CC BY-SA 3.0
3609	holy	Wiktionary	https://en.wiktionary.org/wiki/holy	CC BY-SA 3.0
2518	Christian	Wiktionary	https://en.wiktionary.org/wiki/Christian	CC BY-SA 3.0
2303	Bible	Wiktionary	https://en.wiktionary.org/wiki/Bible	CC BY-SA 3.0
3217	exception	Wiktionary	https://en.wiktionary.org/wiki/exception	CC BY-SA 3.0
2884	deficit	Wiktionary	https://en.wiktionary.org/wiki/deficit	CC BY-SA 3.0
2270	bathroom	Wiktionary	https://en.wiktionary.org/wiki/bathroom	CC BY-SA 3.0
4235	objective	Wiktionary	https://en.wiktionary.org/wiki/objective	CC BY-SA 3.0
2068	ally	Wiktionary	https://en.wiktionary.org/wiki/ally	CC BY-SA 3.0
4825	reputation	Wiktionary	https://en.wiktionary.org/wiki/reputation	CC BY-SA 3.0
4116	mixture	Wiktionary	https://en.wiktionary.org/wiki/mixture	CC BY-SA 3.0
4656	pure	Wiktionary	https://en.wiktionary.org/wiki/pure	CC BY-SA 3.0
4584	prisoner	Wiktionary	https://en.wiktionary.org/wiki/prisoner	CC BY-SA 3.0
3323	fellow	Wiktionary	https://en.wiktionary.org/wiki/fellow	CC BY-SA 3.0
4408	peer	Wiktionary	https://en.wiktionary.org/wiki/peer	CC BY-SA 3.0
4434	personnel	Wiktionary	https://en.wiktionary.org/wiki/personnel	CC BY-SA 3.0
4782	relative	Wiktionary	https://en.wiktionary.org/wiki/relative	CC BY-SA 3.0
2569	coast	Wiktionary	https://en.wiktionary.org/wiki/coast	CC BY-SA 3.0
1973	accompany	Wiktionary	https://en.wiktionary.org/wiki/accompany	CC BY-SA 3.0
5067	silver	Wiktionary	https://en.wiktionary.org/wiki/silver	CC BY-SA 3.0
4734	recognition	Wiktionary	https://en.wiktionary.org/wiki/recognition	CC BY-SA 3.0
4741	recovery	Wiktionary	https://en.wiktionary.org/wiki/recovery	CC BY-SA 3.0
5636	whisper	Wiktionary	https://en.wiktionary.org/wiki/whisper	CC BY-SA 3.0
3756	inner	Wiktionary	https://en.wiktionary.org/wiki/inner	CC BY-SA 3.0
5448	throat	Wiktionary	https://en.wiktionary.org/wiki/throat	CC BY-SA 3.0
4935	salary	Wiktionary	https://en.wiktionary.org/wiki/salary	CC BY-SA 3.0
4645	publication	Wiktionary	https://en.wiktionary.org/wiki/publication	CC BY-SA 3.0
4425	permanent	Wiktionary	https://en.wiktionary.org/wiki/permanent	CC BY-SA 3.0
4446	phenomenon	Wiktionary	https://en.wiktionary.org/wiki/phenomenon	CC BY-SA 3.0
2114	anxiety	Wiktionary	https://en.wiktionary.org/wiki/anxiety	CC BY-SA 3.0
3957	literally	Wiktionary	https://en.wiktionary.org/wiki/literally	CC BY-SA 3.0
4839	resist	Wiktionary	https://en.wiktionary.org/wiki/resist	CC BY-SA 3.0
2743	convention	Wiktionary	https://en.wiktionary.org/wiki/convention	CC BY-SA 3.0
2181	assist	Wiktionary	https://en.wiktionary.org/wiki/assist	CC BY-SA 3.0
2710	construct	Wiktionary	https://en.wiktionary.org/wiki/construct	CC BY-SA 3.0
2713	consultant	Wiktionary	https://en.wiktionary.org/wiki/consultant	CC BY-SA 3.0
4050	mayor	Wiktionary	https://en.wiktionary.org/wiki/mayor	CC BY-SA 3.0
4985	secure	Wiktionary	https://en.wiktionary.org/wiki/secure	CC BY-SA 3.0
3603	historic	Wiktionary	https://en.wiktionary.org/wiki/historic	CC BY-SA 3.0
3169	enterprise	Wiktionary	https://en.wiktionary.org/wiki/enterprise	CC BY-SA 3.0
3312	favor	Wiktionary	https://en.wiktionary.org/wiki/favor	CC BY-SA 3.0
2123	apparent	Wiktionary	https://en.wiktionary.org/wiki/apparent	CC BY-SA 3.0
3766	install	Wiktionary	https://en.wiktionary.org/wiki/install	CC BY-SA 3.0
5006	sensitive	Wiktionary	https://en.wiktionary.org/wiki/sensitive	CC BY-SA 3.0
4727	recipe	Wiktionary	https://en.wiktionary.org/wiki/recipe	CC BY-SA 3.0
4553	preparation	Wiktionary	https://en.wiktionary.org/wiki/preparation	CC BY-SA 3.0
5660	wooden	Wiktionary	https://en.wiktionary.org/wiki/wooden	CC BY-SA 3.0
3115	elementary	Wiktionary	https://en.wiktionary.org/wiki/elementary	CC BY-SA 3.0
3794	intention	Wiktionary	https://en.wiktionary.org/wiki/intention	CC BY-SA 3.0
3275	extreme	Wiktionary	https://en.wiktionary.org/wiki/extreme	CC BY-SA 3.0
3791	intense	Wiktionary	https://en.wiktionary.org/wiki/intense	CC BY-SA 3.0
4634	protein	Wiktionary	https://en.wiktionary.org/wiki/protein	CC BY-SA 3.0
1952	absence	Wiktionary	https://en.wiktionary.org/wiki/absence	CC BY-SA 3.0
4345	pace	Wiktionary	https://en.wiktionary.org/wiki/pace	CC BY-SA 3.0
3142	employment	Wiktionary	https://en.wiktionary.org/wiki/employment	CC BY-SA 3.0
5164	speaker	Wiktionary	https://en.wiktionary.org/wiki/speaker	CC BY-SA 3.0
3693	impression	Wiktionary	https://en.wiktionary.org/wiki/impression	CC BY-SA 3.0
3472	giant	Wiktionary	https://en.wiktionary.org/wiki/giant	CC BY-SA 3.0
3602	historian	Wiktionary	https://en.wiktionary.org/wiki/historian	CC BY-SA 3.0
4189	negotiate	Wiktionary	https://en.wiktionary.org/wiki/negotiate	CC BY-SA 3.0
4854	restore	Wiktionary	https://en.wiktionary.org/wiki/restore	CC BY-SA 3.0
5301	substantial	Wiktionary	https://en.wiktionary.org/wiki/substantial	CC BY-SA 3.0
5166	specialist	Wiktionary	https://en.wiktionary.org/wiki/specialist	CC BY-SA 3.0
4295	origin	Wiktionary	https://en.wiktionary.org/wiki/origin	CC BY-SA 3.0
2030	advise	Wiktionary	https://en.wiktionary.org/wiki/advise	CC BY-SA 3.0
2917	depth	Wiktionary	https://en.wiktionary.org/wiki/depth	CC BY-SA 3.0
5616	wealth	Wiktionary	https://en.wiktionary.org/wiki/wealth	CC BY-SA 3.0
2813	criticize	Wiktionary	https://en.wiktionary.org/wiki/criticize	CC BY-SA 3.0
2918	deputy	Wiktionary	https://en.wiktionary.org/wiki/deputy	CC BY-SA 3.0
2359	brand	Wiktionary	https://en.wiktionary.org/wiki/brand	CC BY-SA 3.0
2188	assure	Wiktionary	https://en.wiktionary.org/wiki/assure	CC BY-SA 3.0
2227	award	Wiktionary	https://en.wiktionary.org/wiki/award	CC BY-SA 3.0
2858	dealer	Wiktionary	https://en.wiktionary.org/wiki/dealer	CC BY-SA 3.0
2151	arise	Wiktionary	https://en.wiktionary.org/wiki/arise	CC BY-SA 3.0
4196	nevertheless	Wiktionary	https://en.wiktionary.org/wiki/nevertheless	CC BY-SA 3.0
4916	routine	Wiktionary	https://en.wiktionary.org/wiki/routine	CC BY-SA 3.0
5597	wage	Wiktionary	https://en.wiktionary.org/wiki/wage	CC BY-SA 3.0
3740	ingredient	Wiktionary	https://en.wiktionary.org/wiki/ingredient	CC BY-SA 3.0
5218	stake	Wiktionary	https://en.wiktionary.org/wiki/stake	CC BY-SA 3.0
5118	snap	Wiktionary	https://en.wiktionary.org/wiki/snap	CC BY-SA 3.0
4762	refugee	Wiktionary	https://en.wiktionary.org/wiki/refugee	CC BY-SA 3.0
3704	incorporate	Wiktionary	https://en.wiktionary.org/wiki/incorporate	CC BY-SA 3.0
5553	ultimate	Wiktionary	https://en.wiktionary.org/wiki/ultimate	CC BY-SA 3.0
5364	switch	Wiktionary	https://en.wiktionary.org/wiki/switch	CC BY-SA 3.0
2763	corporation	Wiktionary	https://en.wiktionary.org/wiki/corporation	CC BY-SA 3.0
3456	gear	Wiktionary	https://en.wiktionary.org/wiki/gear	CC BY-SA 3.0
4102	minor	Wiktionary	https://en.wiktionary.org/wiki/minor	CC BY-SA 3.0
4639	provision	Wiktionary	https://en.wiktionary.org/wiki/provision	CC BY-SA 3.0
2178	assign	Wiktionary	https://en.wiktionary.org/wiki/assign	CC BY-SA 3.0
3442	gang	Wiktionary	https://en.wiktionary.org/wiki/gang	CC BY-SA 3.0
2539	classic	Wiktionary	https://en.wiktionary.org/wiki/classic	CC BY-SA 3.0
3877	label	Wiktionary	https://en.wiktionary.org/wiki/label	CC BY-SA 3.0
3273	extraordinary	Wiktionary	https://en.wiktionary.org/wiki/extraordinary	CC BY-SA 3.0
5676	yell	Wiktionary	https://en.wiktionary.org/wiki/yell	CC BY-SA 3.0
4547	pregnant	Wiktionary	https://en.wiktionary.org/wiki/pregnant	CC BY-SA 3.0
3006	distant	Wiktionary	https://en.wiktionary.org/wiki/distant	CC BY-SA 3.0
5579	universal	Wiktionary	https://en.wiktionary.org/wiki/universal	CC BY-SA 3.0
5185	spin	Wiktionary	https://en.wiktionary.org/wiki/spin	CC BY-SA 3.0
4697	rank	Wiktionary	https://en.wiktionary.org/wiki/rank	CC BY-SA 3.0
2508	chief	Wiktionary	https://en.wiktionary.org/wiki/chief	CC BY-SA 3.0
5335	supreme	Wiktionary	https://en.wiktionary.org/wiki/supreme	CC BY-SA 3.0
2561	clothing	Wiktionary	https://en.wiktionary.org/wiki/clothing	CC BY-SA 3.0
5677	yield	Wiktionary	https://en.wiktionary.org/wiki/yield	CC BY-SA 3.0
4508	portrait	Wiktionary	https://en.wiktionary.org/wiki/portrait	CC BY-SA 3.0
2399	bunch	Wiktionary	https://en.wiktionary.org/wiki/bunch	CC BY-SA 3.0
2401	burden	Wiktionary	https://en.wiktionary.org/wiki/burden	CC BY-SA 3.0
2482	chamber	Wiktionary	https://en.wiktionary.org/wiki/chamber	CC BY-SA 3.0
3431	furniture	Wiktionary	https://en.wiktionary.org/wiki/furniture	CC BY-SA 3.0
2608	communicate	Wiktionary	https://en.wiktionary.org/wiki/communicate	CC BY-SA 3.0
2499	cheek	Wiktionary	https://en.wiktionary.org/wiki/cheek	CC BY-SA 3.0
4845	resort	Wiktionary	https://en.wiktionary.org/wiki/resort	CC BY-SA 3.0
2936	destruction	Wiktionary	https://en.wiktionary.org/wiki/destruction	CC BY-SA 3.0
5580	unlikely	Wiktionary	https://en.wiktionary.org/wiki/unlikely	CC BY-SA 3.0
5465	tissue	Wiktionary	https://en.wiktionary.org/wiki/tissue	CC BY-SA 3.0
3108	electric	Wiktionary	https://en.wiktionary.org/wiki/electric	CC BY-SA 3.0
4591	proceed	Wiktionary	https://en.wiktionary.org/wiki/proceed	CC BY-SA 3.0
2296	bet	Wiktionary	https://en.wiktionary.org/wiki/bet	CC BY-SA 3.0
3958	literary	Wiktionary	https://en.wiktionary.org/wiki/literary	CC BY-SA 3.0
3000	dispute	Wiktionary	https://en.wiktionary.org/wiki/dispute	CC BY-SA 3.0
3393	fortune	Wiktionary	https://en.wiktionary.org/wiki/fortune	CC BY-SA 3.0
4322	overcome	Wiktionary	https://en.wiktionary.org/wiki/overcome	CC BY-SA 3.0
4798	remarkable	Wiktionary	https://en.wiktionary.org/wiki/remarkable	CC BY-SA 3.0
4251	occupy	Wiktionary	https://en.wiktionary.org/wiki/occupy	CC BY-SA 3.0
3146	encounter	Wiktionary	https://en.wiktionary.org/wiki/encounter	CC BY-SA 3.0
5193	spokesman	Wiktionary	https://en.wiktionary.org/wiki/spokesman	CC BY-SA 3.0
4861	retain	Wiktionary	https://en.wiktionary.org/wiki/retain	CC BY-SA 3.0
3898	latter	Wiktionary	https://en.wiktionary.org/wiki/latter	CC BY-SA 3.0
3697	incentive	Wiktionary	https://en.wiktionary.org/wiki/incentive	CC BY-SA 3.0
5096	slave	Wiktionary	https://en.wiktionary.org/wiki/slave	CC BY-SA 3.0
1983	accurate	Wiktionary	https://en.wiktionary.org/wiki/accurate	CC BY-SA 3.0
5632	whereas	Wiktionary	https://en.wiktionary.org/wiki/whereas	CC BY-SA 3.0
5419	terror	Wiktionary	https://en.wiktionary.org/wiki/terror	CC BY-SA 3.0
3119	elite	Wiktionary	https://en.wiktionary.org/wiki/elite	CC BY-SA 3.0
4254	odd	Wiktionary	https://en.wiktionary.org/wiki/odd	CC BY-SA 3.0
2395	bullet	Wiktionary	https://en.wiktionary.org/wiki/bullet	CC BY-SA 3.0
5455	tight	Wiktionary	https://en.wiktionary.org/wiki/tight	CC BY-SA 3.0
5413	tension	Wiktionary	https://en.wiktionary.org/wiki/tension	CC BY-SA 3.0
5136	solar	Wiktionary	https://en.wiktionary.org/wiki/solar	CC BY-SA 3.0
3466	gently	Wiktionary	https://en.wiktionary.org/wiki/gently	CC BY-SA 3.0
5481	toss	Wiktionary	https://en.wiktionary.org/wiki/toss	CC BY-SA 3.0
4756	reflection	Wiktionary	https://en.wiktionary.org/wiki/reflection	CC BY-SA 3.0
4876	revolution	Wiktionary	https://en.wiktionary.org/wiki/revolution	CC BY-SA 3.0
5278	strip	Wiktionary	https://en.wiktionary.org/wiki/strip	CC BY-SA 3.0
3805	interpret	Wiktionary	https://en.wiktionary.org/wiki/interpret	CC BY-SA 3.0
3332	fiction	Wiktionary	https://en.wiktionary.org/wiki/fiction	CC BY-SA 3.0
2941	detect	Wiktionary	https://en.wiktionary.org/wiki/detect	CC BY-SA 3.0
5512	tremendous	Wiktionary	https://en.wiktionary.org/wiki/tremendous	CC BY-SA 3.0
5001	senator	Wiktionary	https://en.wiktionary.org/wiki/senator	CC BY-SA 3.0
3528	guarantee	Wiktionary	https://en.wiktionary.org/wiki/guarantee	CC BY-SA 3.0
3757	innocent	Wiktionary	https://en.wiktionary.org/wiki/innocent	CC BY-SA 3.0
2350	boundary	Wiktionary	https://en.wiktionary.org/wiki/boundary	CC BY-SA 3.0
4802	remote	Wiktionary	https://en.wiktionary.org/wiki/remote	CC BY-SA 3.0
3855	journal	Wiktionary	https://en.wiktionary.org/wiki/journal	CC BY-SA 3.0
2290	bench	Wiktionary	https://en.wiktionary.org/wiki/bench	CC BY-SA 3.0
3988	lover	Wiktionary	https://en.wiktionary.org/wiki/lover	CC BY-SA 3.0
4707	raw	Wiktionary	https://en.wiktionary.org/wiki/raw	CC BY-SA 3.0
5655	withdraw	Wiktionary	https://en.wiktionary.org/wiki/withdraw	CC BY-SA 3.0
2869	deck	Wiktionary	https://en.wiktionary.org/wiki/deck	CC BY-SA 3.0
4493	pole	Wiktionary	https://en.wiktionary.org/wiki/pole	CC BY-SA 3.0
4121	mode	Wiktionary	https://en.wiktionary.org/wiki/mode	CC BY-SA 3.0
4167	mutual	Wiktionary	https://en.wiktionary.org/wiki/mutual	CC BY-SA 3.0
2993	dismiss	Wiktionary	https://en.wiktionary.org/wiki/dismiss	CC BY-SA 3.0
2897	delivery	Wiktionary	https://en.wiktionary.org/wiki/delivery	CC BY-SA 3.0
4472	platform	Wiktionary	https://en.wiktionary.org/wiki/platform	CC BY-SA 3.0
3338	finance	Wiktionary	https://en.wiktionary.org/wiki/finance	CC BY-SA 3.0
2202	attractive	Wiktionary	https://en.wiktionary.org/wiki/attractive	CC BY-SA 3.0
3018	diverse	Wiktionary	https://en.wiktionary.org/wiki/diverse	CC BY-SA 3.0
4785	relevant	Wiktionary	https://en.wiktionary.org/wiki/relevant	CC BY-SA 3.0
3649	ideal	Wiktionary	https://en.wiktionary.org/wiki/ideal	CC BY-SA 3.0
2780	counter	Wiktionary	https://en.wiktionary.org/wiki/counter	CC BY-SA 3.0
3863	justify	Wiktionary	https://en.wiktionary.org/wiki/justify	CC BY-SA 3.0
2792	craft	Wiktionary	https://en.wiktionary.org/wiki/craft	CC BY-SA 3.0
5510	treaty	Wiktionary	https://en.wiktionary.org/wiki/treaty	CC BY-SA 3.0
3763	insight	Wiktionary	https://en.wiktionary.org/wiki/insight	CC BY-SA 3.0
4513	possess	Wiktionary	https://en.wiktionary.org/wiki/possess	CC BY-SA 3.0
3265	extensive	Wiktionary	https://en.wiktionary.org/wiki/extensive	CC BY-SA 3.0
3180	episode	Wiktionary	https://en.wiktionary.org/wiki/episode	CC BY-SA 3.0
3310	fault	Wiktionary	https://en.wiktionary.org/wiki/fault	CC BY-SA 3.0
3981	loose	Wiktionary	https://en.wiktionary.org/wiki/loose	CC BY-SA 3.0
5048	shortly	Wiktionary	https://en.wiktionary.org/wiki/shortly	CC BY-SA 3.0
4581	prior	Wiktionary	https://en.wiktionary.org/wiki/prior	CC BY-SA 3.0
3786	intellectual	Wiktionary	https://en.wiktionary.org/wiki/intellectual	CC BY-SA 3.0
5216	stair	Wiktionary	https://en.wiktionary.org/wiki/stair	CC BY-SA 3.0
3268	external	Wiktionary	https://en.wiktionary.org/wiki/external	CC BY-SA 3.0
4618	proof	Wiktionary	https://en.wiktionary.org/wiki/proof	CC BY-SA 3.0
2185	assume	Wiktionary	https://en.wiktionary.org/wiki/assume	CC BY-SA 3.0
2527	cite	Wiktionary	https://en.wiktionary.org/wiki/cite	CC BY-SA 3.0
2186	assumption	Wiktionary	https://en.wiktionary.org/wiki/assumption	CC BY-SA 3.0
5036	shelter	Wiktionary	https://en.wiktionary.org/wiki/shelter	CC BY-SA 3.0
4919	rub	Wiktionary	https://en.wiktionary.org/wiki/rub	CC BY-SA 3.0
5649	wipe	Wiktionary	https://en.wiktionary.org/wiki/wipe	CC BY-SA 3.0
2740	controversy	Wiktionary	https://en.wiktionary.org/wiki/controversy	CC BY-SA 3.0
2491	characterize	Wiktionary	https://en.wiktionary.org/wiki/characterize	CC BY-SA 3.0
3427	funeral	Wiktionary	https://en.wiktionary.org/wiki/funeral	CC BY-SA 3.0
2072	alter	Wiktionary	https://en.wiktionary.org/wiki/alter	CC BY-SA 3.0
2707	constitute	Wiktionary	https://en.wiktionary.org/wiki/constitute	CC BY-SA 3.0
3196	establishment	Wiktionary	https://en.wiktionary.org/wiki/establishment	CC BY-SA 3.0
5205	squeeze	Wiktionary	https://en.wiktionary.org/wiki/squeeze	CC BY-SA 3.0
3669	imagination	Wiktionary	https://en.wiktionary.org/wiki/imagination	CC BY-SA 3.0
4038	mask	Wiktionary	https://en.wiktionary.org/wiki/mask	CC BY-SA 3.0
2747	convert	Wiktionary	https://en.wiktionary.org/wiki/convert	CC BY-SA 3.0
2645	comprehensive	Wiktionary	https://en.wiktionary.org/wiki/comprehensive	CC BY-SA 3.0
4612	prominent	Wiktionary	https://en.wiktionary.org/wiki/prominent	CC BY-SA 3.0
3963	load	Wiktionary	https://en.wiktionary.org/wiki/load	CC BY-SA 3.0
5209	stable	Wiktionary	https://en.wiktionary.org/wiki/stable	CC BY-SA 3.0
3816	introduction	Wiktionary	https://en.wiktionary.org/wiki/introduction	CC BY-SA 3.0
4566	pretend	Wiktionary	https://en.wiktionary.org/wiki/pretend	CC BY-SA 3.0
3308	fate	Wiktionary	https://en.wiktionary.org/wiki/fate	CC BY-SA 3.0
4320	oven	Wiktionary	https://en.wiktionary.org/wiki/oven	CC BY-SA 3.0
4897	roast	Wiktionary	https://en.wiktionary.org/wiki/roast	CC BY-SA 3.0
4990	segment	Wiktionary	https://en.wiktionary.org/wiki/segment	CC BY-SA 3.0
4076	mere	Wiktionary	https://en.wiktionary.org/wiki/mere	CC BY-SA 3.0
3048	drama	Wiktionary	https://en.wiktionary.org/wiki/drama	CC BY-SA 3.0
2025	adventure	Wiktionary	https://en.wiktionary.org/wiki/adventure	CC BY-SA 3.0
4685	radical	Wiktionary	https://en.wiktionary.org/wiki/radical	CC BY-SA 3.0
2001	adapt	Wiktionary	https://en.wiktionary.org/wiki/adapt	CC BY-SA 3.0
2767	correspondent	Wiktionary	https://en.wiktionary.org/wiki/correspondent	CC BY-SA 3.0
4164	musician	Wiktionary	https://en.wiktionary.org/wiki/musician	CC BY-SA 3.0
5063	significance	Wiktionary	https://en.wiktionary.org/wiki/significance	CC BY-SA 3.0
3355	flee	Wiktionary	https://en.wiktionary.org/wiki/flee	CC BY-SA 3.0
3014	distribute	Wiktionary	https://en.wiktionary.org/wiki/distribute	CC BY-SA 3.0
3903	lawn	Wiktionary	https://en.wiktionary.org/wiki/lawn	CC BY-SA 3.0
5651	wisdom	Wiktionary	https://en.wiktionary.org/wiki/wisdom	CC BY-SA 3.0
2778	council	Wiktionary	https://en.wiktionary.org/wiki/council	CC BY-SA 3.0
3769	instance	Wiktionary	https://en.wiktionary.org/wiki/instance	CC BY-SA 3.0
3447	garlic	Wiktionary	https://en.wiktionary.org/wiki/garlic	CC BY-SA 3.0
2466	celebrity	Wiktionary	https://en.wiktionary.org/wiki/celebrity	CC BY-SA 3.0
3301	fantasy	Wiktionary	https://en.wiktionary.org/wiki/fantasy	CC BY-SA 3.0
4479	plot	Wiktionary	https://en.wiktionary.org/wiki/plot	CC BY-SA 3.0
3405	framework	Wiktionary	https://en.wiktionary.org/wiki/framework	CC BY-SA 3.0
3470	gesture	Wiktionary	https://en.wiktionary.org/wiki/gesture	CC BY-SA 3.0
4643	psychology	Wiktionary	https://en.wiktionary.org/wiki/psychology	CC BY-SA 3.0
2488	chapter	Wiktionary	https://en.wiktionary.org/wiki/chapter	CC BY-SA 3.0
4337	owe	Wiktionary	https://en.wiktionary.org/wiki/owe	CC BY-SA 3.0
2861	debt	Wiktionary	https://en.wiktionary.org/wiki/debt	CC BY-SA 3.0
5101	slight	Wiktionary	https://en.wiktionary.org/wiki/slight	CC BY-SA 3.0
4152	mount	Wiktionary	https://en.wiktionary.org/wiki/mount	CC BY-SA 3.0
4236	obligation	Wiktionary	https://en.wiktionary.org/wiki/obligation	CC BY-SA 3.0
4351	palm	Wiktionary	https://en.wiktionary.org/wiki/palm	CC BY-SA 3.0
2958	differ	Wiktionary	https://en.wiktionary.org/wiki/differ	CC BY-SA 3.0
2838	custom	Wiktionary	https://en.wiktionary.org/wiki/custom	CC BY-SA 3.0
5517	tribe	Wiktionary	https://en.wiktionary.org/wiki/tribe	CC BY-SA 3.0
3098	efficient	Wiktionary	https://en.wiktionary.org/wiki/efficient	CC BY-SA 3.0
2714	consume	Wiktionary	https://en.wiktionary.org/wiki/consume	CC BY-SA 3.0
2790	crack	Wiktionary	https://en.wiktionary.org/wiki/crack	CC BY-SA 3.0
5191	split	Wiktionary	https://en.wiktionary.org/wiki/split	CC BY-SA 3.0
3410	frequency	Wiktionary	https://en.wiktionary.org/wiki/frequency	CC BY-SA 3.0
5468	tobacco	Wiktionary	https://en.wiktionary.org/wiki/tobacco	CC BY-SA 3.0
5617	wealthy	Wiktionary	https://en.wiktionary.org/wiki/wealthy	CC BY-SA 3.0
3437	galaxy	Wiktionary	https://en.wiktionary.org/wiki/galaxy	CC BY-SA 3.0
3945	limitation	Wiktionary	https://en.wiktionary.org/wiki/limitation	CC BY-SA 3.0
5484	trace	Wiktionary	https://en.wiktionary.org/wiki/trace	CC BY-SA 3.0
2136	appointment	Wiktionary	https://en.wiktionary.org/wiki/appointment	CC BY-SA 3.0
4546	preference	Wiktionary	https://en.wiktionary.org/wiki/preference	CC BY-SA 3.0
3706	incredible	Wiktionary	https://en.wiktionary.org/wiki/incredible	CC BY-SA 3.0
2016	admission	Wiktionary	https://en.wiktionary.org/wiki/admission	CC BY-SA 3.0
3094	educate	Wiktionary	https://en.wiktionary.org/wiki/educate	CC BY-SA 3.0
3727	infant	Wiktionary	https://en.wiktionary.org/wiki/infant	CC BY-SA 3.0
2416	calculate	Wiktionary	https://en.wiktionary.org/wiki/calculate	CC BY-SA 3.0
4883	rid	Wiktionary	https://en.wiktionary.org/wiki/rid	CC BY-SA 3.0
4504	porch	Wiktionary	https://en.wiktionary.org/wiki/porch	CC BY-SA 3.0
5573	uniform	Wiktionary	https://en.wiktionary.org/wiki/uniform	CC BY-SA 3.0
3385	formation	Wiktionary	https://en.wiktionary.org/wiki/formation	CC BY-SA 3.0
4833	reservation	Wiktionary	https://en.wiktionary.org/wiki/reservation	CC BY-SA 3.0
3097	efficiency	Wiktionary	https://en.wiktionary.org/wiki/efficiency	CC BY-SA 3.0
2919	derive	Wiktionary	https://en.wiktionary.org/wiki/derive	CC BY-SA 3.0
3574	heel	Wiktionary	https://en.wiktionary.org/wiki/heel	CC BY-SA 3.0
4831	resemble	Wiktionary	https://en.wiktionary.org/wiki/resemble	CC BY-SA 3.0
3279	fabric	Wiktionary	https://en.wiktionary.org/wiki/fabric	CC BY-SA 3.0
2725	contest	Wiktionary	https://en.wiktionary.org/wiki/contest	CC BY-SA 3.0
4623	proportion	Wiktionary	https://en.wiktionary.org/wiki/proportion	CC BY-SA 3.0
3531	guideline	Wiktionary	https://en.wiktionary.org/wiki/guideline	CC BY-SA 3.0
4886	rifle	Wiktionary	https://en.wiktionary.org/wiki/rifle	CC BY-SA 3.0
4012	maintenance	Wiktionary	https://en.wiktionary.org/wiki/maintenance	CC BY-SA 3.0
5270	strengthen	Wiktionary	https://en.wiktionary.org/wiki/strengthen	CC BY-SA 3.0
4170	myth	Wiktionary	https://en.wiktionary.org/wiki/myth	CC BY-SA 3.0
5149	sophisticated	Wiktionary	https://en.wiktionary.org/wiki/sophisticated	CC BY-SA 3.0
4705	ratio	Wiktionary	https://en.wiktionary.org/wiki/ratio	CC BY-SA 3.0
2739	controversial	Wiktionary	https://en.wiktionary.org/wiki/controversial	CC BY-SA 3.0
2930	desperate	Wiktionary	https://en.wiktionary.org/wiki/desperate	CC BY-SA 3.0
5314	sufficient	Wiktionary	https://en.wiktionary.org/wiki/sufficient	CC BY-SA 3.0
4176	narrative	Wiktionary	https://en.wiktionary.org/wiki/narrative	CC BY-SA 3.0
2891	delay	Wiktionary	https://en.wiktionary.org/wiki/delay	CC BY-SA 3.0
5281	stroke	Wiktionary	https://en.wiktionary.org/wiki/stroke	CC BY-SA 3.0
4967	scope	Wiktionary	https://en.wiktionary.org/wiki/scope	CC BY-SA 3.0
3545	handful	Wiktionary	https://en.wiktionary.org/wiki/handful	CC BY-SA 3.0
3616	horizon	Wiktionary	https://en.wiktionary.org/wiki/horizon	CC BY-SA 3.0
2831	curious	Wiktionary	https://en.wiktionary.org/wiki/curious	CC BY-SA 3.0
4615	prompt	Wiktionary	https://en.wiktionary.org/wiki/prompt	CC BY-SA 3.0
3073	eager	Wiktionary	https://en.wiktionary.org/wiki/eager	CC BY-SA 3.0
4579	principal	Wiktionary	https://en.wiktionary.org/wiki/principal	CC BY-SA 3.0
2179	assignment	Wiktionary	https://en.wiktionary.org/wiki/assignment	CC BY-SA 3.0
4905	romantic	Wiktionary	https://en.wiktionary.org/wiki/romantic	CC BY-SA 3.0
3353	flavor	Wiktionary	https://en.wiktionary.org/wiki/flavor	CC BY-SA 3.0
4327	overlook	Wiktionary	https://en.wiktionary.org/wiki/overlook	CC BY-SA 3.0
2715	consumption	Wiktionary	https://en.wiktionary.org/wiki/consumption	CC BY-SA 3.0
5404	temporary	Wiktionary	https://en.wiktionary.org/wiki/temporary	CC BY-SA 3.0
2410	cabin	Wiktionary	https://en.wiktionary.org/wiki/cabin	CC BY-SA 3.0
3091	edition	Wiktionary	https://en.wiktionary.org/wiki/edition	CC BY-SA 3.0
4466	pitch	Wiktionary	https://en.wiktionary.org/wiki/pitch	CC BY-SA 3.0
1954	absolute	Wiktionary	https://en.wiktionary.org/wiki/absolute	CC BY-SA 3.0
4258	offensive	Wiktionary	https://en.wiktionary.org/wiki/offensive	CC BY-SA 3.0
4770	register	Wiktionary	https://en.wiktionary.org/wiki/register	CC BY-SA 3.0
2135	appoint	Wiktionary	https://en.wiktionary.org/wiki/appoint	CC BY-SA 3.0
3586	heritage	Wiktionary	https://en.wiktionary.org/wiki/heritage	CC BY-SA 3.0
3925	lemon	Wiktionary	https://en.wiktionary.org/wiki/lemon	CC BY-SA 3.0
5295	submit	Wiktionary	https://en.wiktionary.org/wiki/submit	CC BY-SA 3.0
3087	economics	Wiktionary	https://en.wiktionary.org/wiki/economics	CC BY-SA 3.0
4172	naked	Wiktionary	https://en.wiktionary.org/wiki/naked	CC BY-SA 3.0
2112	anticipate	Wiktionary	https://en.wiktionary.org/wiki/anticipate	CC BY-SA 3.0
3264	extension	Wiktionary	https://en.wiktionary.org/wiki/extension	CC BY-SA 3.0
5053	shrug	Wiktionary	https://en.wiktionary.org/wiki/shrug	CC BY-SA 3.0
2271	battery	Wiktionary	https://en.wiktionary.org/wiki/battery	CC BY-SA 3.0
2157	arrival	Wiktionary	https://en.wiktionary.org/wiki/arrival	CC BY-SA 3.0
4294	orientation	Wiktionary	https://en.wiktionary.org/wiki/orientation	CC BY-SA 3.0
3733	inflation	Wiktionary	https://en.wiktionary.org/wiki/inflation	CC BY-SA 3.0
2757	cope	Wiktionary	https://en.wiktionary.org/wiki/cope	CC BY-SA 3.0
2564	cluster	Wiktionary	https://en.wiktionary.org/wiki/cluster	CC BY-SA 3.0
2912	dependent	Wiktionary	https://en.wiktionary.org/wiki/dependent	CC BY-SA 3.0
2913	depict	Wiktionary	https://en.wiktionary.org/wiki/depict	CC BY-SA 3.0
3445	garage	Wiktionary	https://en.wiktionary.org/wiki/garage	CC BY-SA 3.0
4269	operator	Wiktionary	https://en.wiktionary.org/wiki/operator	CC BY-SA 3.0
2578	collapse	Wiktionary	https://en.wiktionary.org/wiki/collapse	CC BY-SA 3.0
3432	furthermore	Wiktionary	https://en.wiktionary.org/wiki/furthermore	CC BY-SA 3.0
2593	comedy	Wiktionary	https://en.wiktionary.org/wiki/comedy	CC BY-SA 3.0
4142	mortgage	Wiktionary	https://en.wiktionary.org/wiki/mortgage	CC BY-SA 3.0
2530	civilian	Wiktionary	https://en.wiktionary.org/wiki/civilian	CC BY-SA 3.0
5625	weekly	Wiktionary	https://en.wiktionary.org/wiki/weekly	CC BY-SA 3.0
3539	habitat	Wiktionary	https://en.wiktionary.org/wiki/habitat	CC BY-SA 3.0
3502	grain	Wiktionary	https://en.wiktionary.org/wiki/grain	CC BY-SA 3.0
2949	devote	Wiktionary	https://en.wiktionary.org/wiki/devote	CC BY-SA 3.0
3077	ease	Wiktionary	https://en.wiktionary.org/wiki/ease	CC BY-SA 3.0
4427	permission	Wiktionary	https://en.wiktionary.org/wiki/permission	CC BY-SA 3.0
5652	wise	Wiktionary	https://en.wiktionary.org/wiki/wise	CC BY-SA 3.0
1998	actress	Wiktionary	https://en.wiktionary.org/wiki/actress	CC BY-SA 3.0
5322	summit	Wiktionary	https://en.wiktionary.org/wiki/summit	CC BY-SA 3.0
4255	odds	Wiktionary	https://en.wiktionary.org/wiki/odds	CC BY-SA 3.0
4064	medium	Wiktionary	https://en.wiktionary.org/wiki/medium	CC BY-SA 3.0
3010	distinguish	Wiktionary	https://en.wiktionary.org/wiki/distinguish	CC BY-SA 3.0
3997	lung	Wiktionary	https://en.wiktionary.org/wiki/lung	CC BY-SA 3.0
3008	distinct	Wiktionary	https://en.wiktionary.org/wiki/distinct	CC BY-SA 3.0
2162	artistic	Wiktionary	https://en.wiktionary.org/wiki/artistic	CC BY-SA 3.0
2984	discourse	Wiktionary	https://en.wiktionary.org/wiki/discourse	CC BY-SA 3.0
4509	portray	Wiktionary	https://en.wiktionary.org/wiki/portray	CC BY-SA 3.0
3471	ghost	Wiktionary	https://en.wiktionary.org/wiki/ghost	CC BY-SA 3.0
4436	persuade	Wiktionary	https://en.wiktionary.org/wiki/persuade	CC BY-SA 3.0
4122	moderate	Wiktionary	https://en.wiktionary.org/wiki/moderate	CC BY-SA 3.0
5298	subsequent	Wiktionary	https://en.wiktionary.org/wiki/subsequent	CC BY-SA 3.0
2443	carrier	Wiktionary	https://en.wiktionary.org/wiki/carrier	CC BY-SA 3.0
3411	frequent	Wiktionary	https://en.wiktionary.org/wiki/frequent	CC BY-SA 3.0
2247	ban	Wiktionary	https://en.wiktionary.org/wiki/ban	CC BY-SA 3.0
2015	admire	Wiktionary	https://en.wiktionary.org/wiki/admire	CC BY-SA 3.0
3692	impress	Wiktionary	https://en.wiktionary.org/wiki/impress	CC BY-SA 3.0
4104	miracle	Wiktionary	https://en.wiktionary.org/wiki/miracle	CC BY-SA 3.0
3214	exceed	Wiktionary	https://en.wiktionary.org/wiki/exceed	CC BY-SA 3.0
4880	rhythm	Wiktionary	https://en.wiktionary.org/wiki/rhythm	CC BY-SA 3.0
4486	poem	Wiktionary	https://en.wiktionary.org/wiki/poem	CC BY-SA 3.0
4487	poet	Wiktionary	https://en.wiktionary.org/wiki/poet	CC BY-SA 3.0
4488	poetry	Wiktionary	https://en.wiktionary.org/wiki/poetry	CC BY-SA 3.0
5642	widespread	Wiktionary	https://en.wiktionary.org/wiki/widespread	CC BY-SA 3.0
4976	script	Wiktionary	https://en.wiktionary.org/wiki/script	CC BY-SA 3.0
5381	tactic	Wiktionary	https://en.wiktionary.org/wiki/tactic	CC BY-SA 3.0
3568	headline	Wiktionary	https://en.wiktionary.org/wiki/headline	CC BY-SA 3.0
3823	invasion	Wiktionary	https://en.wiktionary.org/wiki/invasion	CC BY-SA 3.0
4204	nonetheless	Wiktionary	https://en.wiktionary.org/wiki/nonetheless	CC BY-SA 3.0
2007	adequate	Wiktionary	https://en.wiktionary.org/wiki/adequate	CC BY-SA 3.0
3792	intensity	Wiktionary	https://en.wiktionary.org/wiki/intensity	CC BY-SA 3.0
3235	exhibit	Wiktionary	https://en.wiktionary.org/wiki/exhibit	CC BY-SA 3.0
2316	blanket	Wiktionary	https://en.wiktionary.org/wiki/blanket	CC BY-SA 3.0
4029	margin	Wiktionary	https://en.wiktionary.org/wiki/margin	CC BY-SA 3.0
2496	chase	Wiktionary	https://en.wiktionary.org/wiki/chase	CC BY-SA 3.0
4743	recruit	Wiktionary	https://en.wiktionary.org/wiki/recruit	CC BY-SA 3.0
4384	patch	Wiktionary	https://en.wiktionary.org/wiki/patch	CC BY-SA 3.0
2689	consensus	Wiktionary	https://en.wiktionary.org/wiki/consensus	CC BY-SA 3.0
4934	sake	Wiktionary	https://en.wiktionary.org/wiki/sake	CC BY-SA 3.0
2784	courage	Wiktionary	https://en.wiktionary.org/wiki/courage	CC BY-SA 3.0
2879	defeat	Wiktionary	https://en.wiktionary.org/wiki/defeat	CC BY-SA 3.0
2562	clue	Wiktionary	https://en.wiktionary.org/wiki/clue	CC BY-SA 3.0
2679	confusion	Wiktionary	https://en.wiktionary.org/wiki/confusion	CC BY-SA 3.0
4250	occupation	Wiktionary	https://en.wiktionary.org/wiki/occupation	CC BY-SA 3.0
4928	sacred	Wiktionary	https://en.wiktionary.org/wiki/sacred	CC BY-SA 3.0
3388	formula	Wiktionary	https://en.wiktionary.org/wiki/formula	CC BY-SA 3.0
2582	collective	Wiktionary	https://en.wiktionary.org/wiki/collective	CC BY-SA 3.0
3438	gallery	Wiktionary	https://en.wiktionary.org/wiki/gallery	CC BY-SA 3.0
5129	soccer	Wiktionary	https://en.wiktionary.org/wiki/soccer	CC BY-SA 3.0
5542	tunnel	Wiktionary	https://en.wiktionary.org/wiki/tunnel	CC BY-SA 3.0
3509	grave	Wiktionary	https://en.wiktionary.org/wiki/grave	CC BY-SA 3.0
5469	toe	Wiktionary	https://en.wiktionary.org/wiki/toe	CC BY-SA 3.0
2718	container	Wiktionary	https://en.wiktionary.org/wiki/container	CC BY-SA 3.0
4520	pot	Wiktionary	https://en.wiktionary.org/wiki/pot	CC BY-SA 3.0
2147	architect	Wiktionary	https://en.wiktionary.org/wiki/architect	CC BY-SA 3.0
3761	inquiry	Wiktionary	https://en.wiktionary.org/wiki/inquiry	CC BY-SA 3.0
2873	decrease	Wiktionary	https://en.wiktionary.org/wiki/decrease	CC BY-SA 3.0
3712	indication	Wiktionary	https://en.wiktionary.org/wiki/indication	CC BY-SA 3.0
2105	anniversary	Wiktionary	https://en.wiktionary.org/wiki/anniversary	CC BY-SA 3.0
2777	couch	Wiktionary	https://en.wiktionary.org/wiki/couch	CC BY-SA 3.0
2064	alliance	Wiktionary	https://en.wiktionary.org/wiki/alliance	CC BY-SA 3.0
3647	hypothesis	Wiktionary	https://en.wiktionary.org/wiki/hypothesis	CC BY-SA 3.0
2640	compose	Wiktionary	https://en.wiktionary.org/wiki/compose	CC BY-SA 3.0
3921	legend	Wiktionary	https://en.wiktionary.org/wiki/legend	CC BY-SA 3.0
4772	regulate	Wiktionary	https://en.wiktionary.org/wiki/regulate	CC BY-SA 3.0
2018	adolescent	Wiktionary	https://en.wiktionary.org/wiki/adolescent	CC BY-SA 3.0
4206	norm	Wiktionary	https://en.wiktionary.org/wiki/norm	CC BY-SA 3.0
4797	remark	Wiktionary	https://en.wiktionary.org/wiki/remark	CC BY-SA 3.0
4239	observation	Wiktionary	https://en.wiktionary.org/wiki/observation	CC BY-SA 3.0
4838	resign	Wiktionary	https://en.wiktionary.org/wiki/resign	CC BY-SA 3.0
4879	reward	Wiktionary	https://en.wiktionary.org/wiki/reward	CC BY-SA 3.0
2658	concerning	Wiktionary	https://en.wiktionary.org/wiki/concerning	CC BY-SA 3.0
3899	laughter	Wiktionary	https://en.wiktionary.org/wiki/laughter	CC BY-SA 3.0
3806	interrupt	Wiktionary	https://en.wiktionary.org/wiki/interrupt	CC BY-SA 3.0
5327	superior	Wiktionary	https://en.wiktionary.org/wiki/superior	CC BY-SA 3.0
2590	combat	Wiktionary	https://en.wiktionary.org/wiki/combat	CC BY-SA 3.0
5243	stem	Wiktionary	https://en.wiktionary.org/wiki/stem	CC BY-SA 3.0
5338	surgeon	Wiktionary	https://en.wiktionary.org/wiki/surgeon	CC BY-SA 3.0
1965	acceptable	Wiktionary	https://en.wiktionary.org/wiki/acceptable	CC BY-SA 3.0
4699	rape	Wiktionary	https://en.wiktionary.org/wiki/rape	CC BY-SA 3.0
3848	jeans	Wiktionary	https://en.wiktionary.org/wiki/jeans	CC BY-SA 3.0
3641	hunt	Wiktionary	https://en.wiktionary.org/wiki/hunt	CC BY-SA 3.0
2729	continuous	Wiktionary	https://en.wiktionary.org/wiki/continuous	CC BY-SA 3.0
3975	log	Wiktionary	https://en.wiktionary.org/wiki/log	CC BY-SA 3.0
4978	sculpture	Wiktionary	https://en.wiktionary.org/wiki/sculpture	CC BY-SA 3.0
3784	integrate	Wiktionary	https://en.wiktionary.org/wiki/integrate	CC BY-SA 3.0
2311	bitter	Wiktionary	https://en.wiktionary.org/wiki/bitter	CC BY-SA 3.0
2255	bare	Wiktionary	https://en.wiktionary.org/wiki/bare	CC BY-SA 3.0
5108	slope	Wiktionary	https://en.wiktionary.org/wiki/slope	CC BY-SA 3.0
1966	acceptance	Wiktionary	https://en.wiktionary.org/wiki/acceptance	CC BY-SA 3.0
4982	secondary	Wiktionary	https://en.wiktionary.org/wiki/secondary	CC BY-SA 3.0
5093	slam	Wiktionary	https://en.wiktionary.org/wiki/slam	CC BY-SA 3.0
3258	export	Wiktionary	https://en.wiktionary.org/wiki/export	CC BY-SA 3.0
3248	experimental	Wiktionary	https://en.wiktionary.org/wiki/experimental	CC BY-SA 3.0
3175	entitle	Wiktionary	https://en.wiktionary.org/wiki/entitle	CC BY-SA 3.0
3208	evident	Wiktionary	https://en.wiktionary.org/wiki/evident	CC BY-SA 3.0
3193	essence	Wiktionary	https://en.wiktionary.org/wiki/essence	CC BY-SA 3.0
3226	exclude	Wiktionary	https://en.wiktionary.org/wiki/exclude	CC BY-SA 3.0
2559	closet	Wiktionary	https://en.wiktionary.org/wiki/closet	CC BY-SA 3.0
3801	interior	Wiktionary	https://en.wiktionary.org/wiki/interior	CC BY-SA 3.0
2769	corridor	Wiktionary	https://en.wiktionary.org/wiki/corridor	CC BY-SA 3.0
4860	retail	Wiktionary	https://en.wiktionary.org/wiki/retail	CC BY-SA 3.0
2540	classical	Wiktionary	https://en.wiktionary.org/wiki/classical	CC BY-SA 3.0
2531	civilization	Wiktionary	https://en.wiktionary.org/wiki/civilization	CC BY-SA 3.0
3371	fold	Wiktionary	https://en.wiktionary.org/wiki/fold	CC BY-SA 3.0
4111	missing	Wiktionary	https://en.wiktionary.org/wiki/missing	CC BY-SA 3.0
3350	flash	Wiktionary	https://en.wiktionary.org/wiki/flash	CC BY-SA 3.0
3223	excitement	Wiktionary	https://en.wiktionary.org/wiki/excitement	CC BY-SA 3.0
2148	architecture	Wiktionary	https://en.wiktionary.org/wiki/architecture	CC BY-SA 3.0
4249	occasional	Wiktionary	https://en.wiktionary.org/wiki/occasional	CC BY-SA 3.0
3105	elbow	Wiktionary	https://en.wiktionary.org/wiki/elbow	CC BY-SA 3.0
2857	deadly	Wiktionary	https://en.wiktionary.org/wiki/deadly	CC BY-SA 3.0
2678	confuse	Wiktionary	https://en.wiktionary.org/wiki/confuse	CC BY-SA 3.0
4136	monthly	Wiktionary	https://en.wiktionary.org/wiki/monthly	CC BY-SA 3.0
4475	plead	Wiktionary	https://en.wiktionary.org/wiki/plead	CC BY-SA 3.0
3748	initiate	Wiktionary	https://en.wiktionary.org/wiki/initiate	CC BY-SA 3.0
3918	lecture	Wiktionary	https://en.wiktionary.org/wiki/lecture	CC BY-SA 3.0
5305	suburb	Wiktionary	https://en.wiktionary.org/wiki/suburb	CC BY-SA 3.0
5532	trunk	Wiktionary	https://en.wiktionary.org/wiki/trunk	CC BY-SA 3.0
2358	branch	Wiktionary	https://en.wiktionary.org/wiki/branch	CC BY-SA 3.0
4923	rumor	Wiktionary	https://en.wiktionary.org/wiki/rumor	CC BY-SA 3.0
5355	swallow	Wiktionary	https://en.wiktionary.org/wiki/swallow	CC BY-SA 3.0
4149	motivate	Wiktionary	https://en.wiktionary.org/wiki/motivate	CC BY-SA 3.0
4806	render	Wiktionary	https://en.wiktionary.org/wiki/render	CC BY-SA 3.0
4857	restrict	Wiktionary	https://en.wiktionary.org/wiki/restrict	CC BY-SA 3.0
4989	seemingly	Wiktionary	https://en.wiktionary.org/wiki/seemingly	CC BY-SA 3.0
3155	enforce	Wiktionary	https://en.wiktionary.org/wiki/enforce	CC BY-SA 3.0
2614	companion	Wiktionary	https://en.wiktionary.org/wiki/companion	CC BY-SA 3.0
2723	contend	Wiktionary	https://en.wiktionary.org/wiki/contend	CC BY-SA 3.0
2155	array	Wiktionary	https://en.wiktionary.org/wiki/array	CC BY-SA 3.0
2173	assemble	Wiktionary	https://en.wiktionary.org/wiki/assemble	CC BY-SA 3.0
2464	cave	Wiktionary	https://en.wiktionary.org/wiki/cave	CC BY-SA 3.0
3726	inevitable	Wiktionary	https://en.wiktionary.org/wiki/inevitable	CC BY-SA 3.0
4243	obstacle	Wiktionary	https://en.wiktionary.org/wiki/obstacle	CC BY-SA 3.0
3282	facilitate	Wiktionary	https://en.wiktionary.org/wiki/facilitate	CC BY-SA 3.0
4891	rip	Wiktionary	https://en.wiktionary.org/wiki/rip	CC BY-SA 3.0
4150	motive	Wiktionary	https://en.wiktionary.org/wiki/motive	CC BY-SA 3.0
4199	nightmare	Wiktionary	https://en.wiktionary.org/wiki/nightmare	CC BY-SA 3.0
2712	consult	Wiktionary	https://en.wiktionary.org/wiki/consult	CC BY-SA 3.0
4514	possession	Wiktionary	https://en.wiktionary.org/wiki/possession	CC BY-SA 3.0
3382	forgive	Wiktionary	https://en.wiktionary.org/wiki/forgive	CC BY-SA 3.0
3053	drift	Wiktionary	https://en.wiktionary.org/wiki/drift	CC BY-SA 3.0
4049	maximum	Wiktionary	https://en.wiktionary.org/wiki/maximum	CC BY-SA 3.0
4675	questionnaire	Wiktionary	https://en.wiktionary.org/wiki/questionnaire	CC BY-SA 3.0
4154	mud	Wiktionary	https://en.wiktionary.org/wiki/mud	CC BY-SA 3.0
3738	infrastructure	Wiktionary	https://en.wiktionary.org/wiki/infrastructure	CC BY-SA 3.0
4587	privilege	Wiktionary	https://en.wiktionary.org/wiki/privilege	CC BY-SA 3.0
5402	temple	Wiktionary	https://en.wiktionary.org/wiki/temple	CC BY-SA 3.0
5310	suck	Wiktionary	https://en.wiktionary.org/wiki/suck	CC BY-SA 3.0
3914	leap	Wiktionary	https://en.wiktionary.org/wiki/leap	CC BY-SA 3.0
4695	random	Wiktionary	https://en.wiktionary.org/wiki/random	CC BY-SA 3.0
5672	wrist	Wiktionary	https://en.wiktionary.org/wiki/wrist	CC BY-SA 3.0
4500	pond	Wiktionary	https://en.wiktionary.org/wiki/pond	CC BY-SA 3.0
3030	domain	Wiktionary	https://en.wiktionary.org/wiki/domain	CC BY-SA 3.0
3532	guilt	Wiktionary	https://en.wiktionary.org/wiki/guilt	CC BY-SA 3.0
4099	minimum	Wiktionary	https://en.wiktionary.org/wiki/minimum	CC BY-SA 3.0
3064	dump	Wiktionary	https://en.wiktionary.org/wiki/dump	CC BY-SA 3.0
3582	hence	Wiktionary	https://en.wiktionary.org/wiki/hence	CC BY-SA 3.0
2852	database	Wiktionary	https://en.wiktionary.org/wiki/database	CC BY-SA 3.0
3943	limb	Wiktionary	https://en.wiktionary.org/wiki/limb	CC BY-SA 3.0
3654	ideology	Wiktionary	https://en.wiktionary.org/wiki/ideology	CC BY-SA 3.0
4691	railroad	Wiktionary	https://en.wiktionary.org/wiki/railroad	CC BY-SA 3.0
3152	endure	Wiktionary	https://en.wiktionary.org/wiki/endure	CC BY-SA 3.0
3618	horn	Wiktionary	https://en.wiktionary.org/wiki/horn	CC BY-SA 3.0
2519	chronic	Wiktionary	https://en.wiktionary.org/wiki/chronic	CC BY-SA 3.0
3758	innovation	Wiktionary	https://en.wiktionary.org/wiki/innovation	CC BY-SA 3.0
5261	strain	Wiktionary	https://en.wiktionary.org/wiki/strain	CC BY-SA 3.0
2282	behave	Wiktionary	https://en.wiktionary.org/wiki/behave	CC BY-SA 3.0
2667	conduct	Wiktionary	https://en.wiktionary.org/wiki/conduct	CC BY-SA 3.0
4580	principle	Wiktionary	https://en.wiktionary.org/wiki/principle	CC BY-SA 3.0
4138	moral	Wiktionary	https://en.wiktionary.org/wiki/moral	CC BY-SA 3.0
4433	personality	Wiktionary	https://en.wiktionary.org/wiki/personality	CC BY-SA 3.0
2700	consistent	Wiktionary	https://en.wiktionary.org/wiki/consistent	CC BY-SA 3.0
3465	gentleman	Wiktionary	https://en.wiktionary.org/wiki/gentleman	CC BY-SA 3.0
2046	aggressive	Wiktionary	https://en.wiktionary.org/wiki/aggressive	CC BY-SA 3.0
4710	react	Wiktionary	https://en.wiktionary.org/wiki/react	CC BY-SA 3.0
5409	tendency	Wiktionary	https://en.wiktionary.org/wiki/tendency	CC BY-SA 3.0
3785	integrity	Wiktionary	https://en.wiktionary.org/wiki/integrity	CC BY-SA 3.0
4348	pad	Wiktionary	https://en.wiktionary.org/wiki/pad	CC BY-SA 3.0
5501	transmission	Wiktionary	https://en.wiktionary.org/wiki/transmission	CC BY-SA 3.0
2226	await	Wiktionary	https://en.wiktionary.org/wiki/await	CC BY-SA 3.0
5521	trigger	Wiktionary	https://en.wiktionary.org/wiki/trigger	CC BY-SA 3.0
2587	colony	Wiktionary	https://en.wiktionary.org/wiki/colony	CC BY-SA 3.0
4125	modify	Wiktionary	https://en.wiktionary.org/wiki/modify	CC BY-SA 3.0
4373	particle	Wiktionary	https://en.wiktionary.org/wiki/particle	CC BY-SA 3.0
2341	boost	Wiktionary	https://en.wiktionary.org/wiki/boost	CC BY-SA 3.0
2267	bat	Wiktionary	https://en.wiktionary.org/wiki/bat	CC BY-SA 3.0
2057	alarm	Wiktionary	https://en.wiktionary.org/wiki/alarm	CC BY-SA 3.0
3521	grip	Wiktionary	https://en.wiktionary.org/wiki/grip	CC BY-SA 3.0
5627	weird	Wiktionary	https://en.wiktionary.org/wiki/weird	CC BY-SA 3.0
4307	outer	Wiktionary	https://en.wiktionary.org/wiki/outer	CC BY-SA 3.0
3494	govern	Wiktionary	https://en.wiktionary.org/wiki/govern	CC BY-SA 3.0
2246	ballot	Wiktionary	https://en.wiktionary.org/wiki/ballot	CC BY-SA 3.0
3172	enthusiasm	Wiktionary	https://en.wiktionary.org/wiki/enthusiasm	CC BY-SA 3.0
3127	embrace	Wiktionary	https://en.wiktionary.org/wiki/embrace	CC BY-SA 3.0
1971	accommodate	Wiktionary	https://en.wiktionary.org/wiki/accommodate	CC BY-SA 3.0
3751	injure	Wiktionary	https://en.wiktionary.org/wiki/injure	CC BY-SA 3.0
2486	chaos	Wiktionary	https://en.wiktionary.org/wiki/chaos	CC BY-SA 3.0
4056	mechanical	Wiktionary	https://en.wiktionary.org/wiki/mechanical	CC BY-SA 3.0
2426	canvas	Wiktionary	https://en.wiktionary.org/wiki/canvas	CC BY-SA 3.0
3966	lobby	Wiktionary	https://en.wiktionary.org/wiki/lobby	CC BY-SA 3.0
4606	profound	Wiktionary	https://en.wiktionary.org/wiki/profound	CC BY-SA 3.0
3384	format	Wiktionary	https://en.wiktionary.org/wiki/format	CC BY-SA 3.0
5489	trait	Wiktionary	https://en.wiktionary.org/wiki/trait	CC BY-SA 3.0
4834	reserve	Wiktionary	https://en.wiktionary.org/wiki/reserve	CC BY-SA 3.0
2274	beam	Wiktionary	https://en.wiktionary.org/wiki/beam	CC BY-SA 3.0
3467	genuine	Wiktionary	https://en.wiktionary.org/wiki/genuine	CC BY-SA 3.0
5452	thumb	Wiktionary	https://en.wiktionary.org/wiki/thumb	CC BY-SA 3.0
5578	unity	Wiktionary	https://en.wiktionary.org/wiki/unity	CC BY-SA 3.0
2648	compromise	Wiktionary	https://en.wiktionary.org/wiki/compromise	CC BY-SA 3.0
3227	exclusive	Wiktionary	https://en.wiktionary.org/wiki/exclusive	CC BY-SA 3.0
4959	scatter	Wiktionary	https://en.wiktionary.org/wiki/scatter	CC BY-SA 3.0
2748	convey	Wiktionary	https://en.wiktionary.org/wiki/convey	CC BY-SA 3.0
5548	twist	Wiktionary	https://en.wiktionary.org/wiki/twist	CC BY-SA 3.0
4789	relieve	Wiktionary	https://en.wiktionary.org/wiki/relieve	CC BY-SA 3.0
5352	suspicion	Wiktionary	https://en.wiktionary.org/wiki/suspicion	CC BY-SA 3.0
4836	residence	Wiktionary	https://en.wiktionary.org/wiki/residence	CC BY-SA 3.0
5062	signature	Wiktionary	https://en.wiktionary.org/wiki/signature	CC BY-SA 3.0
5351	suspend	Wiktionary	https://en.wiktionary.org/wiki/suspend	CC BY-SA 3.0
4721	rebel	Wiktionary	https://en.wiktionary.org/wiki/rebel	CC BY-SA 3.0
5198	spouse	Wiktionary	https://en.wiktionary.org/wiki/spouse	CC BY-SA 3.0
4413	pension	Wiktionary	https://en.wiktionary.org/wiki/pension	CC BY-SA 3.0
4859	resume	Wiktionary	https://en.wiktionary.org/wiki/resume	CC BY-SA 3.0
5428	theoretical	Wiktionary	https://en.wiktionary.org/wiki/theoretical	CC BY-SA 3.0
2895	delicate	Wiktionary	https://en.wiktionary.org/wiki/delicate	CC BY-SA 3.0
5303	subtle	Wiktionary	https://en.wiktionary.org/wiki/subtle	CC BY-SA 3.0
3378	forehead	Wiktionary	https://en.wiktionary.org/wiki/forehead	CC BY-SA 3.0
2348	bounce	Wiktionary	https://en.wiktionary.org/wiki/bounce	CC BY-SA 3.0
3614	hook	Wiktionary	https://en.wiktionary.org/wiki/hook	CC BY-SA 3.0
2548	click	Wiktionary	https://en.wiktionary.org/wiki/click	CC BY-SA 3.0
2625	compensation	Wiktionary	https://en.wiktionary.org/wiki/compensation	CC BY-SA 3.0
3238	exit	Wiktionary	https://en.wiktionary.org/wiki/exit	CC BY-SA 3.0
2874	dedicate	Wiktionary	https://en.wiktionary.org/wiki/dedicate	CC BY-SA 3.0
4451	pickup	Wiktionary	https://en.wiktionary.org/wiki/pickup	CC BY-SA 3.0
2446	carve	Wiktionary	https://en.wiktionary.org/wiki/carve	CC BY-SA 3.0
2286	belly	Wiktionary	https://en.wiktionary.org/wiki/belly	CC BY-SA 3.0
4957	scare	Wiktionary	https://en.wiktionary.org/wiki/scare	CC BY-SA 3.0
5055	shuttle	Wiktionary	https://en.wiktionary.org/wiki/shuttle	CC BY-SA 3.0
3830	invisible	Wiktionary	https://en.wiktionary.org/wiki/invisible	CC BY-SA 3.0
3157	engagement	Wiktionary	https://en.wiktionary.org/wiki/engagement	CC BY-SA 3.0
2104	ankle	Wiktionary	https://en.wiktionary.org/wiki/ankle	CC BY-SA 3.0
5493	transaction	Wiktionary	https://en.wiktionary.org/wiki/transaction	CC BY-SA 3.0
4829	rescue	Wiktionary	https://en.wiktionary.org/wiki/rescue	CC BY-SA 3.0
2781	counterpart	Wiktionary	https://en.wiktionary.org/wiki/counterpart	CC BY-SA 3.0
2086	amid	Wiktionary	https://en.wiktionary.org/wiki/amid	CC BY-SA 3.0
4538	precise	Wiktionary	https://en.wiktionary.org/wiki/precise	CC BY-SA 3.0
2115	anxious	Wiktionary	https://en.wiktionary.org/wiki/anxious	CC BY-SA 3.0
3936	liberty	Wiktionary	https://en.wiktionary.org/wiki/liberty	CC BY-SA 3.0
3549	handsome	Wiktionary	https://en.wiktionary.org/wiki/handsome	CC BY-SA 3.0
5319	sum	Wiktionary	https://en.wiktionary.org/wiki/sum	CC BY-SA 3.0
2687	conscious	Wiktionary	https://en.wiktionary.org/wiki/conscious	CC BY-SA 3.0
3846	jazz	Wiktionary	https://en.wiktionary.org/wiki/jazz	CC BY-SA 3.0
1993	acquisition	Wiktionary	https://en.wiktionary.org/wiki/acquisition	CC BY-SA 3.0
4465	pit	Wiktionary	https://en.wiktionary.org/wiki/pit	CC BY-SA 3.0
4653	punish	Wiktionary	https://en.wiktionary.org/wiki/punish	CC BY-SA 3.0
2980	discipline	Wiktionary	https://en.wiktionary.org/wiki/discipline	CC BY-SA 3.0
2911	departure	Wiktionary	https://en.wiktionary.org/wiki/departure	CC BY-SA 3.0
3530	guidance	Wiktionary	https://en.wiktionary.org/wiki/guidance	CC BY-SA 3.0
5234	statue	Wiktionary	https://en.wiktionary.org/wiki/statue	CC BY-SA 3.0
4660	pursuit	Wiktionary	https://en.wiktionary.org/wiki/pursuit	CC BY-SA 3.0
2866	decent	Wiktionary	https://en.wiktionary.org/wiki/decent	CC BY-SA 3.0
4281	oral	Wiktionary	https://en.wiktionary.org/wiki/oral	CC BY-SA 3.0
2547	clerk	Wiktionary	https://en.wiktionary.org/wiki/clerk	CC BY-SA 3.0
3344	fist	Wiktionary	https://en.wiktionary.org/wiki/fist	CC BY-SA 3.0
5432	thereby	Wiktionary	https://en.wiktionary.org/wiki/thereby	CC BY-SA 3.0
5177	spectrum	Wiktionary	https://en.wiktionary.org/wiki/spectrum	CC BY-SA 3.0
3892	laser	Wiktionary	https://en.wiktionary.org/wiki/laser	CC BY-SA 3.0
4793	reluctant	Wiktionary	https://en.wiktionary.org/wiki/reluctant	CC BY-SA 3.0
4716	realm	Wiktionary	https://en.wiktionary.org/wiki/realm	CC BY-SA 3.0
2423	cancel	Wiktionary	https://en.wiktionary.org/wiki/cancel	CC BY-SA 3.0
2321	blend	Wiktionary	https://en.wiktionary.org/wiki/blend	CC BY-SA 3.0
4728	recipient	Wiktionary	https://en.wiktionary.org/wiki/recipient	CC BY-SA 3.0
3590	hesitate	Wiktionary	https://en.wiktionary.org/wiki/hesitate	CC BY-SA 3.0
2302	bias	Wiktionary	https://en.wiktionary.org/wiki/bias	CC BY-SA 3.0
4082	metaphor	Wiktionary	https://en.wiktionary.org/wiki/metaphor	CC BY-SA 3.0
3176	entity	Wiktionary	https://en.wiktionary.org/wiki/entity	CC BY-SA 3.0
3446	garbage	Wiktionary	https://en.wiktionary.org/wiki/garbage	CC BY-SA 3.0
3113	elegant	Wiktionary	https://en.wiktionary.org/wiki/elegant	CC BY-SA 3.0
4726	reception	Wiktionary	https://en.wiktionary.org/wiki/reception	CC BY-SA 3.0
2511	chin	Wiktionary	https://en.wiktionary.org/wiki/chin	CC BY-SA 3.0
4185	necessity	Wiktionary	https://en.wiktionary.org/wiki/necessity	CC BY-SA 3.0
2670	confess	Wiktionary	https://en.wiktionary.org/wiki/confess	CC BY-SA 3.0
2453	casual	Wiktionary	https://en.wiktionary.org/wiki/casual	CC BY-SA 3.0
3166	enroll	Wiktionary	https://en.wiktionary.org/wiki/enroll	CC BY-SA 3.0
2967	diminish	Wiktionary	https://en.wiktionary.org/wiki/diminish	CC BY-SA 3.0
4098	minimize	Wiktionary	https://en.wiktionary.org/wiki/minimize	CC BY-SA 3.0
3840	isolate	Wiktionary	https://en.wiktionary.org/wiki/isolate	CC BY-SA 3.0
3824	inventory	Wiktionary	https://en.wiktionary.org/wiki/inventory	CC BY-SA 3.0
4598	productive	Wiktionary	https://en.wiktionary.org/wiki/productive	CC BY-SA 3.0
2174	assembly	Wiktionary	https://en.wiktionary.org/wiki/assembly	CC BY-SA 3.0
4008	magnitude	Wiktionary	https://en.wiktionary.org/wiki/magnitude	CC BY-SA 3.0
3624	hostage	Wiktionary	https://en.wiktionary.org/wiki/hostage	CC BY-SA 3.0
2061	alien	Wiktionary	https://en.wiktionary.org/wiki/alien	CC BY-SA 3.0
3072	dynamic	Wiktionary	https://en.wiktionary.org/wiki/dynamic	CC BY-SA 3.0
3182	equation	Wiktionary	https://en.wiktionary.org/wiki/equation	CC BY-SA 3.0
4689	rage	Wiktionary	https://en.wiktionary.org/wiki/rage	CC BY-SA 3.0
4608	prohibit	Wiktionary	https://en.wiktionary.org/wiki/prohibit	CC BY-SA 3.0
4317	outstanding	Wiktionary	https://en.wiktionary.org/wiki/outstanding	CC BY-SA 3.0
5288	stumble	Wiktionary	https://en.wiktionary.org/wiki/stumble	CC BY-SA 3.0
2161	artificial	Wiktionary	https://en.wiktionary.org/wiki/artificial	CC BY-SA 3.0
2853	dawn	Wiktionary	https://en.wiktionary.org/wiki/dawn	CC BY-SA 3.0
1956	abstract	Wiktionary	https://en.wiktionary.org/wiki/abstract	CC BY-SA 3.0
2920	descend	Wiktionary	https://en.wiktionary.org/wiki/descend	CC BY-SA 3.0
5454	tide	Wiktionary	https://en.wiktionary.org/wiki/tide	CC BY-SA 3.0
2752	cooperate	Wiktionary	https://en.wiktionary.org/wiki/cooperate	CC BY-SA 3.0
4877	revolutionary	Wiktionary	https://en.wiktionary.org/wiki/revolutionary	CC BY-SA 3.0
4904	romance	Wiktionary	https://en.wiktionary.org/wiki/romance	CC BY-SA 3.0
3555	hardware	Wiktionary	https://en.wiktionary.org/wiki/hardware	CC BY-SA 3.0
4456	pillow	Wiktionary	https://en.wiktionary.org/wiki/pillow	CC BY-SA 3.0
3872	kit	Wiktionary	https://en.wiktionary.org/wiki/kit	CC BY-SA 3.0
2727	continent	Wiktionary	https://en.wiktionary.org/wiki/continent	CC BY-SA 3.0
4979	seal	Wiktionary	https://en.wiktionary.org/wiki/seal	CC BY-SA 3.0
2856	deadline	Wiktionary	https://en.wiktionary.org/wiki/deadline	CC BY-SA 3.0
4718	rear	Wiktionary	https://en.wiktionary.org/wiki/rear	CC BY-SA 3.0
5565	undertake	Wiktionary	https://en.wiktionary.org/wiki/undertake	CC BY-SA 3.0
4885	ridiculous	Wiktionary	https://en.wiktionary.org/wiki/ridiculous	CC BY-SA 3.0
2215	automatic	Wiktionary	https://en.wiktionary.org/wiki/automatic	CC BY-SA 3.0
2955	diamond	Wiktionary	https://en.wiktionary.org/wiki/diamond	CC BY-SA 3.0
3689	import	Wiktionary	https://en.wiktionary.org/wiki/import	CC BY-SA 3.0
3022	divine	Wiktionary	https://en.wiktionary.org/wiki/divine	CC BY-SA 3.0
5007	sentiment	Wiktionary	https://en.wiktionary.org/wiki/sentiment	CC BY-SA 3.0
3764	inspiration	Wiktionary	https://en.wiktionary.org/wiki/inspiration	CC BY-SA 3.0
4668	quantity	Wiktionary	https://en.wiktionary.org/wiki/quantity	CC BY-SA 3.0
4045	mate	Wiktionary	https://en.wiktionary.org/wiki/mate	CC BY-SA 3.0
4674	quest	Wiktionary	https://en.wiktionary.org/wiki/quest	CC BY-SA 3.0
4929	sacrifice	Wiktionary	https://en.wiktionary.org/wiki/sacrifice	CC BY-SA 3.0
1982	accuracy	Wiktionary	https://en.wiktionary.org/wiki/accuracy	CC BY-SA 3.0
3991	loyalty	Wiktionary	https://en.wiktionary.org/wiki/loyalty	CC BY-SA 3.0
5249	stiff	Wiktionary	https://en.wiktionary.org/wiki/stiff	CC BY-SA 3.0
4313	output	Wiktionary	https://en.wiktionary.org/wiki/output	CC BY-SA 3.0
5094	slap	Wiktionary	https://en.wiktionary.org/wiki/slap	CC BY-SA 3.0
3845	jaw	Wiktionary	https://en.wiktionary.org/wiki/jaw	CC BY-SA 3.0
4168	mysterious	Wiktionary	https://en.wiktionary.org/wiki/mysterious	CC BY-SA 3.0
3035	donate	Wiktionary	https://en.wiktionary.org/wiki/donate	CC BY-SA 3.0
5380	tackle	Wiktionary	https://en.wiktionary.org/wiki/tackle	CC BY-SA 3.0
2441	carpet	Wiktionary	https://en.wiktionary.org/wiki/carpet	CC BY-SA 3.0
2259	barn	Wiktionary	https://en.wiktionary.org/wiki/barn	CC BY-SA 3.0
5365	sword	Wiktionary	https://en.wiktionary.org/wiki/sword	CC BY-SA 3.0
5536	tuck	Wiktionary	https://en.wiktionary.org/wiki/tuck	CC BY-SA 3.0
3288	faint	Wiktionary	https://en.wiktionary.org/wiki/faint	CC BY-SA 3.0
2963	dilemma	Wiktionary	https://en.wiktionary.org/wiki/dilemma	CC BY-SA 3.0
3760	input	Wiktionary	https://en.wiktionary.org/wiki/input	CC BY-SA 3.0
5025	shallow	Wiktionary	https://en.wiktionary.org/wiki/shallow	CC BY-SA 3.0
4073	merchant	Wiktionary	https://en.wiktionary.org/wiki/merchant	CC BY-SA 3.0
5211	stadium	Wiktionary	https://en.wiktionary.org/wiki/stadium	CC BY-SA 3.0
3887	lane	Wiktionary	https://en.wiktionary.org/wiki/lane	CC BY-SA 3.0
2097	ancestor	Wiktionary	https://en.wiktionary.org/wiki/ancestor	CC BY-SA 3.0
1964	accent	Wiktionary	https://en.wiktionary.org/wiki/accent	CC BY-SA 3.0
5577	unite	Wiktionary	https://en.wiktionary.org/wiki/unite	CC BY-SA 3.0
2774	costume	Wiktionary	https://en.wiktionary.org/wiki/costume	CC BY-SA 3.0
5236	statute	Wiktionary	https://en.wiktionary.org/wiki/statute	CC BY-SA 3.0
2445	cartoon	Wiktionary	https://en.wiktionary.org/wiki/cartoon	CC BY-SA 3.0
2391	bug	Wiktionary	https://en.wiktionary.org/wiki/bug	CC BY-SA 3.0
2051	agriculture	Wiktionary	https://en.wiktionary.org/wiki/agriculture	CC BY-SA 3.0
2653	conceive	Wiktionary	https://en.wiktionary.org/wiki/conceive	CC BY-SA 3.0
2340	bonus	Wiktionary	https://en.wiktionary.org/wiki/bonus	CC BY-SA 3.0
4282	orbit	Wiktionary	https://en.wiktionary.org/wiki/orbit	CC BY-SA 3.0
3507	grasp	Wiktionary	https://en.wiktionary.org/wiki/grasp	CC BY-SA 3.0
5189	spite	Wiktionary	https://en.wiktionary.org/wiki/spite	CC BY-SA 3.0
4389	patrol	Wiktionary	https://en.wiktionary.org/wiki/patrol	CC BY-SA 3.0
4869	revelation	Wiktionary	https://en.wiktionary.org/wiki/revelation	CC BY-SA 3.0
2418	calm	Wiktionary	https://en.wiktionary.org/wiki/calm	CC BY-SA 3.0
3464	gentle	Wiktionary	https://en.wiktionary.org/wiki/gentle	CC BY-SA 3.0
4396	peaceful	Wiktionary	https://en.wiktionary.org/wiki/peaceful	CC BY-SA 3.0
5410	tender	Wiktionary	https://en.wiktionary.org/wiki/tender	CC BY-SA 3.0
2962	dignity	Wiktionary	https://en.wiktionary.org/wiki/dignity	CC BY-SA 3.0
4387	patience	Wiktionary	https://en.wiktionary.org/wiki/patience	CC BY-SA 3.0
3563	haul	Wiktionary	https://en.wiktionary.org/wiki/haul	CC BY-SA 3.0
2652	concede	Wiktionary	https://en.wiktionary.org/wiki/concede	CC BY-SA 3.0
2041	afterward	Wiktionary	https://en.wiktionary.org/wiki/afterward	CC BY-SA 3.0
5175	spectacular	Wiktionary	https://en.wiktionary.org/wiki/spectacular	CC BY-SA 3.0
4922	ruin	Wiktionary	https://en.wiktionary.org/wiki/ruin	CC BY-SA 3.0
3677	immune	Wiktionary	https://en.wiktionary.org/wiki/immune	CC BY-SA 3.0
2069	alongside	Wiktionary	https://en.wiktionary.org/wiki/alongside	CC BY-SA 3.0
2406	bush	Wiktionary	https://en.wiktionary.org/wiki/bush	CC BY-SA 3.0
3239	exotic	Wiktionary	https://en.wiktionary.org/wiki/exotic	CC BY-SA 3.0
2555	clip	Wiktionary	https://en.wiktionary.org/wiki/clip	CC BY-SA 3.0
5437	thigh	Wiktionary	https://en.wiktionary.org/wiki/thigh	CC BY-SA 3.0
2394	bull	Wiktionary	https://en.wiktionary.org/wiki/bull	CC BY-SA 3.0
2461	cattle	Wiktionary	https://en.wiktionary.org/wiki/cattle	CC BY-SA 3.0
2983	discourage	Wiktionary	https://en.wiktionary.org/wiki/discourage	CC BY-SA 3.0
3811	intimate	Wiktionary	https://en.wiktionary.org/wiki/intimate	CC BY-SA 3.0
3137	empire	Wiktionary	https://en.wiktionary.org/wiki/empire	CC BY-SA 3.0
2409	cab	Wiktionary	https://en.wiktionary.org/wiki/cab	CC BY-SA 3.0
3029	documentary	Wiktionary	https://en.wiktionary.org/wiki/documentary	CC BY-SA 3.0
4195	neutral	Wiktionary	https://en.wiktionary.org/wiki/neutral	CC BY-SA 3.0
4607	progressive	Wiktionary	https://en.wiktionary.org/wiki/progressive	CC BY-SA 3.0
2704	conspiracy	Wiktionary	https://en.wiktionary.org/wiki/conspiracy	CC BY-SA 3.0
2454	casualty	Wiktionary	https://en.wiktionary.org/wiki/casualty	CC BY-SA 3.0
4823	republic	Wiktionary	https://en.wiktionary.org/wiki/republic	CC BY-SA 3.0
4824	republican	Wiktionary	https://en.wiktionary.org/wiki/republican	CC BY-SA 3.0
5417	terrific	Wiktionary	https://en.wiktionary.org/wiki/terrific	CC BY-SA 3.0
5630	whale	Wiktionary	https://en.wiktionary.org/wiki/whale	CC BY-SA 3.0
3773	instinct	Wiktionary	https://en.wiktionary.org/wiki/instinct	CC BY-SA 3.0
2077	aluminum	Wiktionary	https://en.wiktionary.org/wiki/aluminum	CC BY-SA 3.0
5638	whoever	Wiktionary	https://en.wiktionary.org/wiki/whoever	CC BY-SA 3.0
5090	skull	Wiktionary	https://en.wiktionary.org/wiki/skull	CC BY-SA 3.0
4022	manipulate	Wiktionary	https://en.wiktionary.org/wiki/manipulate	CC BY-SA 3.0
3090	edit	Wiktionary	https://en.wiktionary.org/wiki/edit	CC BY-SA 3.0
4661	puzzle	Wiktionary	https://en.wiktionary.org/wiki/puzzle	CC BY-SA 3.0
4162	mushroom	Wiktionary	https://en.wiktionary.org/wiki/mushroom	CC BY-SA 3.0
5299	subsidy	Wiktionary	https://en.wiktionary.org/wiki/subsidy	CC BY-SA 3.0
5487	tragic	Wiktionary	https://en.wiktionary.org/wiki/tragic	CC BY-SA 3.0
4055	mechanic	Wiktionary	https://en.wiktionary.org/wiki/mechanic	CC BY-SA 3.0
5562	underlying	Wiktionary	https://en.wiktionary.org/wiki/underlying	CC BY-SA 3.0
2933	dessert	Wiktionary	https://en.wiktionary.org/wiki/dessert	CC BY-SA 3.0
5370	sympathy	Wiktionary	https://en.wiktionary.org/wiki/sympathy	CC BY-SA 3.0
3177	entrepreneur	Wiktionary	https://en.wiktionary.org/wiki/entrepreneur	CC BY-SA 3.0
5374	syndrome	Wiktionary	https://en.wiktionary.org/wiki/syndrome	CC BY-SA 3.0
2402	bureau	Wiktionary	https://en.wiktionary.org/wiki/bureau	CC BY-SA 3.0
2081	ambition	Wiktionary	https://en.wiktionary.org/wiki/ambition	CC BY-SA 3.0
2369	breeze	Wiktionary	https://en.wiktionary.org/wiki/breeze	CC BY-SA 3.0
2773	costly	Wiktionary	https://en.wiktionary.org/wiki/costly	CC BY-SA 3.0
2082	ambitious	Wiktionary	https://en.wiktionary.org/wiki/ambitious	CC BY-SA 3.0
4564	presumably	Wiktionary	https://en.wiktionary.org/wiki/presumably	CC BY-SA 3.0
3735	influential	Wiktionary	https://en.wiktionary.org/wiki/influential	CC BY-SA 3.0
5500	translation	Wiktionary	https://en.wiktionary.org/wiki/translation	CC BY-SA 3.0
3004	dissolve	Wiktionary	https://en.wiktionary.org/wiki/dissolve	CC BY-SA 3.0
4085	metropolitan	Wiktionary	https://en.wiktionary.org/wiki/metropolitan	CC BY-SA 3.0
2034	aesthetic	Wiktionary	https://en.wiktionary.org/wiki/aesthetic	CC BY-SA 3.0
3762	insert	Wiktionary	https://en.wiktionary.org/wiki/insert	CC BY-SA 3.0
3580	helmet	Wiktionary	https://en.wiktionary.org/wiki/helmet	CC BY-SA 3.0
5599	waist	Wiktionary	https://en.wiktionary.org/wiki/waist	CC BY-SA 3.0
2289	belt	Wiktionary	https://en.wiktionary.org/wiki/belt	CC BY-SA 3.0
3600	hip	Wiktionary	https://en.wiktionary.org/wiki/hip	CC BY-SA 3.0
4917	royal	Wiktionary	https://en.wiktionary.org/wiki/royal	CC BY-SA 3.0
4354	panic	Wiktionary	https://en.wiktionary.org/wiki/panic	CC BY-SA 3.0
2820	crush	Wiktionary	https://en.wiktionary.org/wiki/crush	CC BY-SA 3.0
3664	illusion	Wiktionary	https://en.wiktionary.org/wiki/illusion	CC BY-SA 3.0
2109	anonymous	Wiktionary	https://en.wiktionary.org/wiki/anonymous	CC BY-SA 3.0
4088	midst	Wiktionary	https://en.wiktionary.org/wiki/midst	CC BY-SA 3.0
4895	rival	Wiktionary	https://en.wiktionary.org/wiki/rival	CC BY-SA 3.0
4651	punch	Wiktionary	https://en.wiktionary.org/wiki/punch	CC BY-SA 3.0
4457	pin	Wiktionary	https://en.wiktionary.org/wiki/pin	CC BY-SA 3.0
4432	persist	Wiktionary	https://en.wiktionary.org/wiki/persist	CC BY-SA 3.0
4130	momentum	Wiktionary	https://en.wiktionary.org/wiki/momentum	CC BY-SA 3.0
5033	shed	Wiktionary	https://en.wiktionary.org/wiki/shed	CC BY-SA 3.0
2692	consequently	Wiktionary	https://en.wiktionary.org/wiki/consequently	CC BY-SA 3.0
3397	foster	Wiktionary	https://en.wiktionary.org/wiki/foster	CC BY-SA 3.0
2498	cheat	Wiktionary	https://en.wiktionary.org/wiki/cheat	CC BY-SA 3.0
5973	dishonest	Wiktionary	https://en.wiktionary.org/wiki/dishonest	CC BY-SA 3.0
4963	scheme	Wiktionary	https://en.wiktionary.org/wiki/scheme	CC BY-SA 3.0
3407	fraud	Wiktionary	https://en.wiktionary.org/wiki/fraud	CC BY-SA 3.0
3570	heal	Wiktionary	https://en.wiktionary.org/wiki/heal	CC BY-SA 3.0
3254	exploit	Wiktionary	https://en.wiktionary.org/wiki/exploit	CC BY-SA 3.0
4289	organism	Wiktionary	https://en.wiktionary.org/wiki/organism	CC BY-SA 3.0
5003	sensation	Wiktionary	https://en.wiktionary.org/wiki/sensation	CC BY-SA 3.0
5050	shove	Wiktionary	https://en.wiktionary.org/wiki/shove	CC BY-SA 3.0
2495	charter	Wiktionary	https://en.wiktionary.org/wiki/charter	CC BY-SA 3.0
2690	consent	Wiktionary	https://en.wiktionary.org/wiki/consent	CC BY-SA 3.0
2647	comprise	Wiktionary	https://en.wiktionary.org/wiki/comprise	CC BY-SA 3.0
4308	outfit	Wiktionary	https://en.wiktionary.org/wiki/outfit	CC BY-SA 3.0
4549	preliminary	Wiktionary	https://en.wiktionary.org/wiki/preliminary	CC BY-SA 3.0
4385	patent	Wiktionary	https://en.wiktionary.org/wiki/patent	CC BY-SA 3.0
5506	trash	Wiktionary	https://en.wiktionary.org/wiki/trash	CC BY-SA 3.0
5423	texture	Wiktionary	https://en.wiktionary.org/wiki/texture	CC BY-SA 3.0
3416	frontier	Wiktionary	https://en.wiktionary.org/wiki/frontier	CC BY-SA 3.0
2981	disclose	Wiktionary	https://en.wiktionary.org/wiki/disclose	CC BY-SA 3.0
3798	interfere	Wiktionary	https://en.wiktionary.org/wiki/interfere	CC BY-SA 3.0
4229	oak	Wiktionary	https://en.wiktionary.org/wiki/oak	CC BY-SA 3.0
4311	outline	Wiktionary	https://en.wiktionary.org/wiki/outline	CC BY-SA 3.0
4603	profile	Wiktionary	https://en.wiktionary.org/wiki/profile	CC BY-SA 3.0
2198	attendance	Wiktionary	https://en.wiktionary.org/wiki/attendance	CC BY-SA 3.0
5556	uncover	Wiktionary	https://en.wiktionary.org/wiki/uncover	CC BY-SA 3.0
3259	expose	Wiktionary	https://en.wiktionary.org/wiki/expose	CC BY-SA 3.0
2281	behalf	Wiktionary	https://en.wiktionary.org/wiki/behalf	CC BY-SA 3.0
5029	shark	Wiktionary	https://en.wiktionary.org/wiki/shark	CC BY-SA 3.0
3767	installation	Wiktionary	https://en.wiktionary.org/wiki/installation	CC BY-SA 3.0
5250	stimulate	Wiktionary	https://en.wiktionary.org/wiki/stimulate	CC BY-SA 3.0
5382	tag	Wiktionary	https://en.wiktionary.org/wiki/tag	CC BY-SA 3.0
2623	compel	Wiktionary	https://en.wiktionary.org/wiki/compel	CC BY-SA 3.0
4595	proclaim	Wiktionary	https://en.wiktionary.org/wiki/proclaim	CC BY-SA 3.0
3596	hike	Wiktionary	https://en.wiktionary.org/wiki/hike	CC BY-SA 3.0
2708	constitution	Wiktionary	https://en.wiktionary.org/wiki/constitution	CC BY-SA 3.0
5424	Thanksgiving	Wiktionary	https://en.wiktionary.org/wiki/Thanksgiving	CC BY-SA 3.0
4961	scent	Wiktionary	https://en.wiktionary.org/wiki/scent	CC BY-SA 3.0
5210	stack	Wiktionary	https://en.wiktionary.org/wiki/stack	CC BY-SA 3.0
3276	eyebrow	Wiktionary	https://en.wiktionary.org/wiki/eyebrow	CC BY-SA 3.0
4927	sack	Wiktionary	https://en.wiktionary.org/wiki/sack	CC BY-SA 3.0
2465	cease	Wiktionary	https://en.wiktionary.org/wiki/cease	CC BY-SA 3.0
3745	inherit	Wiktionary	https://en.wiktionary.org/wiki/inherit	CC BY-SA 3.0
5052	shrink	Wiktionary	https://en.wiktionary.org/wiki/shrink	CC BY-SA 3.0
3041	dot	Wiktionary	https://en.wiktionary.org/wiki/dot	CC BY-SA 3.0
4706	rational	Wiktionary	https://en.wiktionary.org/wiki/rational	CC BY-SA 3.0
2056	aisle	Wiktionary	https://en.wiktionary.org/wiki/aisle	CC BY-SA 3.0
5584	vocal	Wiktionary	https://en.wiktionary.org/wiki/vocal	CC BY-SA 3.0
3012	distract	Wiktionary	https://en.wiktionary.org/wiki/distract	CC BY-SA 3.0
4079	merit	Wiktionary	https://en.wiktionary.org/wiki/merit	CC BY-SA 3.0
2982	discount	Wiktionary	https://en.wiktionary.org/wiki/discount	CC BY-SA 3.0
3819	invade	Wiktionary	https://en.wiktionary.org/wiki/invade	CC BY-SA 3.0
3643	hurricane	Wiktionary	https://en.wiktionary.org/wiki/hurricane	CC BY-SA 3.0
2542	classify	Wiktionary	https://en.wiktionary.org/wiki/classify	CC BY-SA 3.0
2079	ambassador	Wiktionary	https://en.wiktionary.org/wiki/ambassador	CC BY-SA 3.0
2905	density	Wiktionary	https://en.wiktionary.org/wiki/density	CC BY-SA 3.0
2830	curiosity	Wiktionary	https://en.wiktionary.org/wiki/curiosity	CC BY-SA 3.0
5089	skip	Wiktionary	https://en.wiktionary.org/wiki/skip	CC BY-SA 3.0
3942	likewise	Wiktionary	https://en.wiktionary.org/wiki/likewise	CC BY-SA 3.0
5181	sphere	Wiktionary	https://en.wiktionary.org/wiki/sphere	CC BY-SA 3.0
2333	boast	Wiktionary	https://en.wiktionary.org/wiki/boast	CC BY-SA 3.0
4124	modest	Wiktionary	https://en.wiktionary.org/wiki/modest	CC BY-SA 3.0
4383	pat	Wiktionary	https://en.wiktionary.org/wiki/pat	CC BY-SA 3.0
5137	sole	Wiktionary	https://en.wiktionary.org/wiki/sole	CC BY-SA 3.0
4646	publicity	Wiktionary	https://en.wiktionary.org/wiki/publicity	CC BY-SA 3.0
5571	unfold	Wiktionary	https://en.wiktionary.org/wiki/unfold	CC BY-SA 3.0
4370	partial	Wiktionary	https://en.wiktionary.org/wiki/partial	CC BY-SA 3.0
2579	collar	Wiktionary	https://en.wiktionary.org/wiki/collar	CC BY-SA 3.0
5624	weed	Wiktionary	https://en.wiktionary.org/wiki/weed	CC BY-SA 3.0
3479	glimpse	Wiktionary	https://en.wiktionary.org/wiki/glimpse	CC BY-SA 3.0
4551	premise	Wiktionary	https://en.wiktionary.org/wiki/premise	CC BY-SA 3.0
2878	deem	Wiktionary	https://en.wiktionary.org/wiki/deem	CC BY-SA 3.0
5120	sneak	Wiktionary	https://en.wiktionary.org/wiki/sneak	CC BY-SA 3.0
3939	lightning	Wiktionary	https://en.wiktionary.org/wiki/lightning	CC BY-SA 3.0
5097	sleeve	Wiktionary	https://en.wiktionary.org/wiki/sleeve	CC BY-SA 3.0
4881	rib	Wiktionary	https://en.wiktionary.org/wiki/rib	CC BY-SA 3.0
4901	rod	Wiktionary	https://en.wiktionary.org/wiki/rod	CC BY-SA 3.0
5161	spare	Wiktionary	https://en.wiktionary.org/wiki/spare	CC BY-SA 3.0
2470	cemetery	Wiktionary	https://en.wiktionary.org/wiki/cemetery	CC BY-SA 3.0
3940	likelihood	Wiktionary	https://en.wiktionary.org/wiki/likelihood	CC BY-SA 3.0
5474	toll	Wiktionary	https://en.wiktionary.org/wiki/toll	CC BY-SA 3.0
4889	rim	Wiktionary	https://en.wiktionary.org/wiki/rim	CC BY-SA 3.0
2553	cling	Wiktionary	https://en.wiktionary.org/wiki/cling	CC BY-SA 3.0
5353	suspicious	Wiktionary	https://en.wiktionary.org/wiki/suspicious	CC BY-SA 3.0
3117	eligible	Wiktionary	https://en.wiktionary.org/wiki/eligible	CC BY-SA 3.0
4761	refuge	Wiktionary	https://en.wiktionary.org/wiki/refuge	CC BY-SA 3.0
5242	steer	Wiktionary	https://en.wiktionary.org/wiki/steer	CC BY-SA 3.0
2500	cheer	Wiktionary	https://en.wiktionary.org/wiki/cheer	CC BY-SA 3.0
4310	outlet	Wiktionary	https://en.wiktionary.org/wiki/outlet	CC BY-SA 3.0
3782	intact	Wiktionary	https://en.wiktionary.org/wiki/intact	CC BY-SA 3.0
5447	thrive	Wiktionary	https://en.wiktionary.org/wiki/thrive	CC BY-SA 3.0
2507	chew	Wiktionary	https://en.wiktionary.org/wiki/chew	CC BY-SA 3.0
3102	elaborate	Wiktionary	https://en.wiktionary.org/wiki/elaborate	CC BY-SA 3.0
2204	auction	Wiktionary	https://en.wiktionary.org/wiki/auction	CC BY-SA 3.0
2305	bid	Wiktionary	https://en.wiktionary.org/wiki/bid	CC BY-SA 3.0
5524	triumph	Wiktionary	https://en.wiktionary.org/wiki/triumph	CC BY-SA 3.0
2685	conscience	Wiktionary	https://en.wiktionary.org/wiki/conscience	CC BY-SA 3.0
3808	interval	Wiktionary	https://en.wiktionary.org/wiki/interval	CC BY-SA 3.0
3243	expedition	Wiktionary	https://en.wiktionary.org/wiki/expedition	CC BY-SA 3.0
3938	lid	Wiktionary	https://en.wiktionary.org/wiki/lid	CC BY-SA 3.0
3843	jar	Wiktionary	https://en.wiktionary.org/wiki/jar	CC BY-SA 3.0
3063	dumb	Wiktionary	https://en.wiktionary.org/wiki/dumb	CC BY-SA 3.0
2393	bulk	Wiktionary	https://en.wiktionary.org/wiki/bulk	CC BY-SA 3.0
5201	sprinkle	Wiktionary	https://en.wiktionary.org/wiki/sprinkle	CC BY-SA 3.0
2746	conversion	Wiktionary	https://en.wiktionary.org/wiki/conversion	CC BY-SA 3.0
4390	patron	Wiktionary	https://en.wiktionary.org/wiki/patron	CC BY-SA 3.0
4158	municipal	Wiktionary	https://en.wiktionary.org/wiki/municipal	CC BY-SA 3.0
3556	harmony	Wiktionary	https://en.wiktionary.org/wiki/harmony	CC BY-SA 3.0
4401	peasant	Wiktionary	https://en.wiktionary.org/wiki/peasant	CC BY-SA 3.0
2417	calendar	Wiktionary	https://en.wiktionary.org/wiki/calendar	CC BY-SA 3.0
5643	widow	Wiktionary	https://en.wiktionary.org/wiki/widow	CC BY-SA 3.0
2276	beard	Wiktionary	https://en.wiktionary.org/wiki/beard	CC BY-SA 3.0
3696	impulse	Wiktionary	https://en.wiktionary.org/wiki/impulse	CC BY-SA 3.0
3374	forbid	Wiktionary	https://en.wiktionary.org/wiki/forbid	CC BY-SA 3.0
4491	poke	Wiktionary	https://en.wiktionary.org/wiki/poke	CC BY-SA 3.0
4275	opt	Wiktionary	https://en.wiktionary.org/wiki/opt	CC BY-SA 3.0
5591	voluntary	Wiktionary	https://en.wiktionary.org/wiki/voluntary	CC BY-SA 3.0
3394	forum	Wiktionary	https://en.wiktionary.org/wiki/forum	CC BY-SA 3.0
2217	autonomy	Wiktionary	https://en.wiktionary.org/wiki/autonomy	CC BY-SA 3.0
5441	thread	Wiktionary	https://en.wiktionary.org/wiki/thread	CC BY-SA 3.0
5017	sew	Wiktionary	https://en.wiktionary.org/wiki/sew	CC BY-SA 3.0
3331	fiber	Wiktionary	https://en.wiktionary.org/wiki/fiber	CC BY-SA 3.0
5277	string	Wiktionary	https://en.wiktionary.org/wiki/string	CC BY-SA 3.0
4908	rope	Wiktionary	https://en.wiktionary.org/wiki/rope	CC BY-SA 3.0
2412	cable	Wiktionary	https://en.wiktionary.org/wiki/cable	CC BY-SA 3.0
2307	bind	Wiktionary	https://en.wiktionary.org/wiki/bind	CC BY-SA 3.0
4194	nerve	Wiktionary	https://en.wiktionary.org/wiki/nerve	CC BY-SA 3.0
5621	web	Wiktionary	https://en.wiktionary.org/wiki/web	CC BY-SA 3.0
5183	spider	Wiktionary	https://en.wiktionary.org/wiki/spider	CC BY-SA 3.0
3953	link	Wiktionary	https://en.wiktionary.org/wiki/link	CC BY-SA 3.0
3980	loop	Wiktionary	https://en.wiktionary.org/wiki/loop	CC BY-SA 3.0
5633	whip	Wiktionary	https://en.wiktionary.org/wiki/whip	CC BY-SA 3.0
2760	cord	Wiktionary	https://en.wiktionary.org/wiki/cord	CC BY-SA 3.0
3399	fraction	Wiktionary	https://en.wiktionary.org/wiki/fraction	CC BY-SA 3.0
5444	threshold	Wiktionary	https://en.wiktionary.org/wiki/threshold	CC BY-SA 3.0
5317	suite	Wiktionary	https://en.wiktionary.org/wiki/suite	CC BY-SA 3.0
3482	globe	Wiktionary	https://en.wiktionary.org/wiki/globe	CC BY-SA 3.0
4234	objection	Wiktionary	https://en.wiktionary.org/wiki/objection	CC BY-SA 3.0
4568	prevail	Wiktionary	https://en.wiktionary.org/wiki/prevail	CC BY-SA 3.0
3402	fragment	Wiktionary	https://en.wiktionary.org/wiki/fragment	CC BY-SA 3.0
5609	warmth	Wiktionary	https://en.wiktionary.org/wiki/warmth	CC BY-SA 3.0
2140	appropriate	Wiktionary	https://en.wiktionary.org/wiki/appropriate	CC BY-SA 3.0
4737	recommend	Wiktionary	https://en.wiktionary.org/wiki/recommend	CC BY-SA 3.0
3054	drill	Wiktionary	https://en.wiktionary.org/wiki/drill	CC BY-SA 3.0
2818	cruel	Wiktionary	https://en.wiktionary.org/wiki/cruel	CC BY-SA 3.0
3209	evil	Wiktionary	https://en.wiktionary.org/wiki/evil	CC BY-SA 3.0
2278	beast	Wiktionary	https://en.wiktionary.org/wiki/beast	CC BY-SA 3.0
2776	cottage	Wiktionary	https://en.wiktionary.org/wiki/cottage	CC BY-SA 3.0
2494	charm	Wiktionary	https://en.wiktionary.org/wiki/charm	CC BY-SA 3.0
3990	loyal	Wiktionary	https://en.wiktionary.org/wiki/loyal	CC BY-SA 3.0
3100	ego	Wiktionary	https://en.wiktionary.org/wiki/ego	CC BY-SA 3.0
3302	fare	Wiktionary	https://en.wiktionary.org/wiki/fare	CC BY-SA 3.0
4682	radar	Wiktionary	https://en.wiktionary.org/wiki/radar	CC BY-SA 3.0
3418	frown	Wiktionary	https://en.wiktionary.org/wiki/frown	CC BY-SA 3.0
4865	retreat	Wiktionary	https://en.wiktionary.org/wiki/retreat	CC BY-SA 3.0
3313	favorable	Wiktionary	https://en.wiktionary.org/wiki/favorable	CC BY-SA 3.0
5678	youngster	Wiktionary	https://en.wiktionary.org/wiki/youngster	CC BY-SA 3.0
4552	premium	Wiktionary	https://en.wiktionary.org/wiki/premium	CC BY-SA 3.0
4335	overwhelm	Wiktionary	https://en.wiktionary.org/wiki/overwhelm	CC BY-SA 3.0
5582	update	Wiktionary	https://en.wiktionary.org/wiki/update	CC BY-SA 3.0
5162	spark	Wiktionary	https://en.wiktionary.org/wiki/spark	CC BY-SA 3.0
3309	fatigue	Wiktionary	https://en.wiktionary.org/wiki/fatigue	CC BY-SA 3.0
5178	speculate	Wiktionary	https://en.wiktionary.org/wiki/speculate	CC BY-SA 3.0
2387	bucket	Wiktionary	https://en.wiktionary.org/wiki/bucket	CC BY-SA 3.0
3252	explicit	Wiktionary	https://en.wiktionary.org/wiki/explicit	CC BY-SA 3.0
4166	mutter	Wiktionary	https://en.wiktionary.org/wiki/mutter	CC BY-SA 3.0
2909	depart	Wiktionary	https://en.wiktionary.org/wiki/depart	CC BY-SA 3.0
4882	ribbon	Wiktionary	https://en.wiktionary.org/wiki/ribbon	CC BY-SA 3.0
4052	meantime	Wiktionary	https://en.wiktionary.org/wiki/meantime	CC BY-SA 3.0
5502	transmit	Wiktionary	https://en.wiktionary.org/wiki/transmit	CC BY-SA 3.0
2688	consecutive	Wiktionary	https://en.wiktionary.org/wiki/consecutive	CC BY-SA 3.0
2754	coordinate	Wiktionary	https://en.wiktionary.org/wiki/coordinate	CC BY-SA 3.0
5204	spy	Wiktionary	https://en.wiktionary.org/wiki/spy	CC BY-SA 3.0
5109	slot	Wiktionary	https://en.wiktionary.org/wiki/slot	CC BY-SA 3.0
4884	ridge	Wiktionary	https://en.wiktionary.org/wiki/ridge	CC BY-SA 3.0
4975	screw	Wiktionary	https://en.wiktionary.org/wiki/screw	CC BY-SA 3.0
2362	brave	Wiktionary	https://en.wiktionary.org/wiki/brave	CC BY-SA 3.0
2677	confront	Wiktionary	https://en.wiktionary.org/wiki/confront	CC BY-SA 3.0
2335	bold	Wiktionary	https://en.wiktionary.org/wiki/bold	CC BY-SA 3.0
5172	specify	Wiktionary	https://en.wiktionary.org/wiki/specify	CC BY-SA 3.0
3420	frustrate	Wiktionary	https://en.wiktionary.org/wiki/frustrate	CC BY-SA 3.0
2160	articulate	Wiktionary	https://en.wiktionary.org/wiki/articulate	CC BY-SA 3.0
2904	dense	Wiktionary	https://en.wiktionary.org/wiki/dense	CC BY-SA 3.0
4999	seminar	Wiktionary	https://en.wiktionary.org/wiki/seminar	CC BY-SA 3.0
5362	swell	Wiktionary	https://en.wiktionary.org/wiki/swell	CC BY-SA 3.0
2825	cue	Wiktionary	https://en.wiktionary.org/wiki/cue	CC BY-SA 3.0
2372	bride	Wiktionary	https://en.wiktionary.org/wiki/bride	CC BY-SA 3.0
3566	hazard	Wiktionary	https://en.wiktionary.org/wiki/hazard	CC BY-SA 3.0
2741	convenience	Wiktionary	https://en.wiktionary.org/wiki/convenience	CC BY-SA 3.0
5620	weave	Wiktionary	https://en.wiktionary.org/wiki/weave	CC BY-SA 3.0
5458	timber	Wiktionary	https://en.wiktionary.org/wiki/timber	CC BY-SA 3.0
2392	bulb	Wiktionary	https://en.wiktionary.org/wiki/bulb	CC BY-SA 3.0
2947	devil	Wiktionary	https://en.wiktionary.org/wiki/devil	CC BY-SA 3.0
2439	cargo	Wiktionary	https://en.wiktionary.org/wiki/cargo	CC BY-SA 3.0
5186	spine	Wiktionary	https://en.wiktionary.org/wiki/spine	CC BY-SA 3.0
2501	chef	Wiktionary	https://en.wiktionary.org/wiki/chef	CC BY-SA 3.0
4031	marine	Wiktionary	https://en.wiktionary.org/wiki/marine	CC BY-SA 3.0
5147	sometime	Wiktionary	https://en.wiktionary.org/wiki/sometime	CC BY-SA 3.0
5321	summary	Wiktionary	https://en.wiktionary.org/wiki/summary	CC BY-SA 3.0
3179	epidemic	Wiktionary	https://en.wiktionary.org/wiki/epidemic	CC BY-SA 3.0
3307	fatal	Wiktionary	https://en.wiktionary.org/wiki/fatal	CC BY-SA 3.0
5522	trim	Wiktionary	https://en.wiktionary.org/wiki/trim	CC BY-SA 3.0
1963	accelerate	Wiktionary	https://en.wiktionary.org/wiki/accelerate	CC BY-SA 3.0
3057	drown	Wiktionary	https://en.wiktionary.org/wiki/drown	CC BY-SA 3.0
3744	inherent	Wiktionary	https://en.wiktionary.org/wiki/inherent	CC BY-SA 3.0
3873	kneel	Wiktionary	https://en.wiktionary.org/wiki/kneel	CC BY-SA 3.0
5245	stereotype	Wiktionary	https://en.wiktionary.org/wiki/stereotype	CC BY-SA 3.0
3901	laundry	Wiktionary	https://en.wiktionary.org/wiki/laundry	CC BY-SA 3.0
4025	manual	Wiktionary	https://en.wiktionary.org/wiki/manual	CC BY-SA 3.0
4463	pistol	Wiktionary	https://en.wiktionary.org/wiki/pistol	CC BY-SA 3.0
2344	bore	Wiktionary	https://en.wiktionary.org/wiki/bore	CC BY-SA 3.0
2288	beloved	Wiktionary	https://en.wiktionary.org/wiki/beloved	CC BY-SA 3.0
2312	bizarre	Wiktionary	https://en.wiktionary.org/wiki/bizarre	CC BY-SA 3.0
4330	overseas	Wiktionary	https://en.wiktionary.org/wiki/overseas	CC BY-SA 3.0
5518	tribute	Wiktionary	https://en.wiktionary.org/wiki/tribute	CC BY-SA 3.0
4866	retrieve	Wiktionary	https://en.wiktionary.org/wiki/retrieve	CC BY-SA 3.0
2948	devise	Wiktionary	https://en.wiktionary.org/wiki/devise	CC BY-SA 3.0
4203	nominate	Wiktionary	https://en.wiktionary.org/wiki/nominate	CC BY-SA 3.0
2257	bargain	Wiktionary	https://en.wiktionary.org/wiki/bargain	CC BY-SA 3.0
5082	skeptical	Wiktionary	https://en.wiktionary.org/wiki/skeptical	CC BY-SA 3.0
5334	suppress	Wiktionary	https://en.wiktionary.org/wiki/suppress	CC BY-SA 3.0
2098	anchor	Wiktionary	https://en.wiktionary.org/wiki/anchor	CC BY-SA 3.0
3272	extract	Wiktionary	https://en.wiktionary.org/wiki/extract	CC BY-SA 3.0
3793	intensive	Wiktionary	https://en.wiktionary.org/wiki/intensive	CC BY-SA 3.0
2297	betray	Wiktionary	https://en.wiktionary.org/wiki/betray	CC BY-SA 3.0
1948	aboard	Wiktionary	https://en.wiktionary.org/wiki/aboard	CC BY-SA 3.0
2621	compassion	Wiktionary	https://en.wiktionary.org/wiki/compassion	CC BY-SA 3.0
2293	beneficial	Wiktionary	https://en.wiktionary.org/wiki/beneficial	CC BY-SA 3.0
2636	complication	Wiktionary	https://en.wiktionary.org/wiki/complication	CC BY-SA 3.0
2659	concession	Wiktionary	https://en.wiktionary.org/wiki/concession	CC BY-SA 3.0
2211	authentic	Wiktionary	https://en.wiktionary.org/wiki/authentic	CC BY-SA 3.0
3031	dome	Wiktionary	https://en.wiktionary.org/wiki/dome	CC BY-SA 3.0
3971	locker	Wiktionary	https://en.wiktionary.org/wiki/locker	CC BY-SA 3.0
3293	faithful	Wiktionary	https://en.wiktionary.org/wiki/faithful	CC BY-SA 3.0
3210	evoke	Wiktionary	https://en.wiktionary.org/wiki/evoke	CC BY-SA 3.0
5343	surrender	Wiktionary	https://en.wiktionary.org/wiki/surrender	CC BY-SA 3.0
4932	sailor	Wiktionary	https://en.wiktionary.org/wiki/sailor	CC BY-SA 3.0
2624	compensate	Wiktionary	https://en.wiktionary.org/wiki/compensate	CC BY-SA 3.0
3630	hover	Wiktionary	https://en.wiktionary.org/wiki/hover	CC BY-SA 3.0
4708	ray	Wiktionary	https://en.wiktionary.org/wiki/ray	CC BY-SA 3.0
5083	sketch	Wiktionary	https://en.wiktionary.org/wiki/sketch	CC BY-SA 3.0
2535	clarify	Wiktionary	https://en.wiktionary.org/wiki/clarify	CC BY-SA 3.0
2758	copper	Wiktionary	https://en.wiktionary.org/wiki/copper	CC BY-SA 3.0
5280	strive	Wiktionary	https://en.wiktionary.org/wiki/strive	CC BY-SA 3.0
4187	neglect	Wiktionary	https://en.wiktionary.org/wiki/neglect	CC BY-SA 3.0
5605	ward	Wiktionary	https://en.wiktionary.org/wiki/ward	CC BY-SA 3.0
5608	warfare	Wiktionary	https://en.wiktionary.org/wiki/warfare	CC BY-SA 3.0
4061	medieval	Wiktionary	https://en.wiktionary.org/wiki/medieval	CC BY-SA 3.0
3876	knot	Wiktionary	https://en.wiktionary.org/wiki/knot	CC BY-SA 3.0
2351	bow	Wiktionary	https://en.wiktionary.org/wiki/bow	CC BY-SA 3.0
5457	tilt	Wiktionary	https://en.wiktionary.org/wiki/tilt	CC BY-SA 3.0
4132	monetary	Wiktionary	https://en.wiktionary.org/wiki/monetary	CC BY-SA 3.0
4632	prosperity	Wiktionary	https://en.wiktionary.org/wiki/prosperity	CC BY-SA 3.0
1981	accumulate	Wiktionary	https://en.wiktionary.org/wiki/accumulate	CC BY-SA 3.0
3126	embody	Wiktionary	https://en.wiktionary.org/wiki/embody	CC BY-SA 3.0
4921	rug	Wiktionary	https://en.wiktionary.org/wiki/rug	CC BY-SA 3.0
3062	dull	Wiktionary	https://en.wiktionary.org/wiki/dull	CC BY-SA 3.0
3809	intervene	Wiktionary	https://en.wiktionary.org/wiki/intervene	CC BY-SA 3.0
3294	fake	Wiktionary	https://en.wiktionary.org/wiki/fake	CC BY-SA 3.0
3666	illustration	Wiktionary	https://en.wiktionary.org/wiki/illustration	CC BY-SA 3.0
5665	worthy	Wiktionary	https://en.wiktionary.org/wiki/worthy	CC BY-SA 3.0
2430	capitalism	Wiktionary	https://en.wiktionary.org/wiki/capitalism	CC BY-SA 3.0
4588	probability	Wiktionary	https://en.wiktionary.org/wiki/probability	CC BY-SA 3.0
4027	manuscript	Wiktionary	https://en.wiktionary.org/wiki/manuscript	CC BY-SA 3.0
5113	smash	Wiktionary	https://en.wiktionary.org/wiki/smash	CC BY-SA 3.0
3299	fancy	Wiktionary	https://en.wiktionary.org/wiki/fancy	CC BY-SA 3.0
4139	morality	Wiktionary	https://en.wiktionary.org/wiki/morality	CC BY-SA 3.0
2028	advertise	Wiktionary	https://en.wiktionary.org/wiki/advertise	CC BY-SA 3.0
5195	sponsor	Wiktionary	https://en.wiktionary.org/wiki/sponsor	CC BY-SA 3.0
4068	memo	Wiktionary	https://en.wiktionary.org/wiki/memo	CC BY-SA 3.0
4026	manufacture	Wiktionary	https://en.wiktionary.org/wiki/manufacture	CC BY-SA 3.0
2037	affection	Wiktionary	https://en.wiktionary.org/wiki/affection	CC BY-SA 3.0
4447	philosopher	Wiktionary	https://en.wiktionary.org/wiki/philosopher	CC BY-SA 3.0
2565	clutch	Wiktionary	https://en.wiktionary.org/wiki/clutch	CC BY-SA 3.0
2365	breakdown	Wiktionary	https://en.wiktionary.org/wiki/breakdown	CC BY-SA 3.0
2651	conceal	Wiktionary	https://en.wiktionary.org/wiki/conceal	CC BY-SA 3.0
2832	curl	Wiktionary	https://en.wiktionary.org/wiki/curl	CC BY-SA 3.0
2935	destiny	Wiktionary	https://en.wiktionary.org/wiki/destiny	CC BY-SA 3.0
3956	literacy	Wiktionary	https://en.wiktionary.org/wiki/literacy	CC BY-SA 3.0
5142	solo	Wiktionary	https://en.wiktionary.org/wiki/solo	CC BY-SA 3.0
4369	parliament	Wiktionary	https://en.wiktionary.org/wiki/parliament	CC BY-SA 3.0
3585	herd	Wiktionary	https://en.wiktionary.org/wiki/herd	CC BY-SA 3.0
3514	greenhouse	Wiktionary	https://en.wiktionary.org/wiki/greenhouse	CC BY-SA 3.0
3246	expenditure	Wiktionary	https://en.wiktionary.org/wiki/expenditure	CC BY-SA 3.0
5117	snack	Wiktionary	https://en.wiktionary.org/wiki/snack	CC BY-SA 3.0
3149	ending	Wiktionary	https://en.wiktionary.org/wiki/ending	CC BY-SA 3.0
5486	tragedy	Wiktionary	https://en.wiktionary.org/wiki/tragedy	CC BY-SA 3.0
3024	divorce	Wiktionary	https://en.wiktionary.org/wiki/divorce	CC BY-SA 3.0
5332	supplement	Wiktionary	https://en.wiktionary.org/wiki/supplement	CC BY-SA 3.0
3013	distress	Wiktionary	https://en.wiktionary.org/wiki/distress	CC BY-SA 3.0
4361	paradigm	Wiktionary	https://en.wiktionary.org/wiki/paradigm	CC BY-SA 3.0
4069	memorial	Wiktionary	https://en.wiktionary.org/wiki/memorial	CC BY-SA 3.0
3591	hierarchy	Wiktionary	https://en.wiktionary.org/wiki/hierarchy	CC BY-SA 3.0
3728	infect	Wiktionary	https://en.wiktionary.org/wiki/infect	CC BY-SA 3.0
2235	backward	Wiktionary	https://en.wiktionary.org/wiki/backward	CC BY-SA 3.0
4257	offend	Wiktionary	https://en.wiktionary.org/wiki/offend	CC BY-SA 3.0
2970	diplomatic	Wiktionary	https://en.wiktionary.org/wiki/diplomatic	CC BY-SA 3.0
2128	appetite	Wiktionary	https://en.wiktionary.org/wiki/appetite	CC BY-SA 3.0
5368	sympathetic	Wiktionary	https://en.wiktionary.org/wiki/sympathetic	CC BY-SA 3.0
5176	spectator	Wiktionary	https://en.wiktionary.org/wiki/spectator	CC BY-SA 3.0
2892	delegate	Wiktionary	https://en.wiktionary.org/wiki/delegate	CC BY-SA 3.0
2463	cautious	Wiktionary	https://en.wiktionary.org/wiki/cautious	CC BY-SA 3.0
4548	prejudice	Wiktionary	https://en.wiktionary.org/wiki/prejudice	CC BY-SA 3.0
2478	certificate	Wiktionary	https://en.wiktionary.org/wiki/certificate	CC BY-SA 3.0
4898	robe	Wiktionary	https://en.wiktionary.org/wiki/robe	CC BY-SA 3.0
2924	designate	Wiktionary	https://en.wiktionary.org/wiki/designate	CC BY-SA 3.0
2000	acute	Wiktionary	https://en.wiktionary.org/wiki/acute	CC BY-SA 3.0
4147	motel	Wiktionary	https://en.wiktionary.org/wiki/motel	CC BY-SA 3.0
2954	diameter	Wiktionary	https://en.wiktionary.org/wiki/diameter	CC BY-SA 3.0
4541	predecessor	Wiktionary	https://en.wiktionary.org/wiki/predecessor	CC BY-SA 3.0
3720	induce	Wiktionary	https://en.wiktionary.org/wiki/induce	CC BY-SA 3.0
3864	juvenile	Wiktionary	https://en.wiktionary.org/wiki/juvenile	CC BY-SA 3.0
3496	gown	Wiktionary	https://en.wiktionary.org/wiki/gown	CC BY-SA 3.0
3541	halt	Wiktionary	https://en.wiktionary.org/wiki/halt	CC BY-SA 3.0
3236	exile	Wiktionary	https://en.wiktionary.org/wiki/exile	CC BY-SA 3.0
4896	roar	Wiktionary	https://en.wiktionary.org/wiki/roar	CC BY-SA 3.0
5480	torture	Wiktionary	https://en.wiktionary.org/wiki/torture	CC BY-SA 3.0
2516	chorus	Wiktionary	https://en.wiktionary.org/wiki/chorus	CC BY-SA 3.0
4874	revive	Wiktionary	https://en.wiktionary.org/wiki/revive	CC BY-SA 3.0
2594	comic	Wiktionary	https://en.wiktionary.org/wiki/comic	CC BY-SA 3.0
4870	revenge	Wiktionary	https://en.wiktionary.org/wiki/revenge	CC BY-SA 3.0
2462	caution	Wiktionary	https://en.wiktionary.org/wiki/caution	CC BY-SA 3.0
4297	originate	Wiktionary	https://en.wiktionary.org/wiki/originate	CC BY-SA 3.0
3998	lure	Wiktionary	https://en.wiktionary.org/wiki/lure	CC BY-SA 3.0
2629	compile	Wiktionary	https://en.wiktionary.org/wiki/compile	CC BY-SA 3.0
3506	graphic	Wiktionary	https://en.wiktionary.org/wiki/graphic	CC BY-SA 3.0
5654	witch	Wiktionary	https://en.wiktionary.org/wiki/witch	CC BY-SA 3.0
4208	notable	Wiktionary	https://en.wiktionary.org/wiki/notable	CC BY-SA 3.0
3392	fortunate	Wiktionary	https://en.wiktionary.org/wiki/fortunate	CC BY-SA 3.0
3002	disrupt	Wiktionary	https://en.wiktionary.org/wiki/disrupt	CC BY-SA 3.0
2600	commerce	Wiktionary	https://en.wiktionary.org/wiki/commerce	CC BY-SA 3.0
4698	rap	Wiktionary	https://en.wiktionary.org/wiki/rap	CC BY-SA 3.0
2925	desirable	Wiktionary	https://en.wiktionary.org/wiki/desirable	CC BY-SA 3.0
5102	slim	Wiktionary	https://en.wiktionary.org/wiki/slim	CC BY-SA 3.0
3919	legacy	Wiktionary	https://en.wiktionary.org/wiki/legacy	CC BY-SA 3.0
3396	fossil	Wiktionary	https://en.wiktionary.org/wiki/fossil	CC BY-SA 3.0
2062	allege	Wiktionary	https://en.wiktionary.org/wiki/allege	CC BY-SA 3.0
2060	alert	Wiktionary	https://en.wiktionary.org/wiki/alert	CC BY-SA 3.0
2196	attain	Wiktionary	https://en.wiktionary.org/wiki/attain	CC BY-SA 3.0
3644	hut	Wiktionary	https://en.wiktionary.org/wiki/hut	CC BY-SA 3.0
2250	banner	Wiktionary	https://en.wiktionary.org/wiki/banner	CC BY-SA 3.0
2673	confine	Wiktionary	https://en.wiktionary.org/wiki/confine	CC BY-SA 3.0
4300	orthodox	Wiktionary	https://en.wiktionary.org/wiki/orthodox	CC BY-SA 3.0
4256	odor	Wiktionary	https://en.wiktionary.org/wiki/odor	CC BY-SA 3.0
4304	outbreak	Wiktionary	https://en.wiktionary.org/wiki/outbreak	CC BY-SA 3.0
3518	grim	Wiktionary	https://en.wiktionary.org/wiki/grim	CC BY-SA 3.0
4605	profitable	Wiktionary	https://en.wiktionary.org/wiki/profitable	CC BY-SA 3.0
4078	merge	Wiktionary	https://en.wiktionary.org/wiki/merge	CC BY-SA 3.0
2742	convenient	Wiktionary	https://en.wiktionary.org/wiki/convenient	CC BY-SA 3.0
1972	accommodation	Wiktionary	https://en.wiktionary.org/wiki/accommodation	CC BY-SA 3.0
5426	theft	Wiktionary	https://en.wiktionary.org/wiki/theft	CC BY-SA 3.0
2786	courtesy	Wiktionary	https://en.wiktionary.org/wiki/courtesy	CC BY-SA 3.0
5306	subway	Wiktionary	https://en.wiktionary.org/wiki/subway	CC BY-SA 3.0
4411	penetrate	Wiktionary	https://en.wiktionary.org/wiki/penetrate	CC BY-SA 3.0
3663	illuminate	Wiktionary	https://en.wiktionary.org/wiki/illuminate	CC BY-SA 3.0
4366	parameter	Wiktionary	https://en.wiktionary.org/wiki/parameter	CC BY-SA 3.0
2422	canal	Wiktionary	https://en.wiktionary.org/wiki/canal	CC BY-SA 3.0
3354	flaw	Wiktionary	https://en.wiktionary.org/wiki/flaw	CC BY-SA 3.0
4519	posture	Wiktionary	https://en.wiktionary.org/wiki/posture	CC BY-SA 3.0
5378	systematic	Wiktionary	https://en.wiktionary.org/wiki/systematic	CC BY-SA 3.0
4773	rehearsal	Wiktionary	https://en.wiktionary.org/wiki/rehearsal	CC BY-SA 3.0
4720	reassure	Wiktionary	https://en.wiktionary.org/wiki/reassure	CC BY-SA 3.0
2977	discard	Wiktionary	https://en.wiktionary.org/wiki/discard	CC BY-SA 3.0
5534	tub	Wiktionary	https://en.wiktionary.org/wiki/tub	CC BY-SA 3.0
4856	restraint	Wiktionary	https://en.wiktionary.org/wiki/restraint	CC BY-SA 3.0
4630	prospective	Wiktionary	https://en.wiktionary.org/wiki/prospective	CC BY-SA 3.0
2765	correspond	Wiktionary	https://en.wiktionary.org/wiki/correspond	CC BY-SA 3.0
3067	duration	Wiktionary	https://en.wiktionary.org/wiki/duration	CC BY-SA 3.0
5461	tin	Wiktionary	https://en.wiktionary.org/wiki/tin	CC BY-SA 3.0
2381	bronze	Wiktionary	https://en.wiktionary.org/wiki/bronze	CC BY-SA 3.0
1958	abundance	Wiktionary	https://en.wiktionary.org/wiki/abundance	CC BY-SA 3.0
4626	proposition	Wiktionary	https://en.wiktionary.org/wiki/proposition	CC BY-SA 3.0
2928	despair	Wiktionary	https://en.wiktionary.org/wiki/despair	CC BY-SA 3.0
2199	attendant	Wiktionary	https://en.wiktionary.org/wiki/attendant	CC BY-SA 3.0
3422	fulfill	Wiktionary	https://en.wiktionary.org/wiki/fulfill	CC BY-SA 3.0
5309	successor	Wiktionary	https://en.wiktionary.org/wiki/successor	CC BY-SA 3.0
2536	clarity	Wiktionary	https://en.wiktionary.org/wiki/clarity	CC BY-SA 3.0
4128	moisture	Wiktionary	https://en.wiktionary.org/wiki/moisture	CC BY-SA 3.0
2732	contradiction	Wiktionary	https://en.wiktionary.org/wiki/contradiction	CC BY-SA 3.0
3492	gorgeous	Wiktionary	https://en.wiktionary.org/wiki/gorgeous	CC BY-SA 3.0
5030	shatter	Wiktionary	https://en.wiktionary.org/wiki/shatter	CC BY-SA 3.0
2922	descent	Wiktionary	https://en.wiktionary.org/wiki/descent	CC BY-SA 3.0
5226	startle	Wiktionary	https://en.wiktionary.org/wiki/startle	CC BY-SA 3.0
4577	prince	Wiktionary	https://en.wiktionary.org/wiki/prince	CC BY-SA 3.0
5600	waiter	Wiktionary	https://en.wiktionary.org/wiki/waiter	CC BY-SA 3.0
5463	tip	Wiktionary	https://en.wiktionary.org/wiki/tip	CC BY-SA 3.0
4539	precision	Wiktionary	https://en.wiktionary.org/wiki/precision	CC BY-SA 3.0
4887	rigid	Wiktionary	https://en.wiktionary.org/wiki/rigid	CC BY-SA 3.0
4997	semester	Wiktionary	https://en.wiktionary.org/wiki/semester	CC BY-SA 3.0
5539	tumble	Wiktionary	https://en.wiktionary.org/wiki/tumble	CC BY-SA 3.0
4911	rotate	Wiktionary	https://en.wiktionary.org/wiki/rotate	CC BY-SA 3.0
4006	magnificent	Wiktionary	https://en.wiktionary.org/wiki/magnificent	CC BY-SA 3.0
2398	bump	Wiktionary	https://en.wiktionary.org/wiki/bump	CC BY-SA 3.0
4571	prey	Wiktionary	https://en.wiktionary.org/wiki/prey	CC BY-SA 3.0
3173	enthusiastic	Wiktionary	https://en.wiktionary.org/wiki/enthusiastic	CC BY-SA 3.0
4403	peculiar	Wiktionary	https://en.wiktionary.org/wiki/peculiar	CC BY-SA 3.0
2207	audit	Wiktionary	https://en.wiktionary.org/wiki/audit	CC BY-SA 3.0
1953	absent	Wiktionary	https://en.wiktionary.org/wiki/absent	CC BY-SA 3.0
4173	namely	Wiktionary	https://en.wiktionary.org/wiki/namely	CC BY-SA 3.0
4324	overhead	Wiktionary	https://en.wiktionary.org/wiki/overhead	CC BY-SA 3.0
3428	furious	Wiktionary	https://en.wiktionary.org/wiki/furious	CC BY-SA 3.0
5567	undoubtedly	Wiktionary	https://en.wiktionary.org/wiki/undoubtedly	CC BY-SA 3.0
4264	omit	Wiktionary	https://en.wiktionary.org/wiki/omit	CC BY-SA 3.0
4241	obsession	Wiktionary	https://en.wiktionary.org/wiki/obsession	CC BY-SA 3.0
2847	damp	Wiktionary	https://en.wiktionary.org/wiki/damp	CC BY-SA 3.0
2477	certainty	Wiktionary	https://en.wiktionary.org/wiki/certainty	CC BY-SA 3.0
4227	nutrition	Wiktionary	https://en.wiktionary.org/wiki/nutrition	CC BY-SA 3.0
4086	microphone	Wiktionary	https://en.wiktionary.org/wiki/microphone	CC BY-SA 3.0
2505	cherry	Wiktionary	https://en.wiktionary.org/wiki/cherry	CC BY-SA 3.0
3999	luxury	Wiktionary	https://en.wiktionary.org/wiki/luxury	CC BY-SA 3.0
4051	meadow	Wiktionary	https://en.wiktionary.org/wiki/meadow	CC BY-SA 3.0
1978	accordingly	Wiktionary	https://en.wiktionary.org/wiki/accordingly	CC BY-SA 3.0
2888	defy	Wiktionary	https://en.wiktionary.org/wiki/defy	CC BY-SA 3.0
3883	lamb	Wiktionary	https://en.wiktionary.org/wiki/lamb	CC BY-SA 3.0
4971	scrap	Wiktionary	https://en.wiktionary.org/wiki/scrap	CC BY-SA 3.0
5405	tempt	Wiktionary	https://en.wiktionary.org/wiki/tempt	CC BY-SA 3.0
2870	declaration	Wiktionary	https://en.wiktionary.org/wiki/declaration	CC BY-SA 3.0
4534	precede	Wiktionary	https://en.wiktionary.org/wiki/precede	CC BY-SA 3.0
5331	supervise	Wiktionary	https://en.wiktionary.org/wiki/supervise	CC BY-SA 3.0
5516	triangle	Wiktionary	https://en.wiktionary.org/wiki/triangle	CC BY-SA 3.0
5302	substitute	Wiktionary	https://en.wiktionary.org/wiki/substitute	CC BY-SA 3.0
4535	precedent	Wiktionary	https://en.wiktionary.org/wiki/precedent	CC BY-SA 3.0
3200	eternal	Wiktionary	https://en.wiktionary.org/wiki/eternal	CC BY-SA 3.0
4224	nursery	Wiktionary	https://en.wiktionary.org/wiki/nursery	CC BY-SA 3.0
4044	mat	Wiktionary	https://en.wiktionary.org/wiki/mat	CC BY-SA 3.0
3615	hop	Wiktionary	https://en.wiktionary.org/wiki/hop	CC BY-SA 3.0
3674	immense	Wiktionary	https://en.wiktionary.org/wiki/immense	CC BY-SA 3.0
2166	ashamed	Wiktionary	https://en.wiktionary.org/wiki/ashamed	CC BY-SA 3.0
3123	embarrass	Wiktionary	https://en.wiktionary.org/wiki/embarrass	CC BY-SA 3.0
2230	awkward	Wiktionary	https://en.wiktionary.org/wiki/awkward	CC BY-SA 3.0
2859	dean	Wiktionary	https://en.wiktionary.org/wiki/dean	CC BY-SA 3.0
3777	instrumental	Wiktionary	https://en.wiktionary.org/wiki/instrumental	CC BY-SA 3.0
4201	noble	Wiktionary	https://en.wiktionary.org/wiki/noble	CC BY-SA 3.0
2190	astronaut	Wiktionary	https://en.wiktionary.org/wiki/astronaut	CC BY-SA 3.0
3365	flu	Wiktionary	https://en.wiktionary.org/wiki/flu	CC BY-SA 3.0
3020	divert	Wiktionary	https://en.wiktionary.org/wiki/divert	CC BY-SA 3.0
5440	thoughtful	Wiktionary	https://en.wiktionary.org/wiki/thoughtful	CC BY-SA 3.0
4379	passive	Wiktionary	https://en.wiktionary.org/wiki/passive	CC BY-SA 3.0
4133	monopoly	Wiktionary	https://en.wiktionary.org/wiki/monopoly	CC BY-SA 3.0
5323	summon	Wiktionary	https://en.wiktionary.org/wiki/summon	CC BY-SA 3.0
2070	aloud	Wiktionary	https://en.wiktionary.org/wiki/aloud	CC BY-SA 3.0
2956	dictate	Wiktionary	https://en.wiktionary.org/wiki/dictate	CC BY-SA 3.0
2520	cigar	Wiktionary	https://en.wiktionary.org/wiki/cigar	CC BY-SA 3.0
2368	breed	Wiktionary	https://en.wiktionary.org/wiki/breed	CC BY-SA 3.0
5169	species	Wiktionary	https://en.wiktionary.org/wiki/species	CC BY-SA 3.0
2187	assurance	Wiktionary	https://en.wiktionary.org/wiki/assurance	CC BY-SA 3.0
4118	mob	Wiktionary	https://en.wiktionary.org/wiki/mob	CC BY-SA 3.0
5626	weep	Wiktionary	https://en.wiktionary.org/wiki/weep	CC BY-SA 3.0
5077	sip	Wiktionary	https://en.wiktionary.org/wiki/sip	CC BY-SA 3.0
5160	span	Wiktionary	https://en.wiktionary.org/wiki/span	CC BY-SA 3.0
3951	linger	Wiktionary	https://en.wiktionary.org/wiki/linger	CC BY-SA 3.0
5564	underneath	Wiktionary	https://en.wiktionary.org/wiki/underneath	CC BY-SA 3.0
3124	embassy	Wiktionary	https://en.wiktionary.org/wiki/embassy	CC BY-SA 3.0
4469	plantation	Wiktionary	https://en.wiktionary.org/wiki/plantation	CC BY-SA 3.0
4565	presume	Wiktionary	https://en.wiktionary.org/wiki/presume	CC BY-SA 3.0
3220	excess	Wiktionary	https://en.wiktionary.org/wiki/excess	CC BY-SA 3.0
2706	constituent	Wiktionary	https://en.wiktionary.org/wiki/constituent	CC BY-SA 3.0
2843	dairy	Wiktionary	https://en.wiktionary.org/wiki/dairy	CC BY-SA 3.0
2836	curse	Wiktionary	https://en.wiktionary.org/wiki/curse	CC BY-SA 3.0
3281	fabulous	Wiktionary	https://en.wiktionary.org/wiki/fabulous	CC BY-SA 3.0
3807	intersection	Wiktionary	https://en.wiktionary.org/wiki/intersection	CC BY-SA 3.0
2877	deed	Wiktionary	https://en.wiktionary.org/wiki/deed	CC BY-SA 3.0
4106	miserable	Wiktionary	https://en.wiktionary.org/wiki/miserable	CC BY-SA 3.0
4000	machinery	Wiktionary	https://en.wiktionary.org/wiki/machinery	CC BY-SA 3.0
3774	institute	Wiktionary	https://en.wiktionary.org/wiki/institute	CC BY-SA 3.0
5415	terminal	Wiktionary	https://en.wiktionary.org/wiki/terminal	CC BY-SA 3.0
3552	harbor	Wiktionary	https://en.wiktionary.org/wiki/harbor	CC BY-SA 3.0
3658	ignorance	Wiktionary	https://en.wiktionary.org/wiki/ignorance	CC BY-SA 3.0
2078	amateur	Wiktionary	https://en.wiktionary.org/wiki/amateur	CC BY-SA 3.0
3948	linear	Wiktionary	https://en.wiktionary.org/wiki/linear	CC BY-SA 3.0
2382	brow	Wiktionary	https://en.wiktionary.org/wiki/brow	CC BY-SA 3.0
2110	ant	Wiktionary	https://en.wiktionary.org/wiki/ant	CC BY-SA 3.0
5663	worship	Wiktionary	https://en.wiktionary.org/wiki/worship	CC BY-SA 3.0
2576	coincidence	Wiktionary	https://en.wiktionary.org/wiki/coincidence	CC BY-SA 3.0
3326	feminine	Wiktionary	https://en.wiktionary.org/wiki/feminine	CC BY-SA 3.0
2937	destructive	Wiktionary	https://en.wiktionary.org/wiki/destructive	CC BY-SA 3.0
4813	repetition	Wiktionary	https://en.wiktionary.org/wiki/repetition	CC BY-SA 3.0
5538	tuition	Wiktionary	https://en.wiktionary.org/wiki/tuition	CC BY-SA 3.0
3021	dividend	Wiktionary	https://en.wiktionary.org/wiki/dividend	CC BY-SA 3.0
2258	bark	Wiktionary	https://en.wiktionary.org/wiki/bark	CC BY-SA 3.0
3304	fascinate	Wiktionary	https://en.wiktionary.org/wiki/fascinate	CC BY-SA 3.0
3461	generator	Wiktionary	https://en.wiktionary.org/wiki/generator	CC BY-SA 3.0
5207	stab	Wiktionary	https://en.wiktionary.org/wiki/stab	CC BY-SA 3.0
3698	incidence	Wiktionary	https://en.wiktionary.org/wiki/incidence	CC BY-SA 3.0
4619	propaganda	Wiktionary	https://en.wiktionary.org/wiki/propaganda	CC BY-SA 3.0
2771	corrupt	Wiktionary	https://en.wiktionary.org/wiki/corrupt	CC BY-SA 3.0
5439	thorough	Wiktionary	https://en.wiktionary.org/wiki/thorough	CC BY-SA 3.0
5173	specimen	Wiktionary	https://en.wiktionary.org/wiki/specimen	CC BY-SA 3.0
4238	obscure	Wiktionary	https://en.wiktionary.org/wiki/obscure	CC BY-SA 3.0
5174	spectacle	Wiktionary	https://en.wiktionary.org/wiki/spectacle	CC BY-SA 3.0
5446	thrill	Wiktionary	https://en.wiktionary.org/wiki/thrill	CC BY-SA 3.0
3890	laptop	Wiktionary	https://en.wiktionary.org/wiki/laptop	CC BY-SA 3.0
5503	transparent	Wiktionary	https://en.wiktionary.org/wiki/transparent	CC BY-SA 3.0
3783	integral	Wiktionary	https://en.wiktionary.org/wiki/integral	CC BY-SA 3.0
4848	respective	Wiktionary	https://en.wiktionary.org/wiki/respective	CC BY-SA 3.0
2524	circulate	Wiktionary	https://en.wiktionary.org/wiki/circulate	CC BY-SA 3.0
3377	forecast	Wiktionary	https://en.wiktionary.org/wiki/forecast	CC BY-SA 3.0
3078	Easter	Wiktionary	https://en.wiktionary.org/wiki/Easter	CC BY-SA 3.0
4363	paragraph	Wiktionary	https://en.wiktionary.org/wiki/paragraph	CC BY-SA 3.0
4742	recreation	Wiktionary	https://en.wiktionary.org/wiki/recreation	CC BY-SA 3.0
5406	temptation	Wiktionary	https://en.wiktionary.org/wiki/temptation	CC BY-SA 3.0
4835	reservoir	Wiktionary	https://en.wiktionary.org/wiki/reservoir	CC BY-SA 3.0
3316	feast	Wiktionary	https://en.wiktionary.org/wiki/feast	CC BY-SA 3.0
3742	inhabitant	Wiktionary	https://en.wiktionary.org/wiki/inhabitant	CC BY-SA 3.0
5263	strap	Wiktionary	https://en.wiktionary.org/wiki/strap	CC BY-SA 3.0
5150	sophomore	Wiktionary	https://en.wiktionary.org/wiki/sophomore	CC BY-SA 3.0
4021	manifest	Wiktionary	https://en.wiktionary.org/wiki/manifest	CC BY-SA 3.0
3188	erosion	Wiktionary	https://en.wiktionary.org/wiki/erosion	CC BY-SA 3.0
3937	lick	Wiktionary	https://en.wiktionary.org/wiki/lick	CC BY-SA 3.0
3655	idiot	Wiktionary	https://en.wiktionary.org/wiki/idiot	CC BY-SA 3.0
5292	subjective	Wiktionary	https://en.wiktionary.org/wiki/subjective	CC BY-SA 3.0
2880	defect	Wiktionary	https://en.wiktionary.org/wiki/defect	CC BY-SA 3.0
1980	accountant	Wiktionary	https://en.wiktionary.org/wiki/accountant	CC BY-SA 3.0
4339	owl	Wiktionary	https://en.wiktionary.org/wiki/owl	CC BY-SA 3.0
2766	correspondence	Wiktionary	https://en.wiktionary.org/wiki/correspondence	CC BY-SA 3.0
5230	static	Wiktionary	https://en.wiktionary.org/wiki/static	CC BY-SA 3.0
4205	nonsense	Wiktionary	https://en.wiktionary.org/wiki/nonsense	CC BY-SA 3.0
3535	gum	Wiktionary	https://en.wiktionary.org/wiki/gum	CC BY-SA 3.0
5436	thesis	Wiktionary	https://en.wiktionary.org/wiki/thesis	CC BY-SA 3.0
2206	audio	Wiktionary	https://en.wiktionary.org/wiki/audio	CC BY-SA 3.0
4501	ponder	Wiktionary	https://en.wiktionary.org/wiki/ponder	CC BY-SA 3.0
2634	complicate	Wiktionary	https://en.wiktionary.org/wiki/complicate	CC BY-SA 3.0
3987	lounge	Wiktionary	https://en.wiktionary.org/wiki/lounge	CC BY-SA 3.0
5255	stool	Wiktionary	https://en.wiktionary.org/wiki/stool	CC BY-SA 3.0
2854	daylight	Wiktionary	https://en.wiktionary.org/wiki/daylight	CC BY-SA 3.0
2400	bundle	Wiktionary	https://en.wiktionary.org/wiki/bundle	CC BY-SA 3.0
3949	linen	Wiktionary	https://en.wiktionary.org/wiki/linen	CC BY-SA 3.0
3373	footstep	Wiktionary	https://en.wiktionary.org/wiki/footstep	CC BY-SA 3.0
4739	recorder	Wiktionary	https://en.wiktionary.org/wiki/recorder	CC BY-SA 3.0
3116	elevate	Wiktionary	https://en.wiktionary.org/wiki/elevate	CC BY-SA 3.0
3986	lottery	Wiktionary	https://en.wiktionary.org/wiki/lottery	CC BY-SA 3.0
3414	fringe	Wiktionary	https://en.wiktionary.org/wiki/fringe	CC BY-SA 3.0
3573	hedge	Wiktionary	https://en.wiktionary.org/wiki/hedge	CC BY-SA 3.0
3917	lease	Wiktionary	https://en.wiktionary.org/wiki/lease	CC BY-SA 3.0
2131	appliance	Wiktionary	https://en.wiktionary.org/wiki/appliance	CC BY-SA 3.0
2471	census	Wiktionary	https://en.wiktionary.org/wiki/census	CC BY-SA 3.0
4009	maid	Wiktionary	https://en.wiktionary.org/wiki/maid	CC BY-SA 3.0
4159	murmur	Wiktionary	https://en.wiktionary.org/wiki/murmur	CC BY-SA 3.0
2526	circus	Wiktionary	https://en.wiktionary.org/wiki/circus	CC BY-SA 3.0
1995	acrobat	Wiktionary	https://en.wiktionary.org/wiki/acrobat	CC BY-SA 3.0
3453	gauge	Wiktionary	https://en.wiktionary.org/wiki/gauge	CC BY-SA 3.0
3741	inhabit	Wiktionary	https://en.wiktionary.org/wiki/inhabit	CC BY-SA 3.0
4677	quota	Wiktionary	https://en.wiktionary.org/wiki/quota	CC BY-SA 3.0
3219	excerpt	Wiktionary	https://en.wiktionary.org/wiki/excerpt	CC BY-SA 3.0
5274	stride	Wiktionary	https://en.wiktionary.org/wiki/stride	CC BY-SA 3.0
4097	miniature	Wiktionary	https://en.wiktionary.org/wiki/miniature	CC BY-SA 3.0
4892	ripe	Wiktionary	https://en.wiktionary.org/wiki/ripe	CC BY-SA 3.0
5107	slogan	Wiktionary	https://en.wiktionary.org/wiki/slogan	CC BY-SA 3.0
1975	accord	Wiktionary	https://en.wiktionary.org/wiki/accord	CC BY-SA 3.0
2221	avenue	Wiktionary	https://en.wiktionary.org/wiki/avenue	CC BY-SA 3.0
4030	marginal	Wiktionary	https://en.wiktionary.org/wiki/marginal	CC BY-SA 3.0
4155	mug	Wiktionary	https://en.wiktionary.org/wiki/mug	CC BY-SA 3.0
4198	nickname	Wiktionary	https://en.wiktionary.org/wiki/nickname	CC BY-SA 3.0
3540	hail	Wiktionary	https://en.wiktionary.org/wiki/hail	CC BY-SA 3.0
3448	garment	Wiktionary	https://en.wiktionary.org/wiki/garment	CC BY-SA 3.0
3719	indoor	Wiktionary	https://en.wiktionary.org/wiki/indoor	CC BY-SA 3.0
4210	notify	Wiktionary	https://en.wiktionary.org/wiki/notify	CC BY-SA 3.0
3233	exert	Wiktionary	https://en.wiktionary.org/wiki/exert	CC BY-SA 3.0
3870	kindergarten	Wiktionary	https://en.wiktionary.org/wiki/kindergarten	CC BY-SA 3.0
2475	cereal	Wiktionary	https://en.wiktionary.org/wiki/cereal	CC BY-SA 3.0
5005	sensible	Wiktionary	https://en.wiktionary.org/wiki/sensible	CC BY-SA 3.0
4302	ought	Wiktionary	https://en.wiktionary.org/wiki/ought	CC BY-SA 3.0
2795	crazy	Wiktionary	https://en.wiktionary.org/wiki/crazy	CC BY-SA 3.0
4526	practical	Wiktionary	https://en.wiktionary.org/wiki/practical	CC BY-SA 3.0
4048	mature	Wiktionary	https://en.wiktionary.org/wiki/mature	CC BY-SA 3.0
3400	fracture	Wiktionary	https://en.wiktionary.org/wiki/fracture	CC BY-SA 3.0
2233	bachelor	Wiktionary	https://en.wiktionary.org/wiki/bachelor	CC BY-SA 3.0
3635	humble	Wiktionary	https://en.wiktionary.org/wiki/humble	CC BY-SA 3.0
2921	descendant	Wiktionary	https://en.wiktionary.org/wiki/descendant	CC BY-SA 3.0
4958	scarf	Wiktionary	https://en.wiktionary.org/wiki/scarf	CC BY-SA 3.0
4018	mammal	Wiktionary	https://en.wiktionary.org/wiki/mammal	CC BY-SA 3.0
2537	clash	Wiktionary	https://en.wiktionary.org/wiki/clash	CC BY-SA 3.0
3671	imitate	Wiktionary	https://en.wiktionary.org/wiki/imitate	CC BY-SA 3.0
4212	notorious	Wiktionary	https://en.wiktionary.org/wiki/notorious	CC BY-SA 3.0
5244	stereo	Wiktionary	https://en.wiktionary.org/wiki/stereo	CC BY-SA 3.0
3168	entail	Wiktionary	https://en.wiktionary.org/wiki/entail	CC BY-SA 3.0
3148	endeavor	Wiktionary	https://en.wiktionary.org/wiki/endeavor	CC BY-SA 3.0
2799	credential	Wiktionary	https://en.wiktionary.org/wiki/credential	CC BY-SA 3.0
3359	fling	Wiktionary	https://en.wiktionary.org/wiki/fling	CC BY-SA 3.0
3587	heroic	Wiktionary	https://en.wiktionary.org/wiki/heroic	CC BY-SA 3.0
3577	heir	Wiktionary	https://en.wiktionary.org/wiki/heir	CC BY-SA 3.0
4261	offset	Wiktionary	https://en.wiktionary.org/wiki/offset	CC BY-SA 3.0
2244	bald	Wiktionary	https://en.wiktionary.org/wiki/bald	CC BY-SA 3.0
5260	straightforward	Wiktionary	https://en.wiktionary.org/wiki/straightforward	CC BY-SA 3.0
3781	insure	Wiktionary	https://en.wiktionary.org/wiki/insure	CC BY-SA 3.0
4334	overturn	Wiktionary	https://en.wiktionary.org/wiki/overturn	CC BY-SA 3.0
2916	deprive	Wiktionary	https://en.wiktionary.org/wiki/deprive	CC BY-SA 3.0
3314	fearful	Wiktionary	https://en.wiktionary.org/wiki/fearful	CC BY-SA 3.0
4063	meditation	Wiktionary	https://en.wiktionary.org/wiki/meditation	CC BY-SA 3.0
3363	flourish	Wiktionary	https://en.wiktionary.org/wiki/flourish	CC BY-SA 3.0
5223	standpoint	Wiktionary	https://en.wiktionary.org/wiki/standpoint	CC BY-SA 3.0
5140	solidarity	Wiktionary	https://en.wiktionary.org/wiki/solidarity	CC BY-SA 3.0
4253	occurrence	Wiktionary	https://en.wiktionary.org/wiki/occurrence	CC BY-SA 3.0
4930	saddle	Wiktionary	https://en.wiktionary.org/wiki/saddle	CC BY-SA 3.0
4616	prone	Wiktionary	https://en.wiktionary.org/wiki/prone	CC BY-SA 3.0
1959	abundant	Wiktionary	https://en.wiktionary.org/wiki/abundant	CC BY-SA 3.0
3542	hammer	Wiktionary	https://en.wiktionary.org/wiki/hammer	CC BY-SA 3.0
3387	formidable	Wiktionary	https://en.wiktionary.org/wiki/formidable	CC BY-SA 3.0
4119	mobilize	Wiktionary	https://en.wiktionary.org/wiki/mobilize	CC BY-SA 3.0
4032	marital	Wiktionary	https://en.wiktionary.org/wiki/marital	CC BY-SA 3.0
5342	surplus	Wiktionary	https://en.wiktionary.org/wiki/surplus	CC BY-SA 3.0
5623	wedge	Wiktionary	https://en.wiktionary.org/wiki/wedge	CC BY-SA 3.0
3074	eagle	Wiktionary	https://en.wiktionary.org/wiki/eagle	CC BY-SA 3.0
3016	disturbance	Wiktionary	https://en.wiktionary.org/wiki/disturbance	CC BY-SA 3.0
5412	tense	Wiktionary	https://en.wiktionary.org/wiki/tense	CC BY-SA 3.0
3924	leisure	Wiktionary	https://en.wiktionary.org/wiki/leisure	CC BY-SA 3.0
4636	prototype	Wiktionary	https://en.wiktionary.org/wiki/prototype	CC BY-SA 3.0
1991	acquaintance	Wiktionary	https://en.wiktionary.org/wiki/acquaintance	CC BY-SA 3.0
2616	comparative	Wiktionary	https://en.wiktionary.org/wiki/comparative	CC BY-SA 3.0
2722	contempt	Wiktionary	https://en.wiktionary.org/wiki/contempt	CC BY-SA 3.0
4126	module	Wiktionary	https://en.wiktionary.org/wiki/module	CC BY-SA 3.0
2088	ample	Wiktionary	https://en.wiktionary.org/wiki/ample	CC BY-SA 3.0
5279	stripe	Wiktionary	https://en.wiktionary.org/wiki/stripe	CC BY-SA 3.0
3379	foremost	Wiktionary	https://en.wiktionary.org/wiki/foremost	CC BY-SA 3.0
5152	sorrow	Wiktionary	https://en.wiktionary.org/wiki/sorrow	CC BY-SA 3.0
3516	grief	Wiktionary	https://en.wiktionary.org/wiki/grief	CC BY-SA 3.0
4107	misery	Wiktionary	https://en.wiktionary.org/wiki/misery	CC BY-SA 3.0
3213	exaggerate	Wiktionary	https://en.wiktionary.org/wiki/exaggerate	CC BY-SA 3.0
2146	arch	Wiktionary	https://en.wiktionary.org/wiki/arch	CC BY-SA 3.0
3515	greeting	Wiktionary	https://en.wiktionary.org/wiki/greeting	CC BY-SA 3.0
3847	jealous	Wiktionary	https://en.wiktionary.org/wiki/jealous	CC BY-SA 3.0
5356	swamp	Wiktionary	https://en.wiktionary.org/wiki/swamp	CC BY-SA 3.0
2241	bait	Wiktionary	https://en.wiktionary.org/wiki/bait	CC BY-SA 3.0
5151	sore	Wiktionary	https://en.wiktionary.org/wiki/sore	CC BY-SA 3.0
2894	deliberate	Wiktionary	https://en.wiktionary.org/wiki/deliberate	CC BY-SA 3.0
3187	erect	Wiktionary	https://en.wiktionary.org/wiki/erect	CC BY-SA 3.0
2883	deficiency	Wiktionary	https://en.wiktionary.org/wiki/deficiency	CC BY-SA 3.0
4193	nephew	Wiktionary	https://en.wiktionary.org/wiki/nephew	CC BY-SA 3.0
3477	glare	Wiktionary	https://en.wiktionary.org/wiki/glare	CC BY-SA 3.0
2331	blur	Wiktionary	https://en.wiktionary.org/wiki/blur	CC BY-SA 3.0
3291	fairy	Wiktionary	https://en.wiktionary.org/wiki/fairy	CC BY-SA 3.0
2075	altitude	Wiktionary	https://en.wiktionary.org/wiki/altitude	CC BY-SA 3.0
3550	handy	Wiktionary	https://en.wiktionary.org/wiki/handy	CC BY-SA 3.0
2959	differentiate	Wiktionary	https://en.wiktionary.org/wiki/differentiate	CC BY-SA 3.0
2577	collaborate	Wiktionary	https://en.wiktionary.org/wiki/collaborate	CC BY-SA 3.0
5307	succession	Wiktionary	https://en.wiktionary.org/wiki/succession	CC BY-SA 3.0
4801	remnant	Wiktionary	https://en.wiktionary.org/wiki/remnant	CC BY-SA 3.0
4730	recite	Wiktionary	https://en.wiktionary.org/wiki/recite	CC BY-SA 3.0
3799	interference	Wiktionary	https://en.wiktionary.org/wiki/interference	CC BY-SA 3.0
5192	spoil	Wiktionary	https://en.wiktionary.org/wiki/spoil	CC BY-SA 3.0
4080	mess	Wiktionary	https://en.wiktionary.org/wiki/mess	CC BY-SA 3.0
2543	clause	Wiktionary	https://en.wiktionary.org/wiki/clause	CC BY-SA 3.0
2396	bulletin	Wiktionary	https://en.wiktionary.org/wiki/bulletin	CC BY-SA 3.0
2849	darling	Wiktionary	https://en.wiktionary.org/wiki/darling	CC BY-SA 3.0
3084	ecology	Wiktionary	https://en.wiktionary.org/wiki/ecology	CC BY-SA 3.0
4832	resent	Wiktionary	https://en.wiktionary.org/wiki/resent	CC BY-SA 3.0
2327	blossom	Wiktionary	https://en.wiktionary.org/wiki/blossom	CC BY-SA 3.0
1968	accessory	Wiktionary	https://en.wiktionary.org/wiki/accessory	CC BY-SA 3.0
4443	petty	Wiktionary	https://en.wiktionary.org/wiki/petty	CC BY-SA 3.0
4040	massacre	Wiktionary	https://en.wiktionary.org/wiki/massacre	CC BY-SA 3.0
5513	trench	Wiktionary	https://en.wiktionary.org/wiki/trench	CC BY-SA 3.0
5637	whistle	Wiktionary	https://en.wiktionary.org/wiki/whistle	CC BY-SA 3.0
2191	astronomy	Wiktionary	https://en.wiktionary.org/wiki/astronomy	CC BY-SA 3.0
5081	skeleton	Wiktionary	https://en.wiktionary.org/wiki/skeleton	CC BY-SA 3.0
3327	ferry	Wiktionary	https://en.wiktionary.org/wiki/ferry	CC BY-SA 3.0
5431	thereafter	Wiktionary	https://en.wiktionary.org/wiki/thereafter	CC BY-SA 3.0
3611	honey	Wiktionary	https://en.wiktionary.org/wiki/honey	CC BY-SA 3.0
4419	perfection	Wiktionary	https://en.wiktionary.org/wiki/perfection	CC BY-SA 3.0
4089	migrate	Wiktionary	https://en.wiktionary.org/wiki/migrate	CC BY-SA 3.0
3865	keen	Wiktionary	https://en.wiktionary.org/wiki/keen	CC BY-SA 3.0
4292	orient	Wiktionary	https://en.wiktionary.org/wiki/orient	CC BY-SA 3.0
3668	imaginary	Wiktionary	https://en.wiktionary.org/wiki/imaginary	CC BY-SA 3.0
2232	axis	Wiktionary	https://en.wiktionary.org/wiki/axis	CC BY-SA 3.0
4047	mathematical	Wiktionary	https://en.wiktionary.org/wiki/mathematical	CC BY-SA 3.0
4262	offspring	Wiktionary	https://en.wiktionary.org/wiki/offspring	CC BY-SA 3.0
4455	pillar	Wiktionary	https://en.wiktionary.org/wiki/pillar	CC BY-SA 3.0
2008	adhere	Wiktionary	https://en.wiktionary.org/wiki/adhere	CC BY-SA 3.0
4725	receipt	Wiktionary	https://en.wiktionary.org/wiki/receipt	CC BY-SA 3.0
5568	uneasy	Wiktionary	https://en.wiktionary.org/wiki/uneasy	CC BY-SA 3.0
4862	retention	Wiktionary	https://en.wiktionary.org/wiki/retention	CC BY-SA 3.0
4081	messenger	Wiktionary	https://en.wiktionary.org/wiki/messenger	CC BY-SA 3.0
4393	pavement	Wiktionary	https://en.wiktionary.org/wiki/pavement	CC BY-SA 3.0
4127	moist	Wiktionary	https://en.wiktionary.org/wiki/moist	CC BY-SA 3.0
4518	postpone	Wiktionary	https://en.wiktionary.org/wiki/postpone	CC BY-SA 3.0
2619	compartment	Wiktionary	https://en.wiktionary.org/wiki/compartment	CC BY-SA 3.0
3779	insult	Wiktionary	https://en.wiktionary.org/wiki/insult	CC BY-SA 3.0
3122	embark	Wiktionary	https://en.wiktionary.org/wiki/embark	CC BY-SA 3.0
2326	bloom	Wiktionary	https://en.wiktionary.org/wiki/bloom	CC BY-SA 3.0
2380	brochure	Wiktionary	https://en.wiktionary.org/wiki/brochure	CC BY-SA 3.0
2355	brace	Wiktionary	https://en.wiktionary.org/wiki/brace	CC BY-SA 3.0
3361	flock	Wiktionary	https://en.wiktionary.org/wiki/flock	CC BY-SA 3.0
4888	rigorous	Wiktionary	https://en.wiktionary.org/wiki/rigorous	CC BY-SA 3.0
4319	oval	Wiktionary	https://en.wiktionary.org/wiki/oval	CC BY-SA 3.0
5594	voyage	Wiktionary	https://en.wiktionary.org/wiki/voyage	CC BY-SA 3.0
4620	propel	Wiktionary	https://en.wiktionary.org/wiki/propel	CC BY-SA 3.0
3011	distort	Wiktionary	https://en.wiktionary.org/wiki/distort	CC BY-SA 3.0
5566	undo	Wiktionary	https://en.wiktionary.org/wiki/undo	CC BY-SA 3.0
5220	stalk	Wiktionary	https://en.wiktionary.org/wiki/stalk	CC BY-SA 3.0
3812	intimidate	Wiktionary	https://en.wiktionary.org/wiki/intimidate	CC BY-SA 3.0
2268	batch	Wiktionary	https://en.wiktionary.org/wiki/batch	CC BY-SA 3.0
3879	lace	Wiktionary	https://en.wiktionary.org/wiki/lace	CC BY-SA 3.0
3983	lord	Wiktionary	https://en.wiktionary.org/wiki/lord	CC BY-SA 3.0
2009	adjacent	Wiktionary	https://en.wiktionary.org/wiki/adjacent	CC BY-SA 3.0
2456	catastrophe	Wiktionary	https://en.wiktionary.org/wiki/catastrophe	CC BY-SA 3.0
5656	withhold	Wiktionary	https://en.wiktionary.org/wiki/withhold	CC BY-SA 3.0
2575	coincide	Wiktionary	https://en.wiktionary.org/wiki/coincide	CC BY-SA 3.0
5494	transcend	Wiktionary	https://en.wiktionary.org/wiki/transcend	CC BY-SA 3.0
4841	resistant	Wiktionary	https://en.wiktionary.org/wiki/resistant	CC BY-SA 3.0
3192	escort	Wiktionary	https://en.wiktionary.org/wiki/escort	CC BY-SA 3.0
4688	rag	Wiktionary	https://en.wiktionary.org/wiki/rag	CC BY-SA 3.0
4347	pact	Wiktionary	https://en.wiktionary.org/wiki/pact	CC BY-SA 3.0
5065	signify	Wiktionary	https://en.wiktionary.org/wiki/signify	CC BY-SA 3.0
4237	oblige	Wiktionary	https://en.wiktionary.org/wiki/oblige	CC BY-SA 3.0
4563	prestige	Wiktionary	https://en.wiktionary.org/wiki/prestige	CC BY-SA 3.0
3952	linguistic	Wiktionary	https://en.wiktionary.org/wiki/linguistic	CC BY-SA 3.0
5215	stain	Wiktionary	https://en.wiktionary.org/wiki/stain	CC BY-SA 3.0
2534	clap	Wiktionary	https://en.wiktionary.org/wiki/clap	CC BY-SA 3.0
2130	applause	Wiktionary	https://en.wiktionary.org/wiki/applause	CC BY-SA 3.0
2129	applaud	Wiktionary	https://en.wiktionary.org/wiki/applaud	CC BY-SA 3.0
2277	bearing	Wiktionary	https://en.wiktionary.org/wiki/bearing	CC BY-SA 3.0
3886	landlord	Wiktionary	https://en.wiktionary.org/wiki/landlord	CC BY-SA 3.0
2828	curb	Wiktionary	https://en.wiktionary.org/wiki/curb	CC BY-SA 3.0
2641	composite	Wiktionary	https://en.wiktionary.org/wiki/composite	CC BY-SA 3.0
2683	conquer	Wiktionary	https://en.wiktionary.org/wiki/conquer	CC BY-SA 3.0
3743	inhale	Wiktionary	https://en.wiktionary.org/wiki/inhale	CC BY-SA 3.0
3390	forthcoming	Wiktionary	https://en.wiktionary.org/wiki/forthcoming	CC BY-SA 3.0
5644	width	Wiktionary	https://en.wiktionary.org/wiki/width	CC BY-SA 3.0
2523	circular	Wiktionary	https://en.wiktionary.org/wiki/circular	CC BY-SA 3.0
5078	siren	Wiktionary	https://en.wiktionary.org/wiki/siren	CC BY-SA 3.0
5619	weary	Wiktionary	https://en.wiktionary.org/wiki/weary	CC BY-SA 3.0
2631	complement	Wiktionary	https://en.wiktionary.org/wiki/complement	CC BY-SA 3.0
2065	allocate	Wiktionary	https://en.wiktionary.org/wiki/allocate	CC BY-SA 3.0
4094	millionaire	Wiktionary	https://en.wiktionary.org/wiki/millionaire	CC BY-SA 3.0
4153	mourn	Wiktionary	https://en.wiktionary.org/wiki/mourn	CC BY-SA 3.0
4955	scarce	Wiktionary	https://en.wiktionary.org/wiki/scarce	CC BY-SA 3.0
2253	barbecue	Wiktionary	https://en.wiktionary.org/wiki/barbecue	CC BY-SA 3.0
2886	definite	Wiktionary	https://en.wiktionary.org/wiki/definite	CC BY-SA 3.0
4217	nowadays	Wiktionary	https://en.wiktionary.org/wiki/nowadays	CC BY-SA 3.0
2996	displace	Wiktionary	https://en.wiktionary.org/wiki/displace	CC BY-SA 3.0
2987	discriminate	Wiktionary	https://en.wiktionary.org/wiki/discriminate	CC BY-SA 3.0
5485	trademark	Wiktionary	https://en.wiktionary.org/wiki/trademark	CC BY-SA 3.0
5141	solitary	Wiktionary	https://en.wiktionary.org/wiki/solitary	CC BY-SA 3.0
4795	remainder	Wiktionary	https://en.wiktionary.org/wiki/remainder	CC BY-SA 3.0
2238	badge	Wiktionary	https://en.wiktionary.org/wiki/badge	CC BY-SA 3.0
4183	navy	Wiktionary	https://en.wiktionary.org/wiki/navy	CC BY-SA 3.0
4091	military	Wiktionary	https://en.wiktionary.org/wiki/military	CC BY-SA 3.0
4181	naval	Wiktionary	https://en.wiktionary.org/wiki/naval	CC BY-SA 3.0
5057	siege	Wiktionary	https://en.wiktionary.org/wiki/siege	CC BY-SA 3.0
2991	dislike	Wiktionary	https://en.wiktionary.org/wiki/dislike	CC BY-SA 3.0
3562	hatred	Wiktionary	https://en.wiktionary.org/wiki/hatred	CC BY-SA 3.0
5586	void	Wiktionary	https://en.wiktionary.org/wiki/void	CC BY-SA 3.0
4855	restrain	Wiktionary	https://en.wiktionary.org/wiki/restrain	CC BY-SA 3.0
2298	beverage	Wiktionary	https://en.wiktionary.org/wiki/beverage	CC BY-SA 3.0
3973	lodge	Wiktionary	https://en.wiktionary.org/wiki/lodge	CC BY-SA 3.0
4452	pierce	Wiktionary	https://en.wiktionary.org/wiki/pierce	CC BY-SA 3.0
3721	indulge	Wiktionary	https://en.wiktionary.org/wiki/indulge	CC BY-SA 3.0
5341	surpass	Wiktionary	https://en.wiktionary.org/wiki/surpass	CC BY-SA 3.0
3732	infinite	Wiktionary	https://en.wiktionary.org/wiki/infinite	CC BY-SA 3.0
3493	gossip	Wiktionary	https://en.wiktionary.org/wiki/gossip	CC BY-SA 3.0
4161	muscular	Wiktionary	https://en.wiktionary.org/wiki/muscular	CC BY-SA 3.0
2731	contradict	Wiktionary	https://en.wiktionary.org/wiki/contradict	CC BY-SA 3.0
2986	discrepancy	Wiktionary	https://en.wiktionary.org/wiki/discrepancy	CC BY-SA 3.0
3996	lunar	Wiktionary	https://en.wiktionary.org/wiki/lunar	CC BY-SA 3.0
5075	sincere	Wiktionary	https://en.wiktionary.org/wiki/sincere	CC BY-SA 3.0
3165	enrich	Wiktionary	https://en.wiktionary.org/wiki/enrich	CC BY-SA 3.0
3017	ditch	Wiktionary	https://en.wiktionary.org/wiki/ditch	CC BY-SA 3.0
3964	loaf	Wiktionary	https://en.wiktionary.org/wiki/loaf	CC BY-SA 3.0
4578	princess	Wiktionary	https://en.wiktionary.org/wiki/princess	CC BY-SA 3.0
2643	comprehend	Wiktionary	https://en.wiktionary.org/wiki/comprehend	CC BY-SA 3.0
4918	royalty	Wiktionary	https://en.wiktionary.org/wiki/royalty	CC BY-SA 3.0
3202	evacuate	Wiktionary	https://en.wiktionary.org/wiki/evacuate	CC BY-SA 3.0
2038	affiliate	Wiktionary	https://en.wiktionary.org/wiki/affiliate	CC BY-SA 3.0
2544	claw	Wiktionary	https://en.wiktionary.org/wiki/claw	CC BY-SA 3.0
2458	cater	Wiktionary	https://en.wiktionary.org/wiki/cater	CC BY-SA 3.0
2676	conform	Wiktionary	https://en.wiktionary.org/wiki/conform	CC BY-SA 3.0
5664	worthwhile	Wiktionary	https://en.wiktionary.org/wiki/worthwhile	CC BY-SA 3.0
2388	bud	Wiktionary	https://en.wiktionary.org/wiki/bud	CC BY-SA 3.0
2122	apparatus	Wiktionary	https://en.wiktionary.org/wiki/apparatus	CC BY-SA 3.0
5658	withstand	Wiktionary	https://en.wiktionary.org/wiki/withstand	CC BY-SA 3.0
4569	prevalent	Wiktionary	https://en.wiktionary.org/wiki/prevalent	CC BY-SA 3.0
4956	scarcely	Wiktionary	https://en.wiktionary.org/wiki/scarcely	CC BY-SA 3.0
3994	lumber	Wiktionary	https://en.wiktionary.org/wiki/lumber	CC BY-SA 3.0
5092	slack	Wiktionary	https://en.wiktionary.org/wiki/slack	CC BY-SA 3.0
2572	coherent	Wiktionary	https://en.wiktionary.org/wiki/coherent	CC BY-SA 3.0
3867	kidnap	Wiktionary	https://en.wiktionary.org/wiki/kidnap	CC BY-SA 3.0
3076	earnest	Wiktionary	https://en.wiktionary.org/wiki/earnest	CC BY-SA 3.0
2144	apt	Wiktionary	https://en.wiktionary.org/wiki/apt	CC BY-SA 3.0
5069	simplicity	Wiktionary	https://en.wiktionary.org/wiki/simplicity	CC BY-SA 3.0
5224	staple	Wiktionary	https://en.wiktionary.org/wiki/staple	CC BY-SA 3.0
2622	compatible	Wiktionary	https://en.wiktionary.org/wiki/compatible	CC BY-SA 3.0
3346	fixture	Wiktionary	https://en.wiktionary.org/wiki/fixture	CC BY-SA 3.0
2479	certify	Wiktionary	https://en.wiktionary.org/wiki/certify	CC BY-SA 3.0
4072	merchandise	Wiktionary	https://en.wiktionary.org/wiki/merchandise	CC BY-SA 3.0
3216	excel	Wiktionary	https://en.wiktionary.org/wiki/excel	CC BY-SA 3.0
2330	blunt	Wiktionary	https://en.wiktionary.org/wiki/blunt	CC BY-SA 3.0
3508	gratitude	Wiktionary	https://en.wiktionary.org/wiki/gratitude	CC BY-SA 3.0
3134	emperor	Wiktionary	https://en.wiktionary.org/wiki/emperor	CC BY-SA 3.0
3683	imperial	Wiktionary	https://en.wiktionary.org/wiki/imperial	CC BY-SA 3.0
5523	triple	Wiktionary	https://en.wiktionary.org/wiki/triple	CC BY-SA 3.0
2414	cafeteria	Wiktionary	https://en.wiktionary.org/wiki/cafeteria	CC BY-SA 3.0
2080	ambiguous	Wiktionary	https://en.wiktionary.org/wiki/ambiguous	CC BY-SA 3.0
3613	honorable	Wiktionary	https://en.wiktionary.org/wiki/honorable	CC BY-SA 3.0
3571	heap	Wiktionary	https://en.wiktionary.org/wiki/heap	CC BY-SA 3.0
3729	infectious	Wiktionary	https://en.wiktionary.org/wiki/infectious	CC BY-SA 3.0
2610	communism	Wiktionary	https://en.wiktionary.org/wiki/communism	CC BY-SA 3.0
4536	preceding	Wiktionary	https://en.wiktionary.org/wiki/preceding	CC BY-SA 3.0
4533	precaution	Wiktionary	https://en.wiktionary.org/wiki/precaution	CC BY-SA 3.0
4664	qualitative	Wiktionary	https://en.wiktionary.org/wiki/qualitative	CC BY-SA 3.0
3737	infrared	Wiktionary	https://en.wiktionary.org/wiki/infrared	CC BY-SA 3.0
2229	awe	Wiktionary	https://en.wiktionary.org/wiki/awe	CC BY-SA 3.0
2111	antenna	Wiktionary	https://en.wiktionary.org/wiki/antenna	CC BY-SA 3.0
4473	plausible	Wiktionary	https://en.wiktionary.org/wiki/plausible	CC BY-SA 3.0
3153	energetic	Wiktionary	https://en.wiktionary.org/wiki/energetic	CC BY-SA 3.0
5434	thermal	Wiktionary	https://en.wiktionary.org/wiki/thermal	CC BY-SA 3.0
2702	consolidate	Wiktionary	https://en.wiktionary.org/wiki/consolidate	CC BY-SA 3.0
2906	dental	Wiktionary	https://en.wiktionary.org/wiki/dental	CC BY-SA 3.0
4175	napkin	Wiktionary	https://en.wiktionary.org/wiki/napkin	CC BY-SA 3.0
2040	affluent	Wiktionary	https://en.wiktionary.org/wiki/affluent	CC BY-SA 3.0
3522	groan	Wiktionary	https://en.wiktionary.org/wiki/groan	CC BY-SA 3.0
3069	dwell	Wiktionary	https://en.wiktionary.org/wiki/dwell	CC BY-SA 3.0
4090	militant	Wiktionary	https://en.wiktionary.org/wiki/militant	CC BY-SA 3.0
5477	torch	Wiktionary	https://en.wiktionary.org/wiki/torch	CC BY-SA 3.0
3565	hay	Wiktionary	https://en.wiktionary.org/wiki/hay	CC BY-SA 3.0
3068	dwarf	Wiktionary	https://en.wiktionary.org/wiki/dwarf	CC BY-SA 3.0
5416	terminate	Wiktionary	https://en.wiktionary.org/wiki/terminate	CC BY-SA 3.0
4020	maneuver	Wiktionary	https://en.wiktionary.org/wiki/maneuver	CC BY-SA 3.0
3632	huddle	Wiktionary	https://en.wiktionary.org/wiki/huddle	CC BY-SA 3.0
4462	pirate	Wiktionary	https://en.wiktionary.org/wiki/pirate	CC BY-SA 3.0
5668	wreck	Wiktionary	https://en.wiktionary.org/wiki/wreck	CC BY-SA 3.0
4037	masculine	Wiktionary	https://en.wiktionary.org/wiki/masculine	CC BY-SA 3.0
2999	disposition	Wiktionary	https://en.wiktionary.org/wiki/disposition	CC BY-SA 3.0
5126	sob	Wiktionary	https://en.wiktionary.org/wiki/sob	CC BY-SA 3.0
5132	socialism	Wiktionary	https://en.wiktionary.org/wiki/socialism	CC BY-SA 3.0
4654	puppet	Wiktionary	https://en.wiktionary.org/wiki/puppet	CC BY-SA 3.0
2975	disastrous	Wiktionary	https://en.wiktionary.org/wiki/disastrous	CC BY-SA 3.0
5449	throne	Wiktionary	https://en.wiktionary.org/wiki/throne	CC BY-SA 3.0
4283	orchard	Wiktionary	https://en.wiktionary.org/wiki/orchard	CC BY-SA 3.0
4023	mankind	Wiktionary	https://en.wiktionary.org/wiki/mankind	CC BY-SA 3.0
2240	baggage	Wiktionary	https://en.wiktionary.org/wiki/baggage	CC BY-SA 3.0
5013	setback	Wiktionary	https://en.wiktionary.org/wiki/setback	CC BY-SA 3.0
4853	restless	Wiktionary	https://en.wiktionary.org/wiki/restless	CC BY-SA 3.0
3993	luggage	Wiktionary	https://en.wiktionary.org/wiki/luggage	CC BY-SA 3.0
3642	hurl	Wiktionary	https://en.wiktionary.org/wiki/hurl	CC BY-SA 3.0
3412	friction	Wiktionary	https://en.wiktionary.org/wiki/friction	CC BY-SA 3.0
3430	furnish	Wiktionary	https://en.wiktionary.org/wiki/furnish	CC BY-SA 3.0
2032	aerial	Wiktionary	https://en.wiktionary.org/wiki/aerial	CC BY-SA 3.0
4633	prosperous	Wiktionary	https://en.wiktionary.org/wiki/prosperous	CC BY-SA 3.0
3474	giggle	Wiktionary	https://en.wiktionary.org/wiki/giggle	CC BY-SA 3.0
3869	kin	Wiktionary	https://en.wiktionary.org/wiki/kin	CC BY-SA 3.0
5392	tariff	Wiktionary	https://en.wiktionary.org/wiki/tariff	CC BY-SA 3.0
3659	ignorant	Wiktionary	https://en.wiktionary.org/wiki/ignorant	CC BY-SA 3.0
2989	disguise	Wiktionary	https://en.wiktionary.org/wiki/disguise	CC BY-SA 3.0
3561	hatch	Wiktionary	https://en.wiktionary.org/wiki/hatch	CC BY-SA 3.0
2968	dine	Wiktionary	https://en.wiktionary.org/wiki/dine	CC BY-SA 3.0
2084	amend	Wiktionary	https://en.wiktionary.org/wiki/amend	CC BY-SA 3.0
5056	sideways	Wiktionary	https://en.wiktionary.org/wiki/sideways	CC BY-SA 3.0
3672	imitation	Wiktionary	https://en.wiktionary.org/wiki/imitation	CC BY-SA 3.0
2459	cathedral	Wiktionary	https://en.wiktionary.org/wiki/cathedral	CC BY-SA 3.0
4996	selfish	Wiktionary	https://en.wiktionary.org/wiki/selfish	CC BY-SA 3.0
2073	alternate	Wiktionary	https://en.wiktionary.org/wiki/alternate	CC BY-SA 3.0
3657	ignite	Wiktionary	https://en.wiktionary.org/wiki/ignite	CC BY-SA 3.0
2397	bully	Wiktionary	https://en.wiktionary.org/wiki/bully	CC BY-SA 3.0
4878	revolve	Wiktionary	https://en.wiktionary.org/wiki/revolve	CC BY-SA 3.0
3746	inhibit	Wiktionary	https://en.wiktionary.org/wiki/inhibit	CC BY-SA 3.0
4478	plight	Wiktionary	https://en.wiktionary.org/wiki/plight	CC BY-SA 3.0
2995	disperse	Wiktionary	https://en.wiktionary.org/wiki/disperse	CC BY-SA 3.0
3608	hollow	Wiktionary	https://en.wiktionary.org/wiki/hollow	CC BY-SA 3.0
5127	sober	Wiktionary	https://en.wiktionary.org/wiki/sober	CC BY-SA 3.0
4950	saw	Wiktionary	https://en.wiktionary.org/wiki/saw	CC BY-SA 3.0
4644	pub	Wiktionary	https://en.wiktionary.org/wiki/pub	CC BY-SA 3.0
4692	rainbow	Wiktionary	https://en.wiktionary.org/wiki/rainbow	CC BY-SA 3.0
4002	madame	Wiktionary	https://en.wiktionary.org/wiki/madame	CC BY-SA 3.0
3815	intrinsic	Wiktionary	https://en.wiktionary.org/wiki/intrinsic	CC BY-SA 3.0
2768	corresponding	Wiktionary	https://en.wiktionary.org/wiki/corresponding	CC BY-SA 3.0
4174	nap	Wiktionary	https://en.wiktionary.org/wiki/nap	CC BY-SA 3.0
4558	presently	Wiktionary	https://en.wiktionary.org/wiki/presently	CC BY-SA 3.0
5227	starve	Wiktionary	https://en.wiktionary.org/wiki/starve	CC BY-SA 3.0
3679	impair	Wiktionary	https://en.wiktionary.org/wiki/impair	CC BY-SA 3.0
3328	fertile	Wiktionary	https://en.wiktionary.org/wiki/fertile	CC BY-SA 3.0
4733	reclaim	Wiktionary	https://en.wiktionary.org/wiki/reclaim	CC BY-SA 3.0
4627	prose	Wiktionary	https://en.wiktionary.org/wiki/prose	CC BY-SA 3.0
5459	timely	Wiktionary	https://en.wiktionary.org/wiki/timely	CC BY-SA 3.0
3037	doom	Wiktionary	https://en.wiktionary.org/wiki/doom	CC BY-SA 3.0
1949	abolish	Wiktionary	https://en.wiktionary.org/wiki/abolish	CC BY-SA 3.0
1969	accidental	Wiktionary	https://en.wiktionary.org/wiki/accidental	CC BY-SA 3.0
3935	liberate	Wiktionary	https://en.wiktionary.org/wiki/liberate	CC BY-SA 3.0
4622	prophet	Wiktionary	https://en.wiktionary.org/wiki/prophet	CC BY-SA 3.0
3019	diversion	Wiktionary	https://en.wiktionary.org/wiki/diversion	CC BY-SA 3.0
3511	graze	Wiktionary	https://en.wiktionary.org/wiki/graze	CC BY-SA 3.0
3731	inferior	Wiktionary	https://en.wiktionary.org/wiki/inferior	CC BY-SA 3.0
4299	orphan	Wiktionary	https://en.wiktionary.org/wiki/orphan	CC BY-SA 3.0
2063	alleviate	Wiktionary	https://en.wiktionary.org/wiki/alleviate	CC BY-SA 3.0
3755	inn	Wiktionary	https://en.wiktionary.org/wiki/inn	CC BY-SA 3.0
2585	colonel	Wiktionary	https://en.wiktionary.org/wiki/colonel	CC BY-SA 3.0
3161	enlarge	Wiktionary	https://en.wiktionary.org/wiki/enlarge	CC BY-SA 3.0
3191	escalate	Wiktionary	https://en.wiktionary.org/wiki/escalate	CC BY-SA 3.0
5285	stubborn	Wiktionary	https://en.wiktionary.org/wiki/stubborn	CC BY-SA 3.0
4120	mock	Wiktionary	https://en.wiktionary.org/wiki/mock	CC BY-SA 3.0
2269	bathe	Wiktionary	https://en.wiktionary.org/wiki/bathe	CC BY-SA 3.0
2223	avert	Wiktionary	https://en.wiktionary.org/wiki/avert	CC BY-SA 3.0
2940	detain	Wiktionary	https://en.wiktionary.org/wiki/detain	CC BY-SA 3.0
2145	arbitrary	Wiktionary	https://en.wiktionary.org/wiki/arbitrary	CC BY-SA 3.0
4830	resemblance	Wiktionary	https://en.wiktionary.org/wiki/resemblance	CC BY-SA 3.0
2681	conjunction	Wiktionary	https://en.wiktionary.org/wiki/conjunction	CC BY-SA 3.0
2328	blueprint	Wiktionary	https://en.wiktionary.org/wiki/blueprint	CC BY-SA 3.0
2637	compliment	Wiktionary	https://en.wiktionary.org/wiki/compliment	CC BY-SA 3.0
2048	agony	Wiktionary	https://en.wiktionary.org/wiki/agony	CC BY-SA 3.0
3315	feasible	Wiktionary	https://en.wiktionary.org/wiki/feasible	CC BY-SA 3.0
2132	applicable	Wiktionary	https://en.wiktionary.org/wiki/applicable	CC BY-SA 3.0
2408	bypass	Wiktionary	https://en.wiktionary.org/wiki/bypass	CC BY-SA 3.0
4717	reap	Wiktionary	https://en.wiktionary.org/wiki/reap	CC BY-SA 3.0
5560	underlie	Wiktionary	https://en.wiktionary.org/wiki/underlie	CC BY-SA 3.0
2158	arrogant	Wiktionary	https://en.wiktionary.org/wiki/arrogant	CC BY-SA 3.0
3060	dubious	Wiktionary	https://en.wiktionary.org/wiki/dubious	CC BY-SA 3.0
3380	foresee	Wiktionary	https://en.wiktionary.org/wiki/foresee	CC BY-SA 3.0
4550	premier	Wiktionary	https://en.wiktionary.org/wiki/premier	CC BY-SA 3.0
4774	reign	Wiktionary	https://en.wiktionary.org/wiki/reign	CC BY-SA 3.0
4388	patriotic	Wiktionary	https://en.wiktionary.org/wiki/patriotic	CC BY-SA 3.0
4521	poultry	Wiktionary	https://en.wiktionary.org/wiki/poultry	CC BY-SA 3.0
4117	moan	Wiktionary	https://en.wiktionary.org/wiki/moan	CC BY-SA 3.0
5112	smart	Wiktionary	https://en.wiktionary.org/wiki/smart	CC BY-SA 3.0
4667	quantitative	Wiktionary	https://en.wiktionary.org/wiki/quantitative	CC BY-SA 3.0
2468	cellar	Wiktionary	https://en.wiktionary.org/wiki/cellar	CC BY-SA 3.0
4724	recede	Wiktionary	https://en.wiktionary.org/wiki/recede	CC BY-SA 3.0
1950	abound	Wiktionary	https://en.wiktionary.org/wiki/abound	CC BY-SA 3.0
2066	allowance	Wiktionary	https://en.wiktionary.org/wiki/allowance	CC BY-SA 3.0
4043	masterpiece	Wiktionary	https://en.wiktionary.org/wiki/masterpiece	CC BY-SA 3.0
3871	kindness	Wiktionary	https://en.wiktionary.org/wiki/kindness	CC BY-SA 3.0
2698	consideration	Wiktionary	https://en.wiktionary.org/wiki/consideration	CC BY-SA 3.0
2493	charity	Wiktionary	https://en.wiktionary.org/wiki/charity	CC BY-SA 3.0
3634	humanity	Wiktionary	https://en.wiktionary.org/wiki/humanity	CC BY-SA 3.0
4075	mercy	Wiktionary	https://en.wiktionary.org/wiki/mercy	CC BY-SA 3.0
2978	discern	Wiktionary	https://en.wiktionary.org/wiki/discern	CC BY-SA 3.0
2020	adore	Wiktionary	https://en.wiktionary.org/wiki/adore	CC BY-SA 3.0
3043	dove	Wiktionary	https://en.wiktionary.org/wiki/dove	CC BY-SA 3.0
3398	foul	Wiktionary	https://en.wiktionary.org/wiki/foul	CC BY-SA 3.0
4309	outing	Wiktionary	https://en.wiktionary.org/wiki/outing	CC BY-SA 3.0
3796	intercourse	Wiktionary	https://en.wiktionary.org/wiki/intercourse	CC BY-SA 3.0
5414	tentative	Wiktionary	https://en.wiktionary.org/wiki/tentative	CC BY-SA 3.0
5641	wicked	Wiktionary	https://en.wiktionary.org/wiki/wicked	CC BY-SA 3.0
4368	parcel	Wiktionary	https://en.wiktionary.org/wiki/parcel	CC BY-SA 3.0
3151	endurance	Wiktionary	https://en.wiktionary.org/wiki/endurance	CC BY-SA 3.0
2709	constrain	Wiktionary	https://en.wiktionary.org/wiki/constrain	CC BY-SA 3.0
4298	ornament	Wiktionary	https://en.wiktionary.org/wiki/ornament	CC BY-SA 3.0
4178	nationality	Wiktionary	https://en.wiktionary.org/wiki/nationality	CC BY-SA 3.0
5328	superiority	Wiktionary	https://en.wiktionary.org/wiki/superiority	CC BY-SA 3.0
4812	repertoire	Wiktionary	https://en.wiktionary.org/wiki/repertoire	CC BY-SA 3.0
4404	pedal	Wiktionary	https://en.wiktionary.org/wiki/pedal	CC BY-SA 3.0
3231	exemplify	Wiktionary	https://en.wiktionary.org/wiki/exemplify	CC BY-SA 3.0
2644	comprehension	Wiktionary	https://en.wiktionary.org/wiki/comprehension	CC BY-SA 3.0
2650	compute	Wiktionary	https://en.wiktionary.org/wiki/compute	CC BY-SA 3.0
2170	aspire	Wiktionary	https://en.wiktionary.org/wiki/aspire	CC BY-SA 3.0
5171	specification	Wiktionary	https://en.wiktionary.org/wiki/specification	CC BY-SA 3.0
3875	knob	Wiktionary	https://en.wiktionary.org/wiki/knob	CC BY-SA 3.0
4197	nickel	Wiktionary	https://en.wiktionary.org/wiki/nickel	CC BY-SA 3.0
5648	wink	Wiktionary	https://en.wiktionary.org/wiki/wink	CC BY-SA 3.0
5072	simulate	Wiktionary	https://en.wiktionary.org/wiki/simulate	CC BY-SA 3.0
3814	intrigue	Wiktionary	https://en.wiktionary.org/wiki/intrigue	CC BY-SA 3.0
2568	coarse	Wiktionary	https://en.wiktionary.org/wiki/coarse	CC BY-SA 3.0
5179	spelling	Wiktionary	https://en.wiktionary.org/wiki/spelling	CC BY-SA 3.0
5606	wardrobe	Wiktionary	https://en.wiktionary.org/wiki/wardrobe	CC BY-SA 3.0
3564	hawk	Wiktionary	https://en.wiktionary.org/wiki/hawk	CC BY-SA 3.0
3670	imaginative	Wiktionary	https://en.wiktionary.org/wiki/imaginative	CC BY-SA 3.0
2224	aviation	Wiktionary	https://en.wiktionary.org/wiki/aviation	CC BY-SA 3.0
4386	pathetic	Wiktionary	https://en.wiktionary.org/wiki/pathetic	CC BY-SA 3.0
4216	novelty	Wiktionary	https://en.wiktionary.org/wiki/novelty	CC BY-SA 3.0
4315	outset	Wiktionary	https://en.wiktionary.org/wiki/outset	CC BY-SA 3.0
4809	repay	Wiktionary	https://en.wiktionary.org/wiki/repay	CC BY-SA 3.0
5297	subscribe	Wiktionary	https://en.wiktionary.org/wiki/subscribe	CC BY-SA 3.0
5202	sprout	Wiktionary	https://en.wiktionary.org/wiki/sprout	CC BY-SA 3.0
4453	pigeon	Wiktionary	https://en.wiktionary.org/wiki/pigeon	CC BY-SA 3.0
3576	heighten	Wiktionary	https://en.wiktionary.org/wiki/heighten	CC BY-SA 3.0
5133	sociology	Wiktionary	https://en.wiktionary.org/wiki/sociology	CC BY-SA 3.0
3897	latitude	Wiktionary	https://en.wiktionary.org/wiki/latitude	CC BY-SA 3.0
5574	unify	Wiktionary	https://en.wiktionary.org/wiki/unify	CC BY-SA 3.0
5634	whirl	Wiktionary	https://en.wiktionary.org/wiki/whirl	CC BY-SA 3.0
5187	spiral	Wiktionary	https://en.wiktionary.org/wiki/spiral	CC BY-SA 3.0
4394	paw	Wiktionary	https://en.wiktionary.org/wiki/paw	CC BY-SA 3.0
5156	sovereign	Wiktionary	https://en.wiktionary.org/wiki/sovereign	CC BY-SA 3.0
2893	delete	Wiktionary	https://en.wiktionary.org/wiki/delete	CC BY-SA 3.0
3707	incur	Wiktionary	https://en.wiktionary.org/wiki/incur	CC BY-SA 3.0
5308	successive	Wiktionary	https://en.wiktionary.org/wiki/successive	CC BY-SA 3.0
2440	carpenter	Wiktionary	https://en.wiktionary.org/wiki/carpenter	CC BY-SA 3.0
2309	biscuit	Wiktionary	https://en.wiktionary.org/wiki/biscuit	CC BY-SA 3.0
4450	physiological	Wiktionary	https://en.wiktionary.org/wiki/physiological	CC BY-SA 3.0
5453	thunder	Wiktionary	https://en.wiktionary.org/wiki/thunder	CC BY-SA 3.0
5612	waterfall	Wiktionary	https://en.wiktionary.org/wiki/waterfall	CC BY-SA 3.0
1976	accordance	Wiktionary	https://en.wiktionary.org/wiki/accordance	CC BY-SA 3.0
3050	drastic	Wiktionary	https://en.wiktionary.org/wiki/drastic	CC BY-SA 3.0
3303	farewell	Wiktionary	https://en.wiktionary.org/wiki/farewell	CC BY-SA 3.0
2024	advent	Wiktionary	https://en.wiktionary.org/wiki/advent	CC BY-SA 3.0
5046	shortcoming	Wiktionary	https://en.wiktionary.org/wiki/shortcoming	CC BY-SA 3.0
4980	seam	Wiktionary	https://en.wiktionary.org/wiki/seam	CC BY-SA 3.0
3656	idle	Wiktionary	https://en.wiktionary.org/wiki/idle	CC BY-SA 3.0
5525	trivial	Wiktionary	https://en.wiktionary.org/wiki/trivial	CC BY-SA 3.0
4503	porcelain	Wiktionary	https://en.wiktionary.org/wiki/porcelain	CC BY-SA 3.0
3298	famine	Wiktionary	https://en.wiktionary.org/wiki/famine	CC BY-SA 3.0
2973	disappoint	Wiktionary	https://en.wiktionary.org/wiki/disappoint	CC BY-SA 3.0
5027	shame	Wiktionary	https://en.wiktionary.org/wiki/shame	CC BY-SA 3.0
3070	dwelling	Wiktionary	https://en.wiktionary.org/wiki/dwelling	CC BY-SA 3.0
3553	harden	Wiktionary	https://en.wiktionary.org/wiki/harden	CC BY-SA 3.0
3597	hinder	Wiktionary	https://en.wiktionary.org/wiki/hinder	CC BY-SA 3.0
4358	paperback	Wiktionary	https://en.wiktionary.org/wiki/paperback	CC BY-SA 3.0
1947	abnormal	Wiktionary	https://en.wiktionary.org/wiki/abnormal	CC BY-SA 3.0
4631	prosper	Wiktionary	https://en.wiktionary.org/wiki/prosper	CC BY-SA 3.0
5375	synthesis	Wiktionary	https://en.wiktionary.org/wiki/synthesis	CC BY-SA 3.0
5325	superficial	Wiktionary	https://en.wiktionary.org/wiki/superficial	CC BY-SA 3.0
3228	excursion	Wiktionary	https://en.wiktionary.org/wiki/excursion	CC BY-SA 3.0
4114	misunderstand	Wiktionary	https://en.wiktionary.org/wiki/misunderstand	CC BY-SA 3.0
4087	microscope	Wiktionary	https://en.wiktionary.org/wiki/microscope	CC BY-SA 3.0
3927	lens	Wiktionary	https://en.wiktionary.org/wiki/lens	CC BY-SA 3.0
5165	spear	Wiktionary	https://en.wiktionary.org/wiki/spear	CC BY-SA 3.0
5023	shaft	Wiktionary	https://en.wiktionary.org/wiki/shaft	CC BY-SA 3.0
4943	satisfactory	Wiktionary	https://en.wiktionary.org/wiki/satisfactory	CC BY-SA 3.0
3933	liable	Wiktionary	https://en.wiktionary.org/wiki/liable	CC BY-SA 3.0
2824	cucumber	Wiktionary	https://en.wiktionary.org/wiki/cucumber	CC BY-SA 3.0
3888	lantern	Wiktionary	https://en.wiktionary.org/wiki/lantern	CC BY-SA 3.0
3589	heroine	Wiktionary	https://en.wiktionary.org/wiki/heroine	CC BY-SA 3.0
2390	buffet	Wiktionary	https://en.wiktionary.org/wiki/buffet	CC BY-SA 3.0
5095	slaughter	Wiktionary	https://en.wiktionary.org/wiki/slaughter	CC BY-SA 3.0
3895	lateral	Wiktionary	https://en.wiktionary.org/wiki/lateral	CC BY-SA 3.0
4867	retrospect	Wiktionary	https://en.wiktionary.org/wiki/retrospect	CC BY-SA 3.0
4096	mingle	Wiktionary	https://en.wiktionary.org/wiki/mingle	CC BY-SA 3.0
3631	howl	Wiktionary	https://en.wiktionary.org/wiki/howl	CC BY-SA 3.0
3714	indifferent	Wiktionary	https://en.wiktionary.org/wiki/indifferent	CC BY-SA 3.0
2803	cricket	Wiktionary	https://en.wiktionary.org/wiki/cricket	CC BY-SA 3.0
4912	rotten	Wiktionary	https://en.wiktionary.org/wiki/rotten	CC BY-SA 3.0
3637	humidity	Wiktionary	https://en.wiktionary.org/wiki/humidity	CC BY-SA 3.0
2865	deceive	Wiktionary	https://en.wiktionary.org/wiki/deceive	CC BY-SA 3.0
3381	forge	Wiktionary	https://en.wiktionary.org/wiki/forge	CC BY-SA 3.0
2793	crane	Wiktionary	https://en.wiktionary.org/wiki/crane	CC BY-SA 3.0
2103	anguish	Wiktionary	https://en.wiktionary.org/wiki/anguish	CC BY-SA 3.0
2814	crow	Wiktionary	https://en.wiktionary.org/wiki/crow	CC BY-SA 3.0
4157	multitude	Wiktionary	https://en.wiktionary.org/wiki/multitude	CC BY-SA 3.0
2556	cloak	Wiktionary	https://en.wiktionary.org/wiki/cloak	CC BY-SA 3.0
3874	knit	Wiktionary	https://en.wiktionary.org/wiki/knit	CC BY-SA 3.0
5401	temperament	Wiktionary	https://en.wiktionary.org/wiki/temperament	CC BY-SA 3.0
4228	nylon	Wiktionary	https://en.wiktionary.org/wiki/nylon	CC BY-SA 3.0
1946	abide	Wiktionary	https://en.wiktionary.org/wiki/abide	CC BY-SA 3.0
2969	diploma	Wiktionary	https://en.wiktionary.org/wiki/diploma	CC BY-SA 3.0
3893	lash	Wiktionary	https://en.wiktionary.org/wiki/lash	CC BY-SA 3.0
4367	parasite	Wiktionary	https://en.wiktionary.org/wiki/parasite	CC BY-SA 3.0
5070	simplify	Wiktionary	https://en.wiktionary.org/wiki/simplify	CC BY-SA 3.0
3547	handkerchief	Wiktionary	https://en.wiktionary.org/wiki/handkerchief	CC BY-SA 3.0
4684	radiate	Wiktionary	https://en.wiktionary.org/wiki/radiate	CC BY-SA 3.0
2839	customary	Wiktionary	https://en.wiktionary.org/wiki/customary	CC BY-SA 3.0
3818	intuition	Wiktionary	https://en.wiktionary.org/wiki/intuition	CC BY-SA 3.0
4732	reckon	Wiktionary	https://en.wiktionary.org/wiki/reckon	CC BY-SA 3.0
3081	eccentric	Wiktionary	https://en.wiktionary.org/wiki/eccentric	CC BY-SA 3.0
4325	overhear	Wiktionary	https://en.wiktionary.org/wiki/overhear	CC BY-SA 3.0
3500	gracious	Wiktionary	https://en.wiktionary.org/wiki/gracious	CC BY-SA 3.0
4332	overthrow	Wiktionary	https://en.wiktionary.org/wiki/overthrow	CC BY-SA 3.0
3027	doctorate	Wiktionary	https://en.wiktionary.org/wiki/doctorate	CC BY-SA 3.0
3051	drawback	Wiktionary	https://en.wiktionary.org/wiki/drawback	CC BY-SA 3.0
3409	freight	Wiktionary	https://en.wiktionary.org/wiki/freight	CC BY-SA 3.0
4731	reckless	Wiktionary	https://en.wiktionary.org/wiki/reckless	CC BY-SA 3.0
3581	hemisphere	Wiktionary	https://en.wiktionary.org/wiki/hemisphere	CC BY-SA 3.0
3546	handicap	Wiktionary	https://en.wiktionary.org/wiki/handicap	CC BY-SA 3.0
4808	renovate	Wiktionary	https://en.wiktionary.org/wiki/renovate	CC BY-SA 3.0
5685	zoom	Wiktionary	https://en.wiktionary.org/wiki/zoom	CC BY-SA 3.0
4775	rein	Wiktionary	https://en.wiktionary.org/wiki/rein	CC BY-SA 3.0
4485	pneumonia	Wiktionary	https://en.wiktionary.org/wiki/pneumonia	CC BY-SA 3.0
4131	monarch	Wiktionary	https://en.wiktionary.org/wiki/monarch	CC BY-SA 3.0
2791	cradle	Wiktionary	https://en.wiktionary.org/wiki/cradle	CC BY-SA 3.0
2504	cherish	Wiktionary	https://en.wiktionary.org/wiki/cherish	CC BY-SA 3.0
5158	spacious	Wiktionary	https://en.wiktionary.org/wiki/spacious	CC BY-SA 3.0
5116	smuggle	Wiktionary	https://en.wiktionary.org/wiki/smuggle	CC BY-SA 3.0
2606	commonplace	Wiktionary	https://en.wiktionary.org/wiki/commonplace	CC BY-SA 3.0
4109	mislead	Wiktionary	https://en.wiktionary.org/wiki/mislead	CC BY-SA 3.0
2596	commemorate	Wiktionary	https://en.wiktionary.org/wiki/commemorate	CC BY-SA 3.0
1951	abrupt	Wiktionary	https://en.wiktionary.org/wiki/abrupt	CC BY-SA 3.0
5073	simultaneous	Wiktionary	https://en.wiktionary.org/wiki/simultaneous	CC BY-SA 3.0
3025	dizzy	Wiktionary	https://en.wiktionary.org/wiki/dizzy	CC BY-SA 3.0
5371	symphony	Wiktionary	https://en.wiktionary.org/wiki/symphony	CC BY-SA 3.0
3267	exterior	Wiktionary	https://en.wiktionary.org/wiki/exterior	CC BY-SA 3.0
4428	perpetual	Wiktionary	https://en.wiktionary.org/wiki/perpetual	CC BY-SA 3.0
5104	slipper	Wiktionary	https://en.wiktionary.org/wiki/slipper	CC BY-SA 3.0
2261	barren	Wiktionary	https://en.wiktionary.org/wiki/barren	CC BY-SA 3.0
3598	hinge	Wiktionary	https://en.wiktionary.org/wiki/hinge	CC BY-SA 3.0
4641	prudent	Wiktionary	https://en.wiktionary.org/wiki/prudent	CC BY-SA 3.0
3928	lest	Wiktionary	https://en.wiktionary.org/wiki/lest	CC BY-SA 3.0
5555	unanimous	Wiktionary	https://en.wiktionary.org/wiki/unanimous	CC BY-SA 3.0
4693	rake	Wiktionary	https://en.wiktionary.org/wiki/rake	CC BY-SA 3.0
2171	assassinate	Wiktionary	https://en.wiktionary.org/wiki/assassinate	CC BY-SA 3.0
4326	overlap	Wiktionary	https://en.wiktionary.org/wiki/overlap	CC BY-SA 3.0
4242	obsolete	Wiktionary	https://en.wiktionary.org/wiki/obsolete	CC BY-SA 3.0
5683	zip	Wiktionary	https://en.wiktionary.org/wiki/zip	CC BY-SA 3.0
2249	bankrupt	Wiktionary	https://en.wiktionary.org/wiki/bankrupt	CC BY-SA 3.0
4331	overtake	Wiktionary	https://en.wiktionary.org/wiki/overtake	CC BY-SA 3.0
3513	greedy	Wiktionary	https://en.wiktionary.org/wiki/greedy	CC BY-SA 3.0
5675	yearly	Wiktionary	https://en.wiktionary.org/wiki/yearly	CC BY-SA 3.0
5037	shepherd	Wiktionary	https://en.wiktionary.org/wiki/shepherd	CC BY-SA 3.0
2100	anecdote	Wiktionary	https://en.wiktionary.org/wiki/anecdote	CC BY-SA 3.0
5470	token	Wiktionary	https://en.wiktionary.org/wiki/token	CC BY-SA 3.0
5531	trumpet	Wiktionary	https://en.wiktionary.org/wiki/trumpet	CC BY-SA 3.0
3717	indispensable	Wiktionary	https://en.wiktionary.org/wiki/indispensable	CC BY-SA 3.0
4352	pamphlet	Wiktionary	https://en.wiktionary.org/wiki/pamphlet	CC BY-SA 3.0
4936	salute	Wiktionary	https://en.wiktionary.org/wiki/salute	CC BY-SA 3.0
4293	oriental	Wiktionary	https://en.wiktionary.org/wiki/oriental	CC BY-SA 3.0
2538	clasp	Wiktionary	https://en.wiktionary.org/wiki/clasp	CC BY-SA 3.0
5358	swarm	Wiktionary	https://en.wiktionary.org/wiki/swarm	CC BY-SA 3.0
4412	peninsula	Wiktionary	https://en.wiktionary.org/wiki/peninsula	CC BY-SA 3.0
2332	blush	Wiktionary	https://en.wiktionary.org/wiki/blush	CC BY-SA 3.0
2931	despise	Wiktionary	https://en.wiktionary.org/wiki/despise	CC BY-SA 3.0
2992	dismay	Wiktionary	https://en.wiktionary.org/wiki/dismay	CC BY-SA 3.0
5054	shutter	Wiktionary	https://en.wiktionary.org/wiki/shutter	CC BY-SA 3.0
4758	refrain	Wiktionary	https://en.wiktionary.org/wiki/refrain	CC BY-SA 3.0
3543	hamper	Wiktionary	https://en.wiktionary.org/wiki/hamper	CC BY-SA 3.0
2251	banquet	Wiktionary	https://en.wiktionary.org/wiki/banquet	CC BY-SA 3.0
3403	fragrant	Wiktionary	https://en.wiktionary.org/wiki/fragrant	CC BY-SA 3.0
5546	tutor	Wiktionary	https://en.wiktionary.org/wiki/tutor	CC BY-SA 3.0
2209	augment	Wiktionary	https://en.wiktionary.org/wiki/augment	CC BY-SA 3.0
4931	safeguard	Wiktionary	https://en.wiktionary.org/wiki/safeguard	CC BY-SA 3.0
2254	barber	Wiktionary	https://en.wiktionary.org/wiki/barber	CC BY-SA 3.0
3441	gamble	Wiktionary	https://en.wiktionary.org/wiki/gamble	CC BY-SA 3.0
2701	console	Wiktionary	https://en.wiktionary.org/wiki/console	CC BY-SA 3.0
2377	brisk	Wiktionary	https://en.wiktionary.org/wiki/brisk	CC BY-SA 3.0
3572	heave	Wiktionary	https://en.wiktionary.org/wiki/heave	CC BY-SA 3.0
5138	solemn	Wiktionary	https://en.wiktionary.org/wiki/solemn	CC BY-SA 3.0
5472	tolerant	Wiktionary	https://en.wiktionary.org/wiki/tolerant	CC BY-SA 3.0
3052	dread	Wiktionary	https://en.wiktionary.org/wiki/dread	CC BY-SA 3.0
3001	disregard	Wiktionary	https://en.wiktionary.org/wiki/disregard	CC BY-SA 3.0
2563	clumsy	Wiktionary	https://en.wiktionary.org/wiki/clumsy	CC BY-SA 3.0
2071	alphabet	Wiktionary	https://en.wiktionary.org/wiki/alphabet	CC BY-SA 3.0
5076	singular	Wiktionary	https://en.wiktionary.org/wiki/singular	CC BY-SA 3.0
3646	hypocrisy	Wiktionary	https://en.wiktionary.org/wiki/hypocrisy	CC BY-SA 3.0
2432	captive	Wiktionary	https://en.wiktionary.org/wiki/captive	CC BY-SA 3.0
3065	duplicate	Wiktionary	https://en.wiktionary.org/wiki/duplicate	CC BY-SA 3.0
3730	infer	Wiktionary	https://en.wiktionary.org/wiki/infer	CC BY-SA 3.0
3648	hysterical	Wiktionary	https://en.wiktionary.org/wiki/hysterical	CC BY-SA 3.0
3469	germ	Wiktionary	https://en.wiktionary.org/wiki/germ	CC BY-SA 3.0
2407	butcher	Wiktionary	https://en.wiktionary.org/wiki/butcher	CC BY-SA 3.0
3324	fellowship	Wiktionary	https://en.wiktionary.org/wiki/fellowship	CC BY-SA 3.0
5313	suffice	Wiktionary	https://en.wiktionary.org/wiki/suffice	CC BY-SA 3.0
5194	sponge	Wiktionary	https://en.wiktionary.org/wiki/sponge	CC BY-SA 3.0
4265	opaque	Wiktionary	https://en.wiktionary.org/wiki/opaque	CC BY-SA 3.0
3434	fuss	Wiktionary	https://en.wiktionary.org/wiki/fuss	CC BY-SA 3.0
3638	humiliate	Wiktionary	https://en.wiktionary.org/wiki/humiliate	CC BY-SA 3.0
4221	numb	Wiktionary	https://en.wiktionary.org/wiki/numb	CC BY-SA 3.0
2364	breadth	Wiktionary	https://en.wiktionary.org/wiki/breadth	CC BY-SA 3.0
3684	impetus	Wiktionary	https://en.wiktionary.org/wiki/impetus	CC BY-SA 3.0
3881	lad	Wiktionary	https://en.wiktionary.org/wiki/lad	CC BY-SA 3.0
3435	futile	Wiktionary	https://en.wiktionary.org/wiki/futile	CC BY-SA 3.0
2703	conspicuous	Wiktionary	https://en.wiktionary.org/wiki/conspicuous	CC BY-SA 3.0
5022	shady	Wiktionary	https://en.wiktionary.org/wiki/shady	CC BY-SA 3.0
4926	ruthless	Wiktionary	https://en.wiktionary.org/wiki/ruthless	CC BY-SA 3.0
4687	radius	Wiktionary	https://en.wiktionary.org/wiki/radius	CC BY-SA 3.0
3606	hoist	Wiktionary	https://en.wiktionary.org/wiki/hoist	CC BY-SA 3.0
2180	assimilate	Wiktionary	https://en.wiktionary.org/wiki/assimilate	CC BY-SA 3.0
5386	tangle	Wiktionary	https://en.wiktionary.org/wiki/tangle	CC BY-SA 3.0
4611	prolong	Wiktionary	https://en.wiktionary.org/wiki/prolong	CC BY-SA 3.0
2961	digest	Wiktionary	https://en.wiktionary.org/wiki/digest	CC BY-SA 3.0
2597	commence	Wiktionary	https://en.wiktionary.org/wiki/commence	CC BY-SA 3.0
4424	perish	Wiktionary	https://en.wiktionary.org/wiki/perish	CC BY-SA 3.0
3036	donkey	Wiktionary	https://en.wiktionary.org/wiki/donkey	CC BY-SA 3.0
3947	limp	Wiktionary	https://en.wiktionary.org/wiki/limp	CC BY-SA 3.0
2163	ascend	Wiktionary	https://en.wiktionary.org/wiki/ascend	CC BY-SA 3.0
3232	exempt	Wiktionary	https://en.wiktionary.org/wiki/exempt	CC BY-SA 3.0
2646	compress	Wiktionary	https://en.wiktionary.org/wiki/compress	CC BY-SA 3.0
4141	mortal	Wiktionary	https://en.wiktionary.org/wiki/mortal	CC BY-SA 3.0
2167	ashore	Wiktionary	https://en.wiktionary.org/wiki/ashore	CC BY-SA 3.0
4750	reed	Wiktionary	https://en.wiktionary.org/wiki/reed	CC BY-SA 3.0
3203	evade	Wiktionary	https://en.wiktionary.org/wiki/evade	CC BY-SA 3.0
4437	persuasion	Wiktionary	https://en.wiktionary.org/wiki/persuasion	CC BY-SA 3.0
4007	magnify	Wiktionary	https://en.wiktionary.org/wiki/magnify	CC BY-SA 3.0
2164	ascertain	Wiktionary	https://en.wiktionary.org/wiki/ascertain	CC BY-SA 3.0
2208	auditorium	Wiktionary	https://en.wiktionary.org/wiki/auditorium	CC BY-SA 3.0
4477	plentiful	Wiktionary	https://en.wiktionary.org/wiki/plentiful	CC BY-SA 3.0
3974	lofty	Wiktionary	https://en.wiktionary.org/wiki/lofty	CC BY-SA 3.0
2090	amplify	Wiktionary	https://en.wiktionary.org/wiki/amplify	CC BY-SA 3.0
5032	shear	Wiktionary	https://en.wiktionary.org/wiki/shear	CC BY-SA 3.0
4426	permeate	Wiktionary	https://en.wiktionary.org/wiki/permeate	CC BY-SA 3.0
1990	acquaint	Wiktionary	https://en.wiktionary.org/wiki/acquaint	CC BY-SA 3.0
5110	slum	Wiktionary	https://en.wiktionary.org/wiki/slum	CC BY-SA 3.0
2383	browse	Wiktionary	https://en.wiktionary.org/wiki/browse	CC BY-SA 3.0
5435	thermometer	Wiktionary	https://en.wiktionary.org/wiki/thermometer	CC BY-SA 3.0
3341	finite	Wiktionary	https://en.wiktionary.org/wiki/finite	CC BY-SA 3.0
2429	cape	Wiktionary	https://en.wiktionary.org/wiki/cape	CC BY-SA 3.0
3680	impart	Wiktionary	https://en.wiktionary.org/wiki/impart	CC BY-SA 3.0
2091	amuse	Wiktionary	https://en.wiktionary.org/wiki/amuse	CC BY-SA 3.0
3170	entertain	Wiktionary	https://en.wiktionary.org/wiki/entertain	CC BY-SA 3.0
5519	trick	Wiktionary	https://en.wiktionary.org/wiki/trick	CC BY-SA 3.0
1945	abdomen	Wiktionary	https://en.wiktionary.org/wiki/abdomen	CC BY-SA 3.0
5111	sly	Wiktionary	https://en.wiktionary.org/wiki/sly	CC BY-SA 3.0
4666	quantify	Wiktionary	https://en.wiktionary.org/wiki/quantify	CC BY-SA 3.0
2902	denote	Wiktionary	https://en.wiktionary.org/wiki/denote	CC BY-SA 3.0
4683	radiant	Wiktionary	https://en.wiktionary.org/wiki/radiant	CC BY-SA 3.0
3517	grieve	Wiktionary	https://en.wiktionary.org/wiki/grieve	CC BY-SA 3.0
3557	harness	Wiktionary	https://en.wiktionary.org/wiki/harness	CC BY-SA 3.0
5296	subordinate	Wiktionary	https://en.wiktionary.org/wiki/subordinate	CC BY-SA 3.0
5544	turbulent	Wiktionary	https://en.wiktionary.org/wiki/turbulent	CC BY-SA 3.0
5667	wreath	Wiktionary	https://en.wiktionary.org/wiki/wreath	CC BY-SA 3.0
5530	troublesome	Wiktionary	https://en.wiktionary.org/wiki/troublesome	CC BY-SA 3.0
3483	gloomy	Wiktionary	https://en.wiktionary.org/wiki/gloomy	CC BY-SA 3.0
5549	typewriter	Wiktionary	https://en.wiktionary.org/wiki/typewriter	CC BY-SA 3.0
2107	annoy	Wiktionary	https://en.wiktionary.org/wiki/annoy	CC BY-SA 3.0
2347	bother	Wiktionary	https://en.wiktionary.org/wiki/bother	CC BY-SA 3.0
3551	harassment	Wiktionary	https://en.wiktionary.org/wiki/harassment	CC BY-SA 3.0
4439	pest	Wiktionary	https://en.wiktionary.org/wiki/pest	CC BY-SA 3.0
4220	nuisance	Wiktionary	https://en.wiktionary.org/wiki/nuisance	CC BY-SA 3.0
3627	hound	Wiktionary	https://en.wiktionary.org/wiki/hound	CC BY-SA 3.0
4070	menace	Wiktionary	https://en.wiktionary.org/wiki/menace	CC BY-SA 3.0
2045	aggravate	Wiktionary	https://en.wiktionary.org/wiki/aggravate	CC BY-SA 3.0
3713	indicative	Wiktionary	https://en.wiktionary.org/wiki/indicative	CC BY-SA 3.0
3640	humorous	Wiktionary	https://en.wiktionary.org/wiki/humorous	CC BY-SA 3.0
2299	beware	Wiktionary	https://en.wiktionary.org/wiki/beware	CC BY-SA 3.0
5585	vocation	Wiktionary	https://en.wiktionary.org/wiki/vocation	CC BY-SA 3.0
4232	obedience	Wiktionary	https://en.wiktionary.org/wiki/obedience	CC BY-SA 3.0
4145	moss	Wiktionary	https://en.wiktionary.org/wiki/moss	CC BY-SA 3.0
3352	flatter	Wiktionary	https://en.wiktionary.org/wiki/flatter	CC BY-SA 3.0
5219	stale	Wiktionary	https://en.wiktionary.org/wiki/stale	CC BY-SA 3.0
5490	traitor	Wiktionary	https://en.wiktionary.org/wiki/traitor	CC BY-SA 3.0
3884	lame	Wiktionary	https://en.wiktionary.org/wiki/lame	CC BY-SA 3.0
5403	tempo	Wiktionary	https://en.wiktionary.org/wiki/tempo	CC BY-SA 3.0
5231	stationary	Wiktionary	https://en.wiktionary.org/wiki/stationary	CC BY-SA 3.0
2728	continual	Wiktionary	https://en.wiktionary.org/wiki/continual	CC BY-SA 3.0
4744	rectangle	Wiktionary	https://en.wiktionary.org/wiki/rectangle	CC BY-SA 3.0
5246	stern	Wiktionary	https://en.wiktionary.org/wiki/stern	CC BY-SA 3.0
5229	statesman	Wiktionary	https://en.wiktionary.org/wiki/statesman	CC BY-SA 3.0
4036	Marxist	Wiktionary	https://en.wiktionary.org/wiki/Marxist	CC BY-SA 3.0
3345	fitting	Wiktionary	https://en.wiktionary.org/wiki/fitting	CC BY-SA 3.0
4143	mosaic	Wiktionary	https://en.wiktionary.org/wiki/mosaic	CC BY-SA 3.0
2783	coupon	Wiktionary	https://en.wiktionary.org/wiki/coupon	CC BY-SA 3.0
3524	grope	Wiktionary	https://en.wiktionary.org/wiki/grope	CC BY-SA 3.0
3817	intrude	Wiktionary	https://en.wiktionary.org/wiki/intrude	CC BY-SA 3.0
4084	metric	Wiktionary	https://en.wiktionary.org/wiki/metric	CC BY-SA 3.0
5367	symmetry	Wiktionary	https://en.wiktionary.org/wiki/symmetry	CC BY-SA 3.0
5679	zeal	Wiktionary	https://en.wiktionary.org/wiki/zeal	CC BY-SA 3.0
4966	scold	Wiktionary	https://en.wiktionary.org/wiki/scold	CC BY-SA 3.0
4184	necessitate	Wiktionary	https://en.wiktionary.org/wiki/necessitate	CC BY-SA 3.0
5304	subtract	Wiktionary	https://en.wiktionary.org/wiki/subtract	CC BY-SA 3.0
4215	nourish	Wiktionary	https://en.wiktionary.org/wiki/nourish	CC BY-SA 3.0
5445	thrift	Wiktionary	https://en.wiktionary.org/wiki/thrift	CC BY-SA 3.0
3778	insulate	Wiktionary	https://en.wiktionary.org/wiki/insulate	CC BY-SA 3.0
3120	eloquent	Wiktionary	https://en.wiktionary.org/wiki/eloquent	CC BY-SA 3.0
4610	projector	Wiktionary	https://en.wiktionary.org/wiki/projector	CC BY-SA 3.0
3319	federation	Wiktionary	https://en.wiktionary.org/wiki/federation	CC BY-SA 3.0
3625	hostess	Wiktionary	https://en.wiktionary.org/wiki/hostess	CC BY-SA 3.0
2010	adjective	Wiktionary	https://en.wiktionary.org/wiki/adjective	CC BY-SA 3.0
2988	disgrace	Wiktionary	https://en.wiktionary.org/wiki/disgrace	CC BY-SA 3.0
3280	fabricate	Wiktionary	https://en.wiktionary.org/wiki/fabricate	CC BY-SA 3.0
5256	stoop	Wiktionary	https://en.wiktionary.org/wiki/stoop	CC BY-SA 3.0
4213	notwithstanding	Wiktionary	https://en.wiktionary.org/wiki/notwithstanding	CC BY-SA 3.0
2938	detach	Wiktionary	https://en.wiktionary.org/wiki/detach	CC BY-SA 3.0
3274	extravagant	Wiktionary	https://en.wiktionary.org/wiki/extravagant	CC BY-SA 3.0
3147	encyclopedia	Wiktionary	https://en.wiktionary.org/wiki/encyclopedia	CC BY-SA 3.0
4942	satire	Wiktionary	https://en.wiktionary.org/wiki/satire	CC BY-SA 3.0
2280	beforehand	Wiktionary	https://en.wiktionary.org/wiki/beforehand	CC BY-SA 3.0
5398	tedious	Wiktionary	https://en.wiktionary.org/wiki/tedious	CC BY-SA 3.0
2598	commend	Wiktionary	https://en.wiktionary.org/wiki/commend	CC BY-SA 3.0
4545	preferable	Wiktionary	https://en.wiktionary.org/wiki/preferable	CC BY-SA 3.0
5247	steward	Wiktionary	https://en.wiktionary.org/wiki/steward	CC BY-SA 3.0
4729	reciprocal	Wiktionary	https://en.wiktionary.org/wiki/reciprocal	CC BY-SA 3.0
5163	sparkle	Wiktionary	https://en.wiktionary.org/wiki/sparkle	CC BY-SA 3.0
3089	edible	Wiktionary	https://en.wiktionary.org/wiki/edible	CC BY-SA 3.0
5091	skyscraper	Wiktionary	https://en.wiktionary.org/wiki/skyscraper	CC BY-SA 3.0
3245	expend	Wiktionary	https://en.wiktionary.org/wiki/expend	CC BY-SA 3.0
3130	emigrate	Wiktionary	https://en.wiktionary.org/wiki/emigrate	CC BY-SA 3.0
2370	bribe	Wiktionary	https://en.wiktionary.org/wiki/bribe	CC BY-SA 3.0
5674	yawn	Wiktionary	https://en.wiktionary.org/wiki/yawn	CC BY-SA 3.0
2552	climax	Wiktionary	https://en.wiktionary.org/wiki/climax	CC BY-SA 3.0
3636	humid	Wiktionary	https://en.wiktionary.org/wiki/humid	CC BY-SA 3.0
2952	dialect	Wiktionary	https://en.wiktionary.org/wiki/dialect	CC BY-SA 3.0
4946	saucer	Wiktionary	https://en.wiktionary.org/wiki/saucer	CC BY-SA 3.0
5497	transient	Wiktionary	https://en.wiktionary.org/wiki/transient	CC BY-SA 3.0
2560	clothe	Wiktionary	https://en.wiktionary.org/wiki/clothe	CC BY-SA 3.0
4202	nominal	Wiktionary	https://en.wiktionary.org/wiki/nominal	CC BY-SA 3.0
5384	tame	Wiktionary	https://en.wiktionary.org/wiki/tame	CC BY-SA 3.0
3915	learned	Wiktionary	https://en.wiktionary.org/wiki/learned	CC BY-SA 3.0
4873	revise	Wiktionary	https://en.wiktionary.org/wiki/revise	CC BY-SA 3.0
5275	strife	Wiktionary	https://en.wiktionary.org/wiki/strife	CC BY-SA 3.0
4763	refund	Wiktionary	https://en.wiktionary.org/wiki/refund	CC BY-SA 3.0
4165	mute	Wiktionary	https://en.wiktionary.org/wiki/mute	CC BY-SA 3.0
4914	rouse	Wiktionary	https://en.wiktionary.org/wiki/rouse	CC BY-SA 3.0
3101	eject	Wiktionary	https://en.wiktionary.org/wiki/eject	CC BY-SA 3.0
5019	shabby	Wiktionary	https://en.wiktionary.org/wiki/shabby	CC BY-SA 3.0
4278	optimum	Wiktionary	https://en.wiktionary.org/wiki/optimum	CC BY-SA 3.0
2404	burglar	Wiktionary	https://en.wiktionary.org/wiki/burglar	CC BY-SA 3.0
5051	shrewd	Wiktionary	https://en.wiktionary.org/wiki/shrewd	CC BY-SA 3.0
3968	locality	Wiktionary	https://en.wiktionary.org/wiki/locality	CC BY-SA 3.0
4765	refute	Wiktionary	https://en.wiktionary.org/wiki/refute	CC BY-SA 3.0
5369	sympathize	Wiktionary	https://en.wiktionary.org/wiki/sympathize	CC BY-SA 3.0
3131	eminent	Wiktionary	https://en.wiktionary.org/wiki/eminent	CC BY-SA 3.0
5294	submerge	Wiktionary	https://en.wiktionary.org/wiki/submerge	CC BY-SA 3.0
4381	pastime	Wiktionary	https://en.wiktionary.org/wiki/pastime	CC BY-SA 3.0
2985	discreet	Wiktionary	https://en.wiktionary.org/wiki/discreet	CC BY-SA 3.0
5438	thorn	Wiktionary	https://en.wiktionary.org/wiki/thorn	CC BY-SA 3.0
3833	inward	Wiktionary	https://en.wiktionary.org/wiki/inward	CC BY-SA 3.0
3610	homogeneous	Wiktionary	https://en.wiktionary.org/wiki/homogeneous	CC BY-SA 3.0
3753	inland	Wiktionary	https://en.wiktionary.org/wiki/inland	CC BY-SA 3.0
2449	cashier	Wiktionary	https://en.wiktionary.org/wiki/cashier	CC BY-SA 3.0
3198	esteem	Wiktionary	https://en.wiktionary.org/wiki/esteem	CC BY-SA 3.0
2876	deduct	Wiktionary	https://en.wiktionary.org/wiki/deduct	CC BY-SA 3.0
3045	doze	Wiktionary	https://en.wiktionary.org/wiki/doze	CC BY-SA 3.0
5595	vulgar	Wiktionary	https://en.wiktionary.org/wiki/vulgar	CC BY-SA 3.0
5372	symposium	Wiktionary	https://en.wiktionary.org/wiki/symposium	CC BY-SA 3.0
2485	chancellor	Wiktionary	https://en.wiktionary.org/wiki/chancellor	CC BY-SA 3.0
5106	slit	Wiktionary	https://en.wiktionary.org/wiki/slit	CC BY-SA 3.0
2152	arithmetic	Wiktionary	https://en.wiktionary.org/wiki/arithmetic	CC BY-SA 3.0
2915	depress	Wiktionary	https://en.wiktionary.org/wiki/depress	CC BY-SA 3.0
3468	geology	Wiktionary	https://en.wiktionary.org/wiki/geology	CC BY-SA 3.0
2788	coward	Wiktionary	https://en.wiktionary.org/wiki/coward	CC BY-SA 3.0
4783	relativity	Wiktionary	https://en.wiktionary.org/wiki/relativity	CC BY-SA 3.0
3739	ingenious	Wiktionary	https://en.wiktionary.org/wiki/ingenious	CC BY-SA 3.0
3162	enlighten	Wiktionary	https://en.wiktionary.org/wiki/enlighten	CC BY-SA 3.0
5357	swan	Wiktionary	https://en.wiktionary.org/wiki/swan	CC BY-SA 3.0
5330	superstition	Wiktionary	https://en.wiktionary.org/wiki/superstition	CC BY-SA 3.0
2686	conscientious	Wiktionary	https://en.wiktionary.org/wiki/conscientious	CC BY-SA 3.0
4543	predominant	Wiktionary	https://en.wiktionary.org/wiki/predominant	CC BY-SA 3.0
3592	highland	Wiktionary	https://en.wiktionary.org/wiki/highland	CC BY-SA 3.0
4672	queer	Wiktionary	https://en.wiktionary.org/wiki/queer	CC BY-SA 3.0
2438	caress	Wiktionary	https://en.wiktionary.org/wiki/caress	CC BY-SA 3.0
3419	fruitful	Wiktionary	https://en.wiktionary.org/wiki/fruitful	CC BY-SA 3.0
2840	cyberspace	Wiktionary	https://en.wiktionary.org/wiki/cyberspace	CC BY-SA 3.0
2067	alloy	Wiktionary	https://en.wiktionary.org/wiki/alloy	CC BY-SA 3.0
3104	elastic	Wiktionary	https://en.wiktionary.org/wiki/elastic	CC BY-SA 3.0
4286	ore	Wiktionary	https://en.wiktionary.org/wiki/ore	CC BY-SA 3.0
5670	wretched	Wiktionary	https://en.wiktionary.org/wiki/wretched	CC BY-SA 3.0
4105	mischief	Wiktionary	https://en.wiktionary.org/wiki/mischief	CC BY-SA 3.0
3480	glitter	Wiktionary	https://en.wiktionary.org/wiki/glitter	CC BY-SA 3.0
2143	approximate	Wiktionary	https://en.wiktionary.org/wiki/approximate	CC BY-SA 3.0
3270	extinguish	Wiktionary	https://en.wiktionary.org/wiki/extinguish	CC BY-SA 3.0
4968	scorn	Wiktionary	https://en.wiktionary.org/wiki/scorn	CC BY-SA 3.0
5613	waterproof	Wiktionary	https://en.wiktionary.org/wiki/waterproof	CC BY-SA 3.0
2927	desolate	Wiktionary	https://en.wiktionary.org/wiki/desolate	CC BY-SA 3.0
5478	torment	Wiktionary	https://en.wiktionary.org/wiki/torment	CC BY-SA 3.0
3894	latent	Wiktionary	https://en.wiktionary.org/wiki/latent	CC BY-SA 3.0
2096	analytic	Wiktionary	https://en.wiktionary.org/wiki/analytic	CC BY-SA 3.0
4188	negligible	Wiktionary	https://en.wiktionary.org/wiki/negligible	CC BY-SA 3.0
3440	gallop	Wiktionary	https://en.wiktionary.org/wiki/gallop	CC BY-SA 3.0
3278	fable	Wiktionary	https://en.wiktionary.org/wiki/fable	CC BY-SA 3.0
3662	illiterate	Wiktionary	https://en.wiktionary.org/wiki/illiterate	CC BY-SA 3.0
3803	intermittent	Wiktionary	https://en.wiktionary.org/wiki/intermittent	CC BY-SA 3.0
4981	seaside	Wiktionary	https://en.wiktionary.org/wiki/seaside	CC BY-SA 3.0
3320	feeble	Wiktionary	https://en.wiktionary.org/wiki/feeble	CC BY-SA 3.0
3716	indignation	Wiktionary	https://en.wiktionary.org/wiki/indignation	CC BY-SA 3.0
5086	skillful	Wiktionary	https://en.wiktionary.org/wiki/skillful	CC BY-SA 3.0
2376	brim	Wiktionary	https://en.wiktionary.org/wiki/brim	CC BY-SA 3.0
4759	refresh	Wiktionary	https://en.wiktionary.org/wiki/refresh	CC BY-SA 3.0
4991	segregate	Wiktionary	https://en.wiktionary.org/wiki/segregate	CC BY-SA 3.0
5026	sham	Wiktionary	https://en.wiktionary.org/wiki/sham	CC BY-SA 3.0
2960	diffuse	Wiktionary	https://en.wiktionary.org/wiki/diffuse	CC BY-SA 3.0
1970	acclaim	Wiktionary	https://en.wiktionary.org/wiki/acclaim	CC BY-SA 3.0
3844	jargon	Wiktionary	https://en.wiktionary.org/wiki/jargon	CC BY-SA 3.0
2189	astonish	Wiktionary	https://en.wiktionary.org/wiki/astonish	CC BY-SA 3.0
4410	pendulum	Wiktionary	https://en.wiktionary.org/wiki/pendulum	CC BY-SA 3.0
4910	rotary	Wiktionary	https://en.wiktionary.org/wiki/rotary	CC BY-SA 3.0
3189	erroneous	Wiktionary	https://en.wiktionary.org/wiki/erroneous	CC BY-SA 3.0
3413	fright	Wiktionary	https://en.wiktionary.org/wiki/fright	CC BY-SA 3.0
4180	naughty	Wiktionary	https://en.wiktionary.org/wiki/naughty	CC BY-SA 3.0
5271	strenuous	Wiktionary	https://en.wiktionary.org/wiki/strenuous	CC BY-SA 3.0
4093	millimeter	Wiktionary	https://en.wiktionary.org/wiki/millimeter	CC BY-SA 3.0
2345	bosom	Wiktionary	https://en.wiktionary.org/wiki/bosom	CC BY-SA 3.0
3701	incline	Wiktionary	https://en.wiktionary.org/wiki/incline	CC BY-SA 3.0
3183	equator	Wiktionary	https://en.wiktionary.org/wiki/equator	CC BY-SA 3.0
5044	shopkeeper	Wiktionary	https://en.wiktionary.org/wiki/shopkeeper	CC BY-SA 3.0
2649	compulsory	Wiktionary	https://en.wiktionary.org/wiki/compulsory	CC BY-SA 3.0
5547	twinkle	Wiktionary	https://en.wiktionary.org/wiki/twinkle	CC BY-SA 3.0
3181	epoch	Wiktionary	https://en.wiktionary.org/wiki/epoch	CC BY-SA 3.0
2827	cunning	Wiktionary	https://en.wiktionary.org/wiki/cunning	CC BY-SA 3.0
2487	chap	Wiktionary	https://en.wiktionary.org/wiki/chap	CC BY-SA 3.0
5639	wholesome	Wiktionary	https://en.wiktionary.org/wiki/wholesome	CC BY-SA 3.0
4430	persecute	Wiktionary	https://en.wiktionary.org/wiki/persecute	CC BY-SA 3.0
5508	treason	Wiktionary	https://en.wiktionary.org/wiki/treason	CC BY-SA 3.0
3759	innumerable	Wiktionary	https://en.wiktionary.org/wiki/innumerable	CC BY-SA 3.0
2573	cohesive	Wiktionary	https://en.wiktionary.org/wiki/cohesive	CC BY-SA 3.0
5114	smog	Wiktionary	https://en.wiktionary.org/wiki/smog	CC BY-SA 3.0
4749	redundant	Wiktionary	https://en.wiktionary.org/wiki/redundant	CC BY-SA 3.0
3725	inertia	Wiktionary	https://en.wiktionary.org/wiki/inertia	CC BY-SA 3.0
3544	handbook	Wiktionary	https://en.wiktionary.org/wiki/handbook	CC BY-SA 3.0
4506	porter	Wiktionary	https://en.wiktionary.org/wiki/porter	CC BY-SA 3.0
4274	oppress	Wiktionary	https://en.wiktionary.org/wiki/oppress	CC BY-SA 3.0
4746	recur	Wiktionary	https://en.wiktionary.org/wiki/recur	CC BY-SA 3.0
3538	gymnasium	Wiktionary	https://en.wiktionary.org/wiki/gymnasium	CC BY-SA 3.0
3859	junction	Wiktionary	https://en.wiktionary.org/wiki/junction	CC BY-SA 3.0
2875	deduce	Wiktionary	https://en.wiktionary.org/wiki/deduce	CC BY-SA 3.0
4572	prick	Wiktionary	https://en.wiktionary.org/wiki/prick	CC BY-SA 3.0
3931	levy	Wiktionary	https://en.wiktionary.org/wiki/levy	CC BY-SA 3.0
4544	preface	Wiktionary	https://en.wiktionary.org/wiki/preface	CC BY-SA 3.0
3559	haste	Wiktionary	https://en.wiktionary.org/wiki/haste	CC BY-SA 3.0
3376	fore	Wiktionary	https://en.wiktionary.org/wiki/fore	CC BY-SA 3.0
5123	snowstorm	Wiktionary	https://en.wiktionary.org/wiki/snowstorm	CC BY-SA 3.0
4567	pretext	Wiktionary	https://en.wiktionary.org/wiki/pretext	CC BY-SA 3.0
5593	vowel	Wiktionary	https://en.wiktionary.org/wiki/vowel	CC BY-SA 3.0
2216	automation	Wiktionary	https://en.wiktionary.org/wiki/automation	CC BY-SA 3.0
3754	inlet	Wiktionary	https://en.wiktionary.org/wiki/inlet	CC BY-SA 3.0
2049	agreeable	Wiktionary	https://en.wiktionary.org/wiki/agreeable	CC BY-SA 3.0
4214	noun	Wiktionary	https://en.wiktionary.org/wiki/noun	CC BY-SA 3.0
4431	persevere	Wiktionary	https://en.wiktionary.org/wiki/persevere	CC BY-SA 3.0
2945	deviate	Wiktionary	https://en.wiktionary.org/wiki/deviate	CC BY-SA 3.0
5680	zebra	Wiktionary	https://en.wiktionary.org/wiki/zebra	CC BY-SA 3.0
2218	auxiliary	Wiktionary	https://en.wiktionary.org/wiki/auxiliary	CC BY-SA 3.0
4858	resultant	Wiktionary	https://en.wiktionary.org/wiki/resultant	CC BY-SA 3.0
2304	bibliography	Wiktionary	https://en.wiktionary.org/wiki/bibliography	CC BY-SA 3.0
2964	diligent	Wiktionary	https://en.wiktionary.org/wiki/diligent	CC BY-SA 3.0
3771	instantaneous	Wiktionary	https://en.wiktionary.org/wiki/instantaneous	CC BY-SA 3.0
4350	pail	Wiktionary	https://en.wiktionary.org/wiki/pail	CC BY-SA 3.0
4013	majesty	Wiktionary	https://en.wiktionary.org/wiki/majesty	CC BY-SA 3.0
2219	avail	Wiktionary	https://en.wiktionary.org/wiki/avail	CC BY-SA 3.0
4010	maiden	Wiktionary	https://en.wiktionary.org/wiki/maiden	CC BY-SA 3.0
4745	rectify	Wiktionary	https://en.wiktionary.org/wiki/rectify	CC BY-SA 3.0
3523	grocer	Wiktionary	https://en.wiktionary.org/wiki/grocer	CC BY-SA 3.0
5047	shorthand	Wiktionary	https://en.wiktionary.org/wiki/shorthand	CC BY-SA 3.0
2761	cordial	Wiktionary	https://en.wiktionary.org/wiki/cordial	CC BY-SA 3.0
4760	refreshment	Wiktionary	https://en.wiktionary.org/wiki/refreshment	CC BY-SA 3.0
2950	dew	Wiktionary	https://en.wiktionary.org/wiki/dew	CC BY-SA 3.0
4233	obedient	Wiktionary	https://en.wiktionary.org/wiki/obedient	CC BY-SA 3.0
3277	eyesight	Wiktionary	https://en.wiktionary.org/wiki/eyesight	CC BY-SA 3.0
5232	stationery	Wiktionary	https://en.wiktionary.org/wiki/stationery	CC BY-SA 3.0
3715	indignant	Wiktionary	https://en.wiktionary.org/wiki/indignant	CC BY-SA 3.0
3080	ebb	Wiktionary	https://en.wiktionary.org/wiki/ebb	CC BY-SA 3.0
4842	resolute	Wiktionary	https://en.wiktionary.org/wiki/resolute	CC BY-SA 3.0
2737	contrive	Wiktionary	https://en.wiktionary.org/wiki/contrive	CC BY-SA 3.0
4429	perplex	Wiktionary	https://en.wiktionary.org/wiki/perplex	CC BY-SA 3.0
2425	canteen	Wiktionary	https://en.wiktionary.org/wiki/canteen	CC BY-SA 3.0
5340	surname	Wiktionary	https://en.wiktionary.org/wiki/surname	CC BY-SA 3.0
2864	deceit	Wiktionary	https://en.wiktionary.org/wiki/deceit	CC BY-SA 3.0
2085	amiable	Wiktionary	https://en.wiktionary.org/wiki/amiable	CC BY-SA 3.0
2525	circumference	Wiktionary	https://en.wiktionary.org/wiki/circumference	CC BY-SA 3.0
2889	degenerate	Wiktionary	https://en.wiktionary.org/wiki/degenerate	CC BY-SA 3.0
2660	concise	Wiktionary	https://en.wiktionary.org/wiki/concise	CC BY-SA 3.0
2210	aural	Wiktionary	https://en.wiktionary.org/wiki/aural	CC BY-SA 3.0
2607	commonwealth	Wiktionary	https://en.wiktionary.org/wiki/commonwealth	CC BY-SA 3.0
3605	hitherto	Wiktionary	https://en.wiktionary.org/wiki/hitherto	CC BY-SA 3.0
5060	sightseeing	Wiktionary	https://en.wiktionary.org/wiki/sightseeing	CC BY-SA 3.0
5492	tramp	Wiktionary	https://en.wiktionary.org/wiki/tramp	CC BY-SA 3.0
5326	superfluous	Wiktionary	https://en.wiktionary.org/wiki/superfluous	CC BY-SA 3.0
1944	abatement	Wiktionary	https://en.wiktionary.org/wiki/abatement	CC BY-SA 3.0
2953	dialog	Wiktionary	https://en.wiktionary.org/wiki/dialog	CC BY-SA 3.0
3330	feudal	Wiktionary	https://en.wiktionary.org/wiki/feudal	CC BY-SA 3.0
3178	envisage	Wiktionary	https://en.wiktionary.org/wiki/envisage	CC BY-SA 3.0
3978	longitude	Wiktionary	https://en.wiktionary.org/wiki/longitude	CC BY-SA 3.0
3103	elapse	Wiktionary	https://en.wiktionary.org/wiki/elapse	CC BY-SA 3.0
4617	pronoun	Wiktionary	https://en.wiktionary.org/wiki/pronoun	CC BY-SA 3.0
2313	blackmail	Wiktionary	https://en.wiktionary.org/wiki/blackmail	CC BY-SA 3.0
3322	fell	Wiktionary	https://en.wiktionary.org/wiki/fell	CC BY-SA 3.0
3583	henceforth	Wiktionary	https://en.wiktionary.org/wiki/henceforth	CC BY-SA 3.0
3789	intelligible	Wiktionary	https://en.wiktionary.org/wiki/intelligible	CC BY-SA 3.0
5329	supersonic	Wiktionary	https://en.wiktionary.org/wiki/supersonic	CC BY-SA 3.0
2011	adjoin	Wiktionary	https://en.wiktionary.org/wiki/adjoin	CC BY-SA 3.0
5681	zigzag	Wiktionary	https://en.wiktionary.org/wiki/zigzag	CC BY-SA 3.0
3885	landlady	Wiktionary	https://en.wiktionary.org/wiki/landlady	CC BY-SA 3.0
5464	tiresome	Wiktionary	https://en.wiktionary.org/wiki/tiresome	CC BY-SA 3.0
4736	recollect	Wiktionary	https://en.wiktionary.org/wiki/recollect	CC BY-SA 3.0
4820	reproach	Wiktionary	https://en.wiktionary.org/wiki/reproach	CC BY-SA 3.0
4484	plural	Wiktionary	https://en.wiktionary.org/wiki/plural	CC BY-SA 3.0
4673	quench	Wiktionary	https://en.wiktionary.org/wiki/quench	CC BY-SA 3.0
1994	acre	Wiktionary	https://en.wiktionary.org/wiki/acre	CC BY-SA 3.0
2033	aeroplane	Wiktionary	https://en.wiktionary.org/wiki/aeroplane	CC BY-SA 3.0
2237	bacterium	Wiktionary	https://en.wiktionary.org/wiki/bacterium	CC BY-SA 3.0
2300	bewilder	Wiktionary	https://en.wiktionary.org/wiki/bewilder	CC BY-SA 3.0
2306	bin	Wiktionary	https://en.wiktionary.org/wiki/bin	CC BY-SA 3.0
2419	calorie	Wiktionary	https://en.wiktionary.org/wiki/calorie	CC BY-SA 3.0
2473	centimetre	Wiktionary	https://en.wiktionary.org/wiki/centimetre	CC BY-SA 3.0
2517	Christ	Wiktionary	https://en.wiktionary.org/wiki/Christ	CC BY-SA 3.0
2532	civilize	Wiktionary	https://en.wiktionary.org/wiki/civilize	CC BY-SA 3.0
2775	cosy	Wiktionary	https://en.wiktionary.org/wiki/cosy	CC BY-SA 3.0
2809	criterion	Wiktionary	https://en.wiktionary.org/wiki/criterion	CC BY-SA 3.0
2867	decimal	Wiktionary	https://en.wiktionary.org/wiki/decimal	CC BY-SA 3.0
2881	defence	Wiktionary	https://en.wiktionary.org/wiki/defence	CC BY-SA 3.0
3164	enquire	Wiktionary	https://en.wiktionary.org/wiki/enquire	CC BY-SA 3.0
3391	fortnight	Wiktionary	https://en.wiktionary.org/wiki/fortnight	CC BY-SA 3.0
3839	isle	Wiktionary	https://en.wiktionary.org/wiki/isle	CC BY-SA 3.0
3902	lavatory	Wiktionary	https://en.wiktionary.org/wiki/lavatory	CC BY-SA 3.0
4303	ounce	Wiktionary	https://en.wiktionary.org/wiki/ounce	CC BY-SA 3.0
4341	ox	Wiktionary	https://en.wiktionary.org/wiki/ox	CC BY-SA 3.0
4357	pants	Wiktionary	https://en.wiktionary.org/wiki/pants	CC BY-SA 3.0
4377	passer-by	Wiktionary	https://en.wiktionary.org/wiki/passer-by	CC BY-SA 3.0
4416	percent	Wiktionary	https://en.wiktionary.org/wiki/percent	CC BY-SA 3.0
4480	plough	Wiktionary	https://en.wiktionary.org/wiki/plough	CC BY-SA 3.0
4528	practise	Wiktionary	https://en.wiktionary.org/wiki/practise	CC BY-SA 3.0
5084	skill	Wiktionary	https://en.wiktionary.org/wiki/skill	CC BY-SA 3.0
2566	coach	Wiktionary	https://en.wiktionary.org/wiki/coach	CC BY-SA 3.0
5395	technical	Wiktionary	https://en.wiktionary.org/wiki/technical	CC BY-SA 3.0
4663	qualify	Wiktionary	https://en.wiktionary.org/wiki/qualify	CC BY-SA 3.0
5661	workshop	Wiktionary	https://en.wiktionary.org/wiki/workshop	CC BY-SA 3.0
3249	expertise	Wiktionary	https://en.wiktionary.org/wiki/expertise	CC BY-SA 3.0
2817	crude	Wiktionary	https://en.wiktionary.org/wiki/crude	CC BY-SA 3.0
4225	nurture	Wiktionary	https://en.wiktionary.org/wiki/nurture	CC BY-SA 3.0
2826	cultivate	Wiktionary	https://en.wiktionary.org/wiki/cultivate	CC BY-SA 3.0
1962	academy	Wiktionary	https://en.wiktionary.org/wiki/academy	CC BY-SA 3.0
2627	competent	Wiktionary	https://en.wiktionary.org/wiki/competent	CC BY-SA 3.0
4662	qualification	Wiktionary	https://en.wiktionary.org/wiki/qualification	CC BY-SA 3.0
4969	scout	Wiktionary	https://en.wiktionary.org/wiki/scout	CC BY-SA 3.0
3317	feat	Wiktionary	https://en.wiktionary.org/wiki/feat	CC BY-SA 3.0
4602	proficiency	Wiktionary	https://en.wiktionary.org/wiki/proficiency	CC BY-SA 3.0
4554	preposition	Wiktionary	https://en.wiktionary.org/wiki/preposition	CC BY-SA 3.0
4652	punctual	Wiktionary	https://en.wiktionary.org/wiki/punctual	CC BY-SA 3.0
5040	shilling	Wiktionary	https://en.wiktionary.org/wiki/shilling	CC BY-SA 3.0
5130	sociable	Wiktionary	https://en.wiktionary.org/wiki/sociable	CC BY-SA 3.0
5167	speciality	Wiktionary	https://en.wiktionary.org/wiki/speciality	CC BY-SA 3.0
5258	storey	Wiktionary	https://en.wiktionary.org/wiki/storey	CC BY-SA 3.0
5528	tropic	Wiktionary	https://en.wiktionary.org/wiki/tropic	CC BY-SA 3.0
5550	typhoon	Wiktionary	https://en.wiktionary.org/wiki/typhoon	CC BY-SA 3.0
5602	waken	Wiktionary	https://en.wiktionary.org/wiki/waken	CC BY-SA 3.0
5614	watt	Wiktionary	https://en.wiktionary.org/wiki/watt	CC BY-SA 3.0
5686	abstraction	Wiktionary	https://en.wiktionary.org/wiki/abstraction	CC BY-SA 3.0
5690	administrative	Wiktionary	https://en.wiktionary.org/wiki/administrative	CC BY-SA 3.0
5692	affiliation	Wiktionary	https://en.wiktionary.org/wiki/affiliation	CC BY-SA 3.0
5694	allocation	Wiktionary	https://en.wiktionary.org/wiki/allocation	CC BY-SA 3.0
5701	attainment	Wiktionary	https://en.wiktionary.org/wiki/attainment	CC BY-SA 3.0
5702	aversion	Wiktionary	https://en.wiktionary.org/wiki/aversion	CC BY-SA 3.0
5707	bodily	Wiktionary	https://en.wiktionary.org/wiki/bodily	CC BY-SA 3.0
5710	bristle	Wiktionary	https://en.wiktionary.org/wiki/bristle	CC BY-SA 3.0
5713	cavity	Wiktionary	https://en.wiktionary.org/wiki/cavity	CC BY-SA 3.0
5714	center	Wiktionary	https://en.wiktionary.org/wiki/center	CC BY-SA 3.0
5716	charitable	Wiktionary	https://en.wiktionary.org/wiki/charitable	CC BY-SA 3.0
5717	cheerful	Wiktionary	https://en.wiktionary.org/wiki/cheerful	CC BY-SA 3.0
3854	jolly	Wiktionary	https://en.wiktionary.org/wiki/jolly	CC BY-SA 3.0
5720	citrus	Wiktionary	https://en.wiktionary.org/wiki/citrus	CC BY-SA 3.0
5068	similar	Wiktionary	https://en.wiktionary.org/wiki/similar	CC BY-SA 3.0
5010	series	Wiktionary	https://en.wiktionary.org/wiki/series	CC BY-SA 3.0
4593	process	Wiktionary	https://en.wiktionary.org/wiki/process	CC BY-SA 3.0
2420	campaign	Wiktionary	https://en.wiktionary.org/wiki/campaign	CC BY-SA 3.0
2437	career	Wiktionary	https://en.wiktionary.org/wiki/career	CC BY-SA 3.0
5213	stage	Wiktionary	https://en.wiktionary.org/wiki/stage	CC BY-SA 3.0
4597	production	Wiktionary	https://en.wiktionary.org/wiki/production	CC BY-SA 3.0
3916	learning	Wiktionary	https://en.wiktionary.org/wiki/learning	CC BY-SA 3.0
4800	remind	Wiktionary	https://en.wiktionary.org/wiki/remind	CC BY-SA 3.0
3118	eliminate	Wiktionary	https://en.wiktionary.org/wiki/eliminate	CC BY-SA 3.0
5590	volume	Wiktionary	https://en.wiktionary.org/wiki/volume	CC BY-SA 3.0
5496	transform	Wiktionary	https://en.wiktionary.org/wiki/transform	CC BY-SA 3.0
5499	transition	Wiktionary	https://en.wiktionary.org/wiki/transition	CC BY-SA 3.0
2841	cycle	Wiktionary	https://en.wiktionary.org/wiki/cycle	CC BY-SA 3.0
4273	opposite	Wiktionary	https://en.wiktionary.org/wiki/opposite	CC BY-SA 3.0
4445	phase	Wiktionary	https://en.wiktionary.org/wiki/phase	CC BY-SA 3.0
5115	smooth	Wiktionary	https://en.wiktionary.org/wiki/smooth	CC BY-SA 3.0
3834	iron	Wiktionary	https://en.wiktionary.org/wiki/iron	CC BY-SA 3.0
5241	steel	Wiktionary	https://en.wiktionary.org/wiki/steel	CC BY-SA 3.0
3351	flat	Wiktionary	https://en.wiktionary.org/wiki/flat	CC BY-SA 3.0
3241	expansion	Wiktionary	https://en.wiktionary.org/wiki/expansion	CC BY-SA 3.0
5008	sequence	Wiktionary	https://en.wiktionary.org/wiki/sequence	CC BY-SA 3.0
2314	blade	Wiktionary	https://en.wiktionary.org/wiki/blade	CC BY-SA 3.0
3578	helicopter	Wiktionary	https://en.wiktionary.org/wiki/helicopter	CC BY-SA 3.0
5099	slice	Wiktionary	https://en.wiktionary.org/wiki/slice	CC BY-SA 3.0
2571	cognitive	Wiktionary	https://en.wiktionary.org/wiki/cognitive	CC BY-SA 3.0
4872	reverse	Wiktionary	https://en.wiktionary.org/wiki/reverse	CC BY-SA 3.0
2273	bay	Wiktionary	https://en.wiktionary.org/wiki/bay	CC BY-SA 3.0
4468	plain	Wiktionary	https://en.wiktionary.org/wiki/plain	CC BY-SA 3.0
5541	tune	Wiktionary	https://en.wiktionary.org/wiki/tune	CC BY-SA 3.0
3498	grace	Wiktionary	https://en.wiktionary.org/wiki/grace	CC BY-SA 3.0
2076	altogether	Wiktionary	https://en.wiktionary.org/wiki/altogether	CC BY-SA 3.0
3835	irony	Wiktionary	https://en.wiktionary.org/wiki/irony	CC BY-SA 3.0
5507	tray	Wiktionary	https://en.wiktionary.org/wiki/tray	CC BY-SA 3.0
5238	steak	Wiktionary	https://en.wiktionary.org/wiki/steak	CC BY-SA 3.0
2976	disc	Wiktionary	https://en.wiktionary.org/wiki/disc	CC BY-SA 3.0
4028	marble	Wiktionary	https://en.wiktionary.org/wiki/marble	CC BY-SA 3.0
2403	bureaucracy	Wiktionary	https://en.wiktionary.org/wiki/bureaucracy	CC BY-SA 3.0
2733	contrary	Wiktionary	https://en.wiktionary.org/wiki/contrary	CC BY-SA 3.0
5407	tenant	Wiktionary	https://en.wiktionary.org/wiki/tenant	CC BY-SA 3.0
4065	melody	Wiktionary	https://en.wiktionary.org/wiki/melody	CC BY-SA 3.0
5038	shield	Wiktionary	https://en.wiktionary.org/wiki/shield	CC BY-SA 3.0
5031	shave	Wiktionary	https://en.wiktionary.org/wiki/shave	CC BY-SA 3.0
4709	razor	Wiktionary	https://en.wiktionary.org/wiki/razor	CC BY-SA 3.0
3186	erase	Wiktionary	https://en.wiktionary.org/wiki/erase	CC BY-SA 3.0
4364	parallel	Wiktionary	https://en.wiktionary.org/wiki/parallel	CC BY-SA 3.0
1957	absurd	Wiktionary	https://en.wiktionary.org/wiki/absurd	CC BY-SA 3.0
2093	analogy	Wiktionary	https://en.wiktionary.org/wiki/analogy	CC BY-SA 3.0
3617	horizontal	Wiktionary	https://en.wiktionary.org/wiki/horizontal	CC BY-SA 3.0
4004	magnet	Wiktionary	https://en.wiktionary.org/wiki/magnet	CC BY-SA 3.0
2236	bacon	Wiktionary	https://en.wiktionary.org/wiki/bacon	CC BY-SA 3.0
4362	paradox	Wiktionary	https://en.wiktionary.org/wiki/paradox	CC BY-SA 3.0
5640	wholly	Wiktionary	https://en.wiktionary.org/wiki/wholly	CC BY-SA 3.0
5009	serial	Wiktionary	https://en.wiktionary.org/wiki/serial	CC BY-SA 3.0
3802	intermediate	Wiktionary	https://en.wiktionary.org/wiki/intermediate	CC BY-SA 3.0
2842	cylinder	Wiktionary	https://en.wiktionary.org/wiki/cylinder	CC BY-SA 3.0
3478	glide	Wiktionary	https://en.wiktionary.org/wiki/glide	CC BY-SA 3.0
4392	pave	Wiktionary	https://en.wiktionary.org/wiki/pave	CC BY-SA 3.0
3499	graceful	Wiktionary	https://en.wiktionary.org/wiki/graceful	CC BY-SA 3.0
2245	ballet	Wiktionary	https://en.wiktionary.org/wiki/ballet	CC BY-SA 3.0
5098	slender	Wiktionary	https://en.wiktionary.org/wiki/slender	CC BY-SA 3.0
5543	turbine	Wiktionary	https://en.wiktionary.org/wiki/turbine	CC BY-SA 3.0
2589	comb	Wiktionary	https://en.wiktionary.org/wiki/comb	CC BY-SA 3.0
2374	briefcase	Wiktionary	https://en.wiktionary.org/wiki/briefcase	CC BY-SA 3.0
5105	slippery	Wiktionary	https://en.wiktionary.org/wiki/slippery	CC BY-SA 3.0
3534	gulf	Wiktionary	https://en.wiktionary.org/wiki/gulf	CC BY-SA 3.0
3348	flap	Wiktionary	https://en.wiktionary.org/wiki/flap	CC BY-SA 3.0
4471	plateau	Wiktionary	https://en.wiktionary.org/wiki/plateau	CC BY-SA 3.0
4123	modernization	Wiktionary	https://en.wiktionary.org/wiki/modernization	CC BY-SA 3.0
4349	paddle	Wiktionary	https://en.wiktionary.org/wiki/paddle	CC BY-SA 3.0
2574	coil	Wiktionary	https://en.wiktionary.org/wiki/coil	CC BY-SA 3.0
3768	installment	Wiktionary	https://en.wiktionary.org/wiki/installment	CC BY-SA 3.0
5682	zinc	Wiktionary	https://en.wiktionary.org/wiki/zinc	CC BY-SA 3.0
2361	brass	Wiktionary	https://en.wiktionary.org/wiki/brass	CC BY-SA 3.0
4402	pebble	Wiktionary	https://en.wiktionary.org/wiki/pebble	CC BY-SA 3.0
4944	saturate	Wiktionary	https://en.wiktionary.org/wiki/saturate	CC BY-SA 3.0
2231	axe	Wiktionary	https://en.wiktionary.org/wiki/axe	CC BY-SA 3.0
2515	chop	Wiktionary	https://en.wiktionary.org/wiki/chop	CC BY-SA 3.0
4941	sarcastic	Wiktionary	https://en.wiktionary.org/wiki/sarcastic	CC BY-SA 3.0
5159	spade	Wiktionary	https://en.wiktionary.org/wiki/spade	CC BY-SA 3.0
4230	oar	Wiktionary	https://en.wiktionary.org/wiki/oar	CC BY-SA 3.0
3826	invert	Wiktionary	https://en.wiktionary.org/wiki/invert	CC BY-SA 3.0
4207	normalization	Wiktionary	https://en.wiktionary.org/wiki/normalization	CC BY-SA 3.0
3825	inverse	Wiktionary	https://en.wiktionary.org/wiki/inverse	CC BY-SA 3.0
2092	analogue	Wiktionary	https://en.wiktionary.org/wiki/analogue	CC BY-SA 3.0
5696	animation	Wiktionary	https://en.wiktionary.org/wiki/animation	CC BY-SA 3.0
5736	creator	Wiktionary	https://en.wiktionary.org/wiki/creator	CC BY-SA 3.0
5737	credible	Wiktionary	https://en.wiktionary.org/wiki/credible	CC BY-SA 3.0
5739	darkness	Wiktionary	https://en.wiktionary.org/wiki/darkness	CC BY-SA 3.0
5742	deceptive	Wiktionary	https://en.wiktionary.org/wiki/deceptive	CC BY-SA 3.0
5744	defective	Wiktionary	https://en.wiktionary.org/wiki/defective	CC BY-SA 3.0
5749	depression	Wiktionary	https://en.wiktionary.org/wiki/depression	CC BY-SA 3.0
5750	development	Wiktionary	https://en.wiktionary.org/wiki/development	CC BY-SA 3.0
4576	primitive	Wiktionary	https://en.wiktionary.org/wiki/primitive	CC BY-SA 3.0
5752	discrete	Wiktionary	https://en.wiktionary.org/wiki/discrete	CC BY-SA 3.0
5755	distinctive	Wiktionary	https://en.wiktionary.org/wiki/distinctive	CC BY-SA 3.0
5756	distortion	Wiktionary	https://en.wiktionary.org/wiki/distortion	CC BY-SA 3.0
5757	distribution	Wiktionary	https://en.wiktionary.org/wiki/distribution	CC BY-SA 3.0
5758	donation	Wiktionary	https://en.wiktionary.org/wiki/donation	CC BY-SA 3.0
5759	easily	Wiktionary	https://en.wiktionary.org/wiki/easily	CC BY-SA 3.0
5100	slide	Wiktionary	https://en.wiktionary.org/wiki/slide	CC BY-SA 3.0
5103	slip	Wiktionary	https://en.wiktionary.org/wiki/slip	CC BY-SA 3.0
5596	vulnerable	Wiktionary	https://en.wiktionary.org/wiki/vulnerable	CC BY-SA 3.0
3358	flexible	Wiktionary	https://en.wiktionary.org/wiki/flexible	CC BY-SA 3.0
3401	fragile	Wiktionary	https://en.wiktionary.org/wiki/fragile	CC BY-SA 3.0
4505	portable	Wiktionary	https://en.wiktionary.org/wiki/portable	CC BY-SA 3.0
4171	naive	Wiktionary	https://en.wiktionary.org/wiki/naive	CC BY-SA 3.0
5290	sturdy	Wiktionary	https://en.wiktionary.org/wiki/sturdy	CC BY-SA 3.0
5349	susceptible	Wiktionary	https://en.wiktionary.org/wiki/susceptible	CC BY-SA 3.0
3066	durable	Wiktionary	https://en.wiktionary.org/wiki/durable	CC BY-SA 3.0
2378	brittle	Wiktionary	https://en.wiktionary.org/wiki/brittle	CC BY-SA 3.0
5460	timid	Wiktionary	https://en.wiktionary.org/wiki/timid	CC BY-SA 3.0
3367	fluent	Wiktionary	https://en.wiktionary.org/wiki/fluent	CC BY-SA 3.0
3992	lubricate	Wiktionary	https://en.wiktionary.org/wiki/lubricate	CC BY-SA 3.0
5765	enjoyment	Wiktionary	https://en.wiktionary.org/wiki/enjoyment	CC BY-SA 3.0
4792	relish	Wiktionary	https://en.wiktionary.org/wiki/relish	CC BY-SA 3.0
5767	enumerate	Wiktionary	https://en.wiktionary.org/wiki/enumerate	CC BY-SA 3.0
5771	examination	Wiktionary	https://en.wiktionary.org/wiki/examination	CC BY-SA 3.0
4977	scrutiny	Wiktionary	https://en.wiktionary.org/wiki/scrutiny	CC BY-SA 3.0
3163	enormous	Wiktionary	https://en.wiktionary.org/wiki/enormous	CC BY-SA 3.0
2816	crucial	Wiktionary	https://en.wiktionary.org/wiki/crucial	CC BY-SA 3.0
2375	brilliant	Wiktionary	https://en.wiktionary.org/wiki/brilliant	CC BY-SA 3.0
3463	genius	Wiktionary	https://en.wiktionary.org/wiki/genius	CC BY-SA 3.0
3300	fantastic	Wiktionary	https://en.wiktionary.org/wiki/fantastic	CC BY-SA 3.0
4035	marvelous	Wiktionary	https://en.wiktionary.org/wiki/marvelous	CC BY-SA 3.0
3473	gigantic	Wiktionary	https://en.wiktionary.org/wiki/gigantic	CC BY-SA 3.0
3262	exquisite	Wiktionary	https://en.wiktionary.org/wiki/exquisite	CC BY-SA 3.0
3821	invaluable	Wiktionary	https://en.wiktionary.org/wiki/invaluable	CC BY-SA 3.0
5779	fervor	Wiktionary	https://en.wiktionary.org/wiki/fervor	CC BY-SA 3.0
5780	fidelity	Wiktionary	https://en.wiktionary.org/wiki/fidelity	CC BY-SA 3.0
5785	generally	Wiktionary	https://en.wiktionary.org/wiki/generally	CC BY-SA 3.0
5787	going	Wiktionary	https://en.wiktionary.org/wiki/going	CC BY-SA 3.0
3686	implication	Wiktionary	https://en.wiktionary.org/wiki/implication	CC BY-SA 3.0
3688	imply	Wiktionary	https://en.wiktionary.org/wiki/imply	CC BY-SA 3.0
5354	sustain	Wiktionary	https://en.wiktionary.org/wiki/sustain	CC BY-SA 3.0
2934	destination	Wiktionary	https://en.wiktionary.org/wiki/destination	CC BY-SA 3.0
3599	hint	Wiktionary	https://en.wiktionary.org/wiki/hint	CC BY-SA 3.0
3979	loom	Wiktionary	https://en.wiktionary.org/wiki/loom	CC BY-SA 3.0
3687	implicit	Wiktionary	https://en.wiktionary.org/wiki/implicit	CC BY-SA 3.0
5214	stagger	Wiktionary	https://en.wiktionary.org/wiki/stagger	CC BY-SA 3.0
2349	bound	Wiktionary	https://en.wiktionary.org/wiki/bound	CC BY-SA 3.0
4318	outward	Wiktionary	https://en.wiktionary.org/wiki/outward	CC BY-SA 3.0
3366	fluctuate	Wiktionary	https://en.wiktionary.org/wiki/fluctuate	CC BY-SA 3.0
5629	welfare	Wiktionary	https://en.wiktionary.org/wiki/welfare	CC BY-SA 3.0
5467	toast	Wiktionary	https://en.wiktionary.org/wiki/toast	CC BY-SA 3.0
4778	rejoice	Wiktionary	https://en.wiktionary.org/wiki/rejoice	CC BY-SA 3.0
5791	harmful	Wiktionary	https://en.wiktionary.org/wiki/harmful	CC BY-SA 3.0
4186	negative	Wiktionary	https://en.wiktionary.org/wiki/negative	CC BY-SA 3.0
4499	pollution	Wiktionary	https://en.wiktionary.org/wiki/pollution	CC BY-SA 3.0
3111	electron	Wiktionary	https://en.wiktionary.org/wiki/electron	CC BY-SA 3.0
5631	whatsoever	Wiktionary	https://en.wiktionary.org/wiki/whatsoever	CC BY-SA 3.0
2027	adverse	Wiktionary	https://en.wiktionary.org/wiki/adverse	CC BY-SA 3.0
2295	benign	Wiktionary	https://en.wiktionary.org/wiki/benign	CC BY-SA 3.0
5802	indifference	Wiktionary	https://en.wiktionary.org/wiki/indifference	CC BY-SA 3.0
5806	inquire	Wiktionary	https://en.wiktionary.org/wiki/inquire	CC BY-SA 3.0
5807	insignificant	Wiktionary	https://en.wiktionary.org/wiki/insignificant	CC BY-SA 3.0
5808	insufficient	Wiktionary	https://en.wiktionary.org/wiki/insufficient	CC BY-SA 3.0
5813	investigation	Wiktionary	https://en.wiktionary.org/wiki/investigation	CC BY-SA 3.0
3340	finding	Wiktionary	https://en.wiktionary.org/wiki/finding	CC BY-SA 3.0
3651	identification	Wiktionary	https://en.wiktionary.org/wiki/identification	CC BY-SA 3.0
2620	compass	Wiktionary	https://en.wiktionary.org/wiki/compass	CC BY-SA 3.0
4182	navigation	Wiktionary	https://en.wiktionary.org/wiki/navigation	CC BY-SA 3.0
5818	livelihood	Wiktionary	https://en.wiktionary.org/wiki/livelihood	CC BY-SA 3.0
5822	mainly	Wiktionary	https://en.wiktionary.org/wiki/mainly	CC BY-SA 3.0
4001	mad	Wiktionary	https://en.wiktionary.org/wiki/mad	CC BY-SA 3.0
4940	sane	Wiktionary	https://en.wiktionary.org/wiki/sane	CC BY-SA 3.0
5826	naturally	Wiktionary	https://en.wiktionary.org/wiki/naturally	CC BY-SA 3.0
3150	endow	Wiktionary	https://en.wiktionary.org/wiki/endow	CC BY-SA 3.0
5836	outdated	Wiktionary	https://en.wiktionary.org/wiki/outdated	CC BY-SA 3.0
5838	palpable	Wiktionary	https://en.wiktionary.org/wiki/palpable	CC BY-SA 3.0
5844	philosophical	Wiktionary	https://en.wiktionary.org/wiki/philosophical	CC BY-SA 3.0
5845	physically	Wiktionary	https://en.wiktionary.org/wiki/physically	CC BY-SA 3.0
5852	protection	Wiktionary	https://en.wiktionary.org/wiki/protection	CC BY-SA 3.0
2693	conservation	Wiktionary	https://en.wiktionary.org/wiki/conservation	CC BY-SA 3.0
5856	punishment	Wiktionary	https://en.wiktionary.org/wiki/punishment	CC BY-SA 3.0
4583	prison	Wiktionary	https://en.wiktionary.org/wiki/prison	CC BY-SA 3.0
2467	cell	Wiktionary	https://en.wiktionary.org/wiki/cell	CC BY-SA 3.0
3458	gene	Wiktionary	https://en.wiktionary.org/wiki/gene	CC BY-SA 3.0
4409	penalty	Wiktionary	https://en.wiktionary.org/wiki/penalty	CC BY-SA 3.0
3462	genetic	Wiktionary	https://en.wiktionary.org/wiki/genetic	CC BY-SA 3.0
4939	sanction	Wiktionary	https://en.wiktionary.org/wiki/sanction	CC BY-SA 3.0
3229	execute	Wiktionary	https://en.wiktionary.org/wiki/execute	CC BY-SA 3.0
2558	clone	Wiktionary	https://en.wiktionary.org/wiki/clone	CC BY-SA 3.0
3443	gaol	Wiktionary	https://en.wiktionary.org/wiki/gaol	CC BY-SA 3.0
5540	tumour	Wiktionary	https://en.wiktionary.org/wiki/tumour	CC BY-SA 3.0
4017	malignant	Wiktionary	https://en.wiktionary.org/wiki/malignant	CC BY-SA 3.0
5857	quickly	Wiktionary	https://en.wiktionary.org/wiki/quickly	CC BY-SA 3.0
5024	shake	Wiktionary	https://en.wiktionary.org/wiki/shake	CC BY-SA 3.0
3476	glance	Wiktionary	https://en.wiktionary.org/wiki/glance	CC BY-SA 3.0
4356	pant	Wiktionary	https://en.wiktionary.org/wiki/pant	CC BY-SA 3.0
5237	steady	Wiktionary	https://en.wiktionary.org/wiki/steady	CC BY-SA 3.0
3449	gas	Wiktionary	https://en.wiktionary.org/wiki/gas	CC BY-SA 3.0
3421	fuel	Wiktionary	https://en.wiktionary.org/wiki/fuel	CC BY-SA 3.0
3364	flow	Wiktionary	https://en.wiktionary.org/wiki/flow	CC BY-SA 3.0
5139	solid	Wiktionary	https://en.wiktionary.org/wiki/solid	CC BY-SA 3.0
5300	substance	Wiktionary	https://en.wiktionary.org/wiki/substance	CC BY-SA 3.0
3954	liquid	Wiktionary	https://en.wiktionary.org/wiki/liquid	CC BY-SA 3.0
4441	petrol	Wiktionary	https://en.wiktionary.org/wiki/petrol	CC BY-SA 3.0
2834	current	Wiktionary	https://en.wiktionary.org/wiki/current	CC BY-SA 3.0
2324	blood	Wiktionary	https://en.wiktionary.org/wiki/blood	CC BY-SA 3.0
5287	stuff	Wiktionary	https://en.wiktionary.org/wiki/stuff	CC BY-SA 3.0
2323	block	Wiktionary	https://en.wiktionary.org/wiki/block	CC BY-SA 3.0
5603	wall	Wiktionary	https://en.wiktionary.org/wiki/wall	CC BY-SA 3.0
2371	brick	Wiktionary	https://en.wiktionary.org/wiki/brick	CC BY-SA 3.0
2545	clay	Wiktionary	https://en.wiktionary.org/wiki/clay	CC BY-SA 3.0
3158	engine	Wiktionary	https://en.wiktionary.org/wiki/engine	CC BY-SA 3.0
4353	panel	Wiktionary	https://en.wiktionary.org/wiki/panel	CC BY-SA 3.0
5021	shadow	Wiktionary	https://en.wiktionary.org/wiki/shadow	CC BY-SA 3.0
5252	stir	Wiktionary	https://en.wiktionary.org/wiki/stir	CC BY-SA 3.0
3905	layer	Wiktionary	https://en.wiktionary.org/wiki/layer	CC BY-SA 3.0
5088	skin	Wiktionary	https://en.wiktionary.org/wiki/skin	CC BY-SA 3.0
3289	fair	Wiktionary	https://en.wiktionary.org/wiki/fair	CC BY-SA 3.0
3612	honor	Wiktionary	https://en.wiktionary.org/wiki/honor	CC BY-SA 3.0
3290	fairly	Wiktionary	https://en.wiktionary.org/wiki/fairly	CC BY-SA 3.0
2059	alcohol	Wiktionary	https://en.wiktionary.org/wiki/alcohol	CC BY-SA 3.0
2252	bar	Wiktionary	https://en.wiktionary.org/wiki/bar	CC BY-SA 3.0
4719	reasonable	Wiktionary	https://en.wiktionary.org/wiki/reasonable	CC BY-SA 3.0
5535	tube	Wiktionary	https://en.wiktionary.org/wiki/tube	CC BY-SA 3.0
4461	pipe	Wiktionary	https://en.wiktionary.org/wiki/pipe	CC BY-SA 3.0
2262	barrier	Wiktionary	https://en.wiktionary.org/wiki/barrier	CC BY-SA 3.0
2502	chemical	Wiktionary	https://en.wiktionary.org/wiki/chemical	CC BY-SA 3.0
3046	draft	Wiktionary	https://en.wiktionary.org/wiki/draft	CC BY-SA 3.0
2655	concentration	Wiktionary	https://en.wiktionary.org/wiki/concentration	CC BY-SA 3.0
5399	telescope	Wiktionary	https://en.wiktionary.org/wiki/telescope	CC BY-SA 3.0
5389	tap	Wiktionary	https://en.wiktionary.org/wiki/tap	CC BY-SA 3.0
3009	distinction	Wiktionary	https://en.wiktionary.org/wiki/distinction	CC BY-SA 3.0
5208	stability	Wiktionary	https://en.wiktionary.org/wiki/stability	CC BY-SA 3.0
5020	shade	Wiktionary	https://en.wiktionary.org/wiki/shade	CC BY-SA 3.0
2435	carbon	Wiktionary	https://en.wiktionary.org/wiki/carbon	CC BY-SA 3.0
4700	rapid	Wiktionary	https://en.wiktionary.org/wiki/rapid	CC BY-SA 3.0
4288	organic	Wiktionary	https://en.wiktionary.org/wiki/organic	CC BY-SA 3.0
2260	barrel	Wiktionary	https://en.wiktionary.org/wiki/barrel	CC BY-SA 3.0
1955	absorb	Wiktionary	https://en.wiktionary.org/wiki/absorb	CC BY-SA 3.0
3849	jet	Wiktionary	https://en.wiktionary.org/wiki/jet	CC BY-SA 3.0
2310	bite	Wiktionary	https://en.wiktionary.org/wiki/bite	CC BY-SA 3.0
3923	legitimate	Wiktionary	https://en.wiktionary.org/wiki/legitimate	CC BY-SA 3.0
3347	flame	Wiktionary	https://en.wiktionary.org/wiki/flame	CC BY-SA 3.0
3357	flesh	Wiktionary	https://en.wiktionary.org/wiki/flesh	CC BY-SA 3.0
1988	acid	Wiktionary	https://en.wiktionary.org/wiki/acid	CC BY-SA 3.0
4523	powder	Wiktionary	https://en.wiktionary.org/wiki/powder	CC BY-SA 3.0
3455	gaze	Wiktionary	https://en.wiktionary.org/wiki/gaze	CC BY-SA 3.0
4287	organ	Wiktionary	https://en.wiktionary.org/wiki/organ	CC BY-SA 3.0
3082	echo	Wiktionary	https://en.wiktionary.org/wiki/echo	CC BY-SA 3.0
2642	compound	Wiktionary	https://en.wiktionary.org/wiki/compound	CC BY-SA 3.0
3362	flour	Wiktionary	https://en.wiktionary.org/wiki/flour	CC BY-SA 3.0
4650	pump	Wiktionary	https://en.wiktionary.org/wiki/pump	CC BY-SA 3.0
4058	medal	Wiktionary	https://en.wiktionary.org/wiki/medal	CC BY-SA 3.0
4066	melt	Wiktionary	https://en.wiktionary.org/wiki/melt	CC BY-SA 3.0
2822	crystal	Wiktionary	https://en.wiktionary.org/wiki/crystal	CC BY-SA 3.0
3047	drain	Wiktionary	https://en.wiktionary.org/wiki/drain	CC BY-SA 3.0
5184	spill	Wiktionary	https://en.wiktionary.org/wiki/spill	CC BY-SA 3.0
5361	sweat	Wiktionary	https://en.wiktionary.org/wiki/sweat	CC BY-SA 3.0
3788	intelligent	Wiktionary	https://en.wiktionary.org/wiki/intelligent	CC BY-SA 3.0
3368	fluid	Wiktionary	https://en.wiktionary.org/wiki/fluid	CC BY-SA 3.0
2434	carbohydrate	Wiktionary	https://en.wiktionary.org/wiki/carbohydrate	CC BY-SA 3.0
4343	oxygen	Wiktionary	https://en.wiktionary.org/wiki/oxygen	CC BY-SA 3.0
3038	doorway	Wiktionary	https://en.wiktionary.org/wiki/doorway	CC BY-SA 3.0
4406	peel	Wiktionary	https://en.wiktionary.org/wiki/peel	CC BY-SA 3.0
4712	readily	Wiktionary	https://en.wiktionary.org/wiki/readily	CC BY-SA 3.0
2522	circuit	Wiktionary	https://en.wiktionary.org/wiki/circuit	CC BY-SA 3.0
4952	scan	Wiktionary	https://en.wiktionary.org/wiki/scan	CC BY-SA 3.0
3450	gasoline	Wiktionary	https://en.wiktionary.org/wiki/gasoline	CC BY-SA 3.0
2386	bubble	Wiktionary	https://en.wiktionary.org/wiki/bubble	CC BY-SA 3.0
3485	glory	Wiktionary	https://en.wiktionary.org/wiki/glory	CC BY-SA 3.0
3059	drum	Wiktionary	https://en.wiktionary.org/wiki/drum	CC BY-SA 3.0
2325	bloody	Wiktionary	https://en.wiktionary.org/wiki/bloody	CC BY-SA 3.0
4680	rack	Wiktionary	https://en.wiktionary.org/wiki/rack	CC BY-SA 3.0
2334	boil	Wiktionary	https://en.wiktionary.org/wiki/boil	CC BY-SA 3.0
5239	steam	Wiktionary	https://en.wiktionary.org/wiki/steam	CC BY-SA 3.0
3536	gut	Wiktionary	https://en.wiktionary.org/wiki/gut	CC BY-SA 3.0
2550	cliff	Wiktionary	https://en.wiktionary.org/wiki/cliff	CC BY-SA 3.0
5034	sheer	Wiktionary	https://en.wiktionary.org/wiki/sheer	CC BY-SA 3.0
4970	scramble	Wiktionary	https://en.wiktionary.org/wiki/scramble	CC BY-SA 3.0
3336	filter	Wiktionary	https://en.wiktionary.org/wiki/filter	CC BY-SA 3.0
5259	stove	Wiktionary	https://en.wiktionary.org/wiki/stove	CC BY-SA 3.0
2844	dam	Wiktionary	https://en.wiktionary.org/wiki/dam	CC BY-SA 3.0
5199	spray	Wiktionary	https://en.wiktionary.org/wiki/spray	CC BY-SA 3.0
4092	mill	Wiktionary	https://en.wiktionary.org/wiki/mill	CC BY-SA 3.0
3770	instant	Wiktionary	https://en.wiktionary.org/wiki/instant	CC BY-SA 3.0
3221	excessive	Wiktionary	https://en.wiktionary.org/wiki/excessive	CC BY-SA 3.0
3977	logical	Wiktionary	https://en.wiktionary.org/wiki/logical	CC BY-SA 3.0
2165	ash	Wiktionary	https://en.wiktionary.org/wiki/ash	CC BY-SA 3.0
4095	mineral	Wiktionary	https://en.wiktionary.org/wiki/mineral	CC BY-SA 3.0
4483	plunge	Wiktionary	https://en.wiktionary.org/wiki/plunge	CC BY-SA 3.0
2510	chill	Wiktionary	https://en.wiktionary.org/wiki/chill	CC BY-SA 3.0
4973	scratch	Wiktionary	https://en.wiktionary.org/wiki/scratch	CC BY-SA 3.0
3961	liver	Wiktionary	https://en.wiktionary.org/wiki/liver	CC BY-SA 3.0
2819	cruise	Wiktionary	https://en.wiktionary.org/wiki/cruise	CC BY-SA 3.0
2914	deposit	Wiktionary	https://en.wiktionary.org/wiki/deposit	CC BY-SA 3.0
5125	soar	Wiktionary	https://en.wiktionary.org/wiki/soar	CC BY-SA 3.0
5265	straw	Wiktionary	https://en.wiktionary.org/wiki/straw	CC BY-SA 3.0
3234	exhaust	Wiktionary	https://en.wiktionary.org/wiki/exhaust	CC BY-SA 3.0
4328	overnight	Wiktionary	https://en.wiktionary.org/wiki/overnight	CC BY-SA 3.0
5124	soak	Wiktionary	https://en.wiktionary.org/wiki/soak	CC BY-SA 3.0
5456	tile	Wiktionary	https://en.wiktionary.org/wiki/tile	CC BY-SA 3.0
4954	scar	Wiktionary	https://en.wiktionary.org/wiki/scar	CC BY-SA 3.0
3486	glow	Wiktionary	https://en.wiktionary.org/wiki/glow	CC BY-SA 3.0
3645	hydrogen	Wiktionary	https://en.wiktionary.org/wiki/hydrogen	CC BY-SA 3.0
5134	soda	Wiktionary	https://en.wiktionary.org/wiki/soda	CC BY-SA 3.0
3868	kidney	Wiktionary	https://en.wiktionary.org/wiki/kidney	CC BY-SA 3.0
3912	leak	Wiktionary	https://en.wiktionary.org/wiki/leak	CC BY-SA 3.0
2194	atom	Wiktionary	https://en.wiktionary.org/wiki/atom	CC BY-SA 3.0
4129	molecule	Wiktionary	https://en.wiktionary.org/wiki/molecule	CC BY-SA 3.0
2320	bleed	Wiktionary	https://en.wiktionary.org/wiki/bleed	CC BY-SA 3.0
2514	choke	Wiktionary	https://en.wiktionary.org/wiki/choke	CC BY-SA 3.0
4933	saint	Wiktionary	https://en.wiktionary.org/wiki/saint	CC BY-SA 3.0
5511	tremble	Wiktionary	https://en.wiktionary.org/wiki/tremble	CC BY-SA 3.0
3415	frog	Wiktionary	https://en.wiktionary.org/wiki/frog	CC BY-SA 3.0
3520	grind	Wiktionary	https://en.wiktionary.org/wiki/grind	CC BY-SA 3.0
5504	transplant	Wiktionary	https://en.wiktionary.org/wiki/transplant	CC BY-SA 3.0
2483	champagne	Wiktionary	https://en.wiktionary.org/wiki/champagne	CC BY-SA 3.0
5266	strawberry	Wiktionary	https://en.wiktionary.org/wiki/strawberry	CC BY-SA 3.0
2942	detector	Wiktionary	https://en.wiktionary.org/wiki/detector	CC BY-SA 3.0
4972	scrape	Wiktionary	https://en.wiktionary.org/wiki/scrape	CC BY-SA 3.0
4397	peach	Wiktionary	https://en.wiktionary.org/wiki/peach	CC BY-SA 3.0
4489	poison	Wiktionary	https://en.wiktionary.org/wiki/poison	CC BY-SA 3.0
4481	plug	Wiktionary	https://en.wiktionary.org/wiki/plug	CC BY-SA 3.0
2415	calcium	Wiktionary	https://en.wiktionary.org/wiki/calcium	CC BY-SA 3.0
2821	crust	Wiktionary	https://en.wiktionary.org/wiki/crust	CC BY-SA 3.0
4144	mosquito	Wiktionary	https://en.wiktionary.org/wiki/mosquito	CC BY-SA 3.0
2823	cube	Wiktionary	https://en.wiktionary.org/wiki/cube	CC BY-SA 3.0
4495	polish	Wiktionary	https://en.wiktionary.org/wiki/polish	CC BY-SA 3.0
5653	wit	Wiktionary	https://en.wiktionary.org/wiki/wit	CC BY-SA 3.0
2243	balcony	Wiktionary	https://en.wiktionary.org/wiki/balcony	CC BY-SA 3.0
2787	courtyard	Wiktionary	https://en.wiktionary.org/wiki/courtyard	CC BY-SA 3.0
2452	castle	Wiktionary	https://en.wiktionary.org/wiki/castle	CC BY-SA 3.0
5122	sniff	Wiktionary	https://en.wiktionary.org/wiki/sniff	CC BY-SA 3.0
4200	nitrogen	Wiktionary	https://en.wiktionary.org/wiki/nitrogen	CC BY-SA 3.0
3369	flush	Wiktionary	https://en.wiktionary.org/wiki/flush	CC BY-SA 3.0
2159	artery	Wiktionary	https://en.wiktionary.org/wiki/artery	CC BY-SA 3.0
4344	ozone	Wiktionary	https://en.wiktionary.org/wiki/ozone	CC BY-SA 3.0
3055	drip	Wiktionary	https://en.wiktionary.org/wiki/drip	CC BY-SA 3.0
3995	lump	Wiktionary	https://en.wiktionary.org/wiki/lump	CC BY-SA 3.0
2265	basin	Wiktionary	https://en.wiktionary.org/wiki/basin	CC BY-SA 3.0
3370	foam	Wiktionary	https://en.wiktionary.org/wiki/foam	CC BY-SA 3.0
2808	crisp	Wiktionary	https://en.wiktionary.org/wiki/crisp	CC BY-SA 3.0
4947	sausage	Wiktionary	https://en.wiktionary.org/wiki/sausage	CC BY-SA 3.0
3484	glorious	Wiktionary	https://en.wiktionary.org/wiki/glorious	CC BY-SA 3.0
5042	shiver	Wiktionary	https://en.wiktionary.org/wiki/shiver	CC BY-SA 3.0
2979	discharge	Wiktionary	https://en.wiktionary.org/wiki/discharge	CC BY-SA 3.0
5537	tug	Wiktionary	https://en.wiktionary.org/wiki/tug	CC BY-SA 3.0
3621	hose	Wiktionary	https://en.wiktionary.org/wiki/hose	CC BY-SA 3.0
2868	decisive	Wiktionary	https://en.wiktionary.org/wiki/decisive	CC BY-SA 3.0
5587	volcano	Wiktionary	https://en.wiktionary.org/wiki/volcano	CC BY-SA 3.0
2850	dash	Wiktionary	https://en.wiktionary.org/wiki/dash	CC BY-SA 3.0
2469	cement	Wiktionary	https://en.wiktionary.org/wiki/cement	CC BY-SA 3.0
2663	concrete	Wiktionary	https://en.wiktionary.org/wiki/concrete	CC BY-SA 3.0
5400	temper	Wiktionary	https://en.wiktionary.org/wiki/temper	CC BY-SA 3.0
4421	perfume	Wiktionary	https://en.wiktionary.org/wiki/perfume	CC BY-SA 3.0
5363	swift	Wiktionary	https://en.wiktionary.org/wiki/swift	CC BY-SA 3.0
4467	plague	Wiktionary	https://en.wiktionary.org/wiki/plague	CC BY-SA 3.0
5190	splash	Wiktionary	https://en.wiktionary.org/wiki/splash	CC BY-SA 3.0
3633	hum	Wiktionary	https://en.wiktionary.org/wiki/hum	CC BY-SA 3.0
5376	synthetic	Wiktionary	https://en.wiktionary.org/wiki/synthetic	CC BY-SA 3.0
4219	nucleus	Wiktionary	https://en.wiktionary.org/wiki/nucleus	CC BY-SA 3.0
4218	nuclear	Wiktionary	https://en.wiktionary.org/wiki/nuclear	CC BY-SA 3.0
3244	expel	Wiktionary	https://en.wiktionary.org/wiki/expel	CC BY-SA 3.0
2668	confer	Wiktionary	https://en.wiktionary.org/wiki/confer	CC BY-SA 3.0
5615	wax	Wiktionary	https://en.wiktionary.org/wiki/wax	CC BY-SA 3.0
3487	glue	Wiktionary	https://en.wiktionary.org/wiki/glue	CC BY-SA 3.0
2719	contaminate	Wiktionary	https://en.wiktionary.org/wiki/contaminate	CC BY-SA 3.0
3681	impatient	Wiktionary	https://en.wiktionary.org/wiki/impatient	CC BY-SA 3.0
3930	lever	Wiktionary	https://en.wiktionary.org/wiki/lever	CC BY-SA 3.0
2356	bracket	Wiktionary	https://en.wiktionary.org/wiki/bracket	CC BY-SA 3.0
4380	paste	Wiktionary	https://en.wiktionary.org/wiki/paste	CC BY-SA 3.0
3083	eclipse	Wiktionary	https://en.wiktionary.org/wiki/eclipse	CC BY-SA 3.0
2384	bruise	Wiktionary	https://en.wiktionary.org/wiki/bruise	CC BY-SA 3.0
1986	ache	Wiktionary	https://en.wiktionary.org/wiki/ache	CC BY-SA 3.0
4458	pinch	Wiktionary	https://en.wiktionary.org/wiki/pinch	CC BY-SA 3.0
5671	wrinkle	Wiktionary	https://en.wiktionary.org/wiki/wrinkle	CC BY-SA 3.0
2363	breach	Wiktionary	https://en.wiktionary.org/wiki/breach	CC BY-SA 3.0
3205	evaporate	Wiktionary	https://en.wiktionary.org/wiki/evaporate	CC BY-SA 3.0
4686	radioactive	Wiktionary	https://en.wiktionary.org/wiki/radioactive	CC BY-SA 3.0
3505	graph	Wiktionary	https://en.wiktionary.org/wiki/graph	CC BY-SA 3.0
3512	grease	Wiktionary	https://en.wiktionary.org/wiki/grease	CC BY-SA 3.0
4074	mercury	Wiktionary	https://en.wiktionary.org/wiki/mercury	CC BY-SA 3.0
3675	immerse	Wiktionary	https://en.wiktionary.org/wiki/immerse	CC BY-SA 3.0
4442	petroleum	Wiktionary	https://en.wiktionary.org/wiki/petroleum	CC BY-SA 3.0
5251	sting	Wiktionary	https://en.wiktionary.org/wiki/sting	CC BY-SA 3.0
4470	plaster	Wiktionary	https://en.wiktionary.org/wiki/plaster	CC BY-SA 3.0
3144	enclose	Wiktionary	https://en.wiktionary.org/wiki/enclose	CC BY-SA 3.0
3838	irritate	Wiktionary	https://en.wiktionary.org/wiki/irritate	CC BY-SA 3.0
5087	skim	Wiktionary	https://en.wiktionary.org/wiki/skim	CC BY-SA 3.0
4703	rash	Wiktionary	https://en.wiktionary.org/wiki/rash	CC BY-SA 3.0
3071	dye	Wiktionary	https://en.wiktionary.org/wiki/dye	CC BY-SA 3.0
4245	obstruction	Wiktionary	https://en.wiktionary.org/wiki/obstruction	CC BY-SA 3.0
3417	frost	Wiktionary	https://en.wiktionary.org/wiki/frost	CC BY-SA 3.0
4323	overflow	Wiktionary	https://en.wiktionary.org/wiki/overflow	CC BY-SA 3.0
2352	bowel	Wiktionary	https://en.wiktionary.org/wiki/bowel	CC BY-SA 3.0
2965	dilute	Wiktionary	https://en.wiktionary.org/wiki/dilute	CC BY-SA 3.0
5318	sulfur	Wiktionary	https://en.wiktionary.org/wiki/sulfur	CC BY-SA 3.0
3423	fume	Wiktionary	https://en.wiktionary.org/wiki/fume	CC BY-SA 3.0
3858	jug	Wiktionary	https://en.wiktionary.org/wiki/jug	CC BY-SA 3.0
5385	tan	Wiktionary	https://en.wiktionary.org/wiki/tan	CC BY-SA 3.0
5066	silicon	Wiktionary	https://en.wiktionary.org/wiki/silicon	CC BY-SA 3.0
5253	stitch	Wiktionary	https://en.wiktionary.org/wiki/stitch	CC BY-SA 3.0
4342	oxide	Wiktionary	https://en.wiktionary.org/wiki/oxide	CC BY-SA 3.0
3145	enclosure	Wiktionary	https://en.wiktionary.org/wiki/enclosure	CC BY-SA 3.0
4490	poisonous	Wiktionary	https://en.wiktionary.org/wiki/poisonous	CC BY-SA 3.0
5483	toxic	Wiktionary	https://en.wiktionary.org/wiki/toxic	CC BY-SA 3.0
5028	shampoo	Wiktionary	https://en.wiktionary.org/wiki/shampoo	CC BY-SA 3.0
4925	rust	Wiktionary	https://en.wiktionary.org/wiki/rust	CC BY-SA 3.0
2360	brandy	Wiktionary	https://en.wiktionary.org/wiki/brandy	CC BY-SA 3.0
4822	reptile	Wiktionary	https://en.wiktionary.org/wiki/reptile	CC BY-SA 3.0
4244	obstruct	Wiktionary	https://en.wiktionary.org/wiki/obstruct	CC BY-SA 3.0
3866	kettle	Wiktionary	https://en.wiktionary.org/wiki/kettle	CC BY-SA 3.0
4676	quiver	Wiktionary	https://en.wiktionary.org/wiki/quiver	CC BY-SA 3.0
5479	torrent	Wiktionary	https://en.wiktionary.org/wiki/torrent	CC BY-SA 3.0
3972	locomotive	Wiktionary	https://en.wiktionary.org/wiki/locomotive	CC BY-SA 3.0
5390	tar	Wiktionary	https://en.wiktionary.org/wiki/tar	CC BY-SA 3.0
4482	plumber	Wiktionary	https://en.wiktionary.org/wiki/plumber	CC BY-SA 3.0
3620	horsepower	Wiktionary	https://en.wiktionary.org/wiki/horsepower	CC BY-SA 3.0
3560	hasty	Wiktionary	https://en.wiktionary.org/wiki/hasty	CC BY-SA 3.0
5498	transistor	Wiktionary	https://en.wiktionary.org/wiki/transistor	CC BY-SA 3.0
5240	steamer	Wiktionary	https://en.wiktionary.org/wiki/steamer	CC BY-SA 3.0
4657	purify	Wiktionary	https://en.wiktionary.org/wiki/purify	CC BY-SA 3.0
2665	condense	Wiktionary	https://en.wiktionary.org/wiki/condense	CC BY-SA 3.0
4864	retort	Wiktionary	https://en.wiktionary.org/wiki/retort	CC BY-SA 3.0
5628	weld	Wiktionary	https://en.wiktionary.org/wiki/weld	CC BY-SA 3.0
3837	irrigate	Wiktionary	https://en.wiktionary.org/wiki/irrigate	CC BY-SA 3.0
4671	quartz	Wiktionary	https://en.wiktionary.org/wiki/quartz	CC BY-SA 3.0
4407	peep	Wiktionary	https://en.wiktionary.org/wiki/peep	CC BY-SA 3.0
5635	whisky	Wiktionary	https://en.wiktionary.org/wiki/whisky	CC BY-SA 3.0
3955	liquor	Wiktionary	https://en.wiktionary.org/wiki/liquor	CC BY-SA 3.0
5143	soluble	Wiktionary	https://en.wiktionary.org/wiki/soluble	CC BY-SA 3.0
3960	litre	Wiktionary	https://en.wiktionary.org/wiki/litre	CC BY-SA 3.0
3439	gallon	Wiktionary	https://en.wiktionary.org/wiki/gallon	CC BY-SA 3.0
4151	mould	Wiktionary	https://en.wiktionary.org/wiki/mould	CC BY-SA 3.0
4460	pint	Wiktionary	https://en.wiktionary.org/wiki/pint	CC BY-SA 3.0
4669	quart	Wiktionary	https://en.wiktionary.org/wiki/quart	CC BY-SA 3.0
5588	volt	Wiktionary	https://en.wiktionary.org/wiki/volt	CC BY-SA 3.0
5589	voltage	Wiktionary	https://en.wiktionary.org/wiki/voltage	CC BY-SA 3.0
5858	reaction	Wiktionary	https://en.wiktionary.org/wiki/reaction	CC BY-SA 3.0
4640	provoke	Wiktionary	https://en.wiktionary.org/wiki/provoke	CC BY-SA 3.0
5861	repetitive	Wiktionary	https://en.wiktionary.org/wiki/repetitive	CC BY-SA 3.0
5862	replicate	Wiktionary	https://en.wiktionary.org/wiki/replicate	CC BY-SA 3.0
5863	representation	Wiktionary	https://en.wiktionary.org/wiki/representation	CC BY-SA 3.0
5865	restriction	Wiktionary	https://en.wiktionary.org/wiki/restriction	CC BY-SA 3.0
5866	restrictive	Wiktionary	https://en.wiktionary.org/wiki/restrictive	CC BY-SA 3.0
5867	retribution	Wiktionary	https://en.wiktionary.org/wiki/retribution	CC BY-SA 3.0
5869	ridicule	Wiktionary	https://en.wiktionary.org/wiki/ridicule	CC BY-SA 3.0
5871	roman	Wiktionary	https://en.wiktionary.org/wiki/roman	CC BY-SA 3.0
2460	Catholic	Wiktionary	https://en.wiktionary.org/wiki/Catholic	CC BY-SA 3.0
4502	pope	Wiktionary	https://en.wiktionary.org/wiki/pope	CC BY-SA 3.0
3896	Latin	Wiktionary	https://en.wiktionary.org/wiki/Latin	CC BY-SA 3.0
5119	snatch	Wiktionary	https://en.wiktionary.org/wiki/snatch	CC BY-SA 3.0
5874	separation	Wiktionary	https://en.wiktionary.org/wiki/separation	CC BY-SA 3.0
3510	gravity	Wiktionary	https://en.wiktionary.org/wiki/gravity	CC BY-SA 3.0
5878	slowly	Wiktionary	https://en.wiktionary.org/wiki/slowly	CC BY-SA 3.0
5488	trail	Wiktionary	https://en.wiktionary.org/wiki/trail	CC BY-SA 3.0
3212	evolve	Wiktionary	https://en.wiktionary.org/wiki/evolve	CC BY-SA 3.0
3286	fade	Wiktionary	https://en.wiktionary.org/wiki/fade	CC BY-SA 3.0
3360	float	Wiktionary	https://en.wiktionary.org/wiki/float	CC BY-SA 3.0
5604	wander	Wiktionary	https://en.wiktionary.org/wiki/wander	CC BY-SA 3.0
5058	sigh	Wiktionary	https://en.wiktionary.org/wiki/sigh	CC BY-SA 3.0
2794	crawl	Wiktionary	https://en.wiktionary.org/wiki/crawl	CC BY-SA 3.0
2801	creep	Wiktionary	https://en.wiktionary.org/wiki/creep	CC BY-SA 3.0
5282	stroll	Wiktionary	https://en.wiktionary.org/wiki/stroll	CC BY-SA 3.0
5359	sway	Wiktionary	https://en.wiktionary.org/wiki/sway	CC BY-SA 3.0
3501	gradual	Wiktionary	https://en.wiktionary.org/wiki/gradual	CC BY-SA 3.0
3211	evolution	Wiktionary	https://en.wiktionary.org/wiki/evolution	CC BY-SA 3.0
2943	deteriorate	Wiktionary	https://en.wiktionary.org/wiki/deteriorate	CC BY-SA 3.0
2863	decay	Wiktionary	https://en.wiktionary.org/wiki/decay	CC BY-SA 3.0
3852	jog	Wiktionary	https://en.wiktionary.org/wiki/jog	CC BY-SA 3.0
3882	lag	Wiktionary	https://en.wiktionary.org/wiki/lag	CC BY-SA 3.0
4909	rot	Wiktionary	https://en.wiktionary.org/wiki/rot	CC BY-SA 3.0
4359	parachute	Wiktionary	https://en.wiktionary.org/wiki/parachute	CC BY-SA 3.0
3003	dissipate	Wiktionary	https://en.wiktionary.org/wiki/dissipate	CC BY-SA 3.0
2026	adverb	Wiktionary	https://en.wiktionary.org/wiki/adverb	CC BY-SA 3.0
2770	corrode	Wiktionary	https://en.wiktionary.org/wiki/corrode	CC BY-SA 3.0
5880	solely	Wiktionary	https://en.wiktionary.org/wiki/solely	CC BY-SA 3.0
5884	strangely	Wiktionary	https://en.wiktionary.org/wiki/strangely	CC BY-SA 3.0
5885	strongly	Wiktionary	https://en.wiktionary.org/wiki/strongly	CC BY-SA 3.0
4791	religious	Wiktionary	https://en.wiktionary.org/wiki/religious	CC BY-SA 3.0
4573	priest	Wiktionary	https://en.wiktionary.org/wiki/priest	CC BY-SA 3.0
4100	minister	Wiktionary	https://en.wiktionary.org/wiki/minister	CC BY-SA 3.0
2411	cabinet	Wiktionary	https://en.wiktionary.org/wiki/cabinet	CC BY-SA 3.0
2484	champion	Wiktionary	https://en.wiktionary.org/wiki/champion	CC BY-SA 3.0
4635	protest	Wiktionary	https://en.wiktionary.org/wiki/protest	CC BY-SA 3.0
2175	assert	Wiktionary	https://en.wiktionary.org/wiki/assert	CC BY-SA 3.0
4992	seize	Wiktionary	https://en.wiktionary.org/wiki/seize	CC BY-SA 3.0
5074	sin	Wiktionary	https://en.wiktionary.org/wiki/sin	CC BY-SA 3.0
5360	swear	Wiktionary	https://en.wiktionary.org/wiki/swear	CC BY-SA 3.0
4894	ritual	Wiktionary	https://en.wiktionary.org/wiki/ritual	CC BY-SA 3.0
2664	condemn	Wiktionary	https://en.wiktionary.org/wiki/condemn	CC BY-SA 3.0
2322	bless	Wiktionary	https://en.wiktionary.org/wiki/bless	CC BY-SA 3.0
4101	ministry	Wiktionary	https://en.wiktionary.org/wiki/ministry	CC BY-SA 3.0
4694	rally	Wiktionary	https://en.wiktionary.org/wiki/rally	CC BY-SA 3.0
4532	preach	Wiktionary	https://en.wiktionary.org/wiki/preach	CC BY-SA 3.0
4937	salvation	Wiktionary	https://en.wiktionary.org/wiki/salvation	CC BY-SA 3.0
2039	affirm	Wiktionary	https://en.wiktionary.org/wiki/affirm	CC BY-SA 3.0
2903	denounce	Wiktionary	https://en.wiktionary.org/wiki/denounce	CC BY-SA 3.0
2546	clergy	Wiktionary	https://en.wiktionary.org/wiki/clergy	CC BY-SA 3.0
2318	blaze	Wiktionary	https://en.wiktionary.org/wiki/blaze	CC BY-SA 3.0
2354	boycott	Wiktionary	https://en.wiktionary.org/wiki/boycott	CC BY-SA 3.0
4454	pilgrim	Wiktionary	https://en.wiktionary.org/wiki/pilgrim	CC BY-SA 3.0
2436	cardinal	Wiktionary	https://en.wiktionary.org/wiki/cardinal	CC BY-SA 3.0
2047	agitate	Wiktionary	https://en.wiktionary.org/wiki/agitate	CC BY-SA 3.0
4062	meditate	Wiktionary	https://en.wiktionary.org/wiki/meditate	CC BY-SA 3.0
3906	layman	Wiktionary	https://en.wiktionary.org/wiki/layman	CC BY-SA 3.0
5730	congregation	Wiktionary	https://en.wiktionary.org/wiki/congregation	CC BY-SA 3.0
5781	forceful	Wiktionary	https://en.wiktionary.org/wiki/forceful	CC BY-SA 3.0
5886	suddenly	Wiktionary	https://en.wiktionary.org/wiki/suddenly	CC BY-SA 3.0
3497	grab	Wiktionary	https://en.wiktionary.org/wiki/grab	CC BY-SA 3.0
2405	burst	Wiktionary	https://en.wiktionary.org/wiki/burst	CC BY-SA 3.0
3253	explode	Wiktionary	https://en.wiktionary.org/wiki/explode	CC BY-SA 3.0
2337	bomb	Wiktionary	https://en.wiktionary.org/wiki/bomb	CC BY-SA 3.0
4110	missile	Wiktionary	https://en.wiktionary.org/wiki/missile	CC BY-SA 3.0
3256	explosion	Wiktionary	https://en.wiktionary.org/wiki/explosion	CC BY-SA 3.0
2336	bolt	Wiktionary	https://en.wiktionary.org/wiki/bolt	CC BY-SA 3.0
5035	shell	Wiktionary	https://en.wiktionary.org/wiki/shell	CC BY-SA 3.0
4226	nut	Wiktionary	https://en.wiktionary.org/wiki/nut	CC BY-SA 3.0
2789	crab	Wiktionary	https://en.wiktionary.org/wiki/crab	CC BY-SA 3.0
4399	peanut	Wiktionary	https://en.wiktionary.org/wiki/peanut	CC BY-SA 3.0
5337	surge	Wiktionary	https://en.wiktionary.org/wiki/surge	CC BY-SA 3.0
4690	raid	Wiktionary	https://en.wiktionary.org/wiki/raid	CC BY-SA 3.0
3190	erupt	Wiktionary	https://en.wiktionary.org/wiki/erupt	CC BY-SA 3.0
3451	gasp	Wiktionary	https://en.wiktionary.org/wiki/gasp	CC BY-SA 3.0
3225	exclaim	Wiktionary	https://en.wiktionary.org/wiki/exclaim	CC BY-SA 3.0
5203	spur	Wiktionary	https://en.wiktionary.org/wiki/spur	CC BY-SA 3.0
5221	stall	Wiktionary	https://en.wiktionary.org/wiki/stall	CC BY-SA 3.0
2342	booth	Wiktionary	https://en.wiktionary.org/wiki/booth	CC BY-SA 3.0
5206	squirrel	Wiktionary	https://en.wiktionary.org/wiki/squirrel	CC BY-SA 3.0
4648	puff	Wiktionary	https://en.wiktionary.org/wiki/puff	CC BY-SA 3.0
3349	flare	Wiktionary	https://en.wiktionary.org/wiki/flare	CC BY-SA 3.0
3269	extinct	Wiktionary	https://en.wiktionary.org/wiki/extinct	CC BY-SA 3.0
3433	fuse	Wiktionary	https://en.wiktionary.org/wiki/fuse	CC BY-SA 3.0
5669	wrench	Wiktionary	https://en.wiktionary.org/wiki/wrench	CC BY-SA 3.0
5121	sneeze	Wiktionary	https://en.wiktionary.org/wiki/sneeze	CC BY-SA 3.0
5721	clam	Wiktionary	https://en.wiktionary.org/wiki/clam	CC BY-SA 3.0
5890	tenderness	Wiktionary	https://en.wiktionary.org/wiki/tenderness	CC BY-SA 3.0
5895	transit	Wiktionary	https://en.wiktionary.org/wiki/transit	CC BY-SA 3.0
5896	treatment	Wiktionary	https://en.wiktionary.org/wiki/treatment	CC BY-SA 3.0
4060	medicine	Wiktionary	https://en.wiktionary.org/wiki/medicine	CC BY-SA 3.0
3058	drug	Wiktionary	https://en.wiktionary.org/wiki/drug	CC BY-SA 3.0
3862	justice	Wiktionary	https://en.wiktionary.org/wiki/justice	CC BY-SA 3.0
1960	abuse	Wiktionary	https://en.wiktionary.org/wiki/abuse	CC BY-SA 3.0
5339	surgery	Wiktionary	https://en.wiktionary.org/wiki/surgery	CC BY-SA 3.0
5430	therapy	Wiktionary	https://en.wiktionary.org/wiki/therapy	CC BY-SA 3.0
2554	clinic	Wiktionary	https://en.wiktionary.org/wiki/clinic	CC BY-SA 3.0
4556	prescription	Wiktionary	https://en.wiktionary.org/wiki/prescription	CC BY-SA 3.0
3040	dose	Wiktionary	https://en.wiktionary.org/wiki/dose	CC BY-SA 3.0
3584	herb	Wiktionary	https://en.wiktionary.org/wiki/herb	CC BY-SA 3.0
2013	administer	Wiktionary	https://en.wiktionary.org/wiki/administer	CC BY-SA 3.0
2570	cocaine	Wiktionary	https://en.wiktionary.org/wiki/cocaine	CC BY-SA 3.0
2829	cure	Wiktionary	https://en.wiktionary.org/wiki/cure	CC BY-SA 3.0
4799	remedy	Wiktionary	https://en.wiktionary.org/wiki/remedy	CC BY-SA 3.0
4555	prescribe	Wiktionary	https://en.wiktionary.org/wiki/prescribe	CC BY-SA 3.0
3750	inject	Wiktionary	https://en.wiktionary.org/wiki/inject	CC BY-SA 3.0
3588	heroin	Wiktionary	https://en.wiktionary.org/wiki/heroin	CC BY-SA 3.0
2431	capsule	Wiktionary	https://en.wiktionary.org/wiki/capsule	CC BY-SA 3.0
5379	tablet	Wiktionary	https://en.wiktionary.org/wiki/tablet	CC BY-SA 3.0
4444	pharmacy	Wiktionary	https://en.wiktionary.org/wiki/pharmacy	CC BY-SA 3.0
3622	hospitality	Wiktionary	https://en.wiktionary.org/wiki/hospitality	CC BY-SA 3.0
2503	chemist	Wiktionary	https://en.wiktionary.org/wiki/chemist	CC BY-SA 3.0
5892	therapeutic	Wiktionary	https://en.wiktionary.org/wiki/therapeutic	CC BY-SA 3.0
5899	unable	Wiktionary	https://en.wiktionary.org/wiki/unable	CC BY-SA 3.0
4365	paralyze	Wiktionary	https://en.wiktionary.org/wiki/paralyze	CC BY-SA 3.0
2855	dazzle	Wiktionary	https://en.wiktionary.org/wiki/dazzle	CC BY-SA 3.0
5900	unbelievable	Wiktionary	https://en.wiktionary.org/wiki/unbelievable	CC BY-SA 3.0
5907	urge	Wiktionary	https://en.wiktionary.org/wiki/urge	CC BY-SA 3.0
5910	valid	Wiktionary	https://en.wiktionary.org/wiki/valid	CC BY-SA 3.0
4807	renew	Wiktionary	https://en.wiktionary.org/wiki/renew	CC BY-SA 3.0
3250	expire	Wiktionary	https://en.wiktionary.org/wiki/expire	CC BY-SA 3.0
3889	lapse	Wiktionary	https://en.wiktionary.org/wiki/lapse	CC BY-SA 3.0
5911	value	Wiktionary	https://en.wiktionary.org/wiki/value	CC BY-SA 3.0
3184	equivalent	Wiktionary	https://en.wiktionary.org/wiki/equivalent	CC BY-SA 3.0
2615	comparable	Wiktionary	https://en.wiktionary.org/wiki/comparable	CC BY-SA 3.0
3860	junk	Wiktionary	https://en.wiktionary.org/wiki/junk	CC BY-SA 3.0
5913	variable	Wiktionary	https://en.wiktionary.org/wiki/variable	CC BY-SA 3.0
5915	various	Wiktionary	https://en.wiktionary.org/wiki/various	CC BY-SA 3.0
5916	vehicle	Wiktionary	https://en.wiktionary.org/wiki/vehicle	CC BY-SA 3.0
5387	tank	Wiktionary	https://en.wiktionary.org/wiki/tank	CC BY-SA 3.0
4360	parade	Wiktionary	https://en.wiktionary.org/wiki/parade	CC BY-SA 3.0
2444	cart	Wiktionary	https://en.wiktionary.org/wiki/cart	CC BY-SA 3.0
4900	rocket	Wiktionary	https://en.wiktionary.org/wiki/rocket	CC BY-SA 3.0
5598	wagon	Wiktionary	https://en.wiktionary.org/wiki/wagon	CC BY-SA 3.0
3356	fleet	Wiktionary	https://en.wiktionary.org/wiki/fleet	CC BY-SA 3.0
5505	transport	Wiktionary	https://en.wiktionary.org/wiki/transport	CC BY-SA 3.0
2357	brake	Wiktionary	https://en.wiktionary.org/wiki/brake	CC BY-SA 3.0
2083	ambulance	Wiktionary	https://en.wiktionary.org/wiki/ambulance	CC BY-SA 3.0
2584	collision	Wiktionary	https://en.wiktionary.org/wiki/collision	CC BY-SA 3.0
5451	thrust	Wiktionary	https://en.wiktionary.org/wiki/thrust	CC BY-SA 3.0
4589	probe	Wiktionary	https://en.wiktionary.org/wiki/probe	CC BY-SA 3.0
2442	carriage	Wiktionary	https://en.wiktionary.org/wiki/carriage	CC BY-SA 3.0
3026	dock	Wiktionary	https://en.wiktionary.org/wiki/dock	CC BY-SA 3.0
2583	collide	Wiktionary	https://en.wiktionary.org/wiki/collide	CC BY-SA 3.0
4594	procession	Wiktionary	https://en.wiktionary.org/wiki/procession	CC BY-SA 3.0
5482	tow	Wiktionary	https://en.wiktionary.org/wiki/tow	CC BY-SA 3.0
5526	trolley	Wiktionary	https://en.wiktionary.org/wiki/trolley	CC BY-SA 3.0
3595	hijack	Wiktionary	https://en.wiktionary.org/wiki/hijack	CC BY-SA 3.0
5491	tram	Wiktionary	https://en.wiktionary.org/wiki/tram	CC BY-SA 3.0
3984	lorry	Wiktionary	https://en.wiktionary.org/wiki/lorry	CC BY-SA 3.0
5922	view	Wiktionary	https://en.wiktionary.org/wiki/view	CC BY-SA 3.0
4960	scene	Wiktionary	https://en.wiktionary.org/wiki/scene	CC BY-SA 3.0
4355	panorama	Wiktionary	https://en.wiktionary.org/wiki/panorama	CC BY-SA 3.0
5923	vigorous	Wiktionary	https://en.wiktionary.org/wiki/vigorous	CC BY-SA 3.0
5924	violent	Wiktionary	https://en.wiktionary.org/wiki/violent	CC BY-SA 3.0
2172	assault	Wiktionary	https://en.wiktionary.org/wiki/assault	CC BY-SA 3.0
3333	fierce	Wiktionary	https://en.wiktionary.org/wiki/fierce	CC BY-SA 3.0
2385	brutal	Wiktionary	https://en.wiktionary.org/wiki/brutal	CC BY-SA 3.0
4890	riot	Wiktionary	https://en.wiktionary.org/wiki/riot	CC BY-SA 3.0
3257	explosive	Wiktionary	https://en.wiktionary.org/wiki/explosive	CC BY-SA 3.0
2317	blast	Wiktionary	https://en.wiktionary.org/wiki/blast	CC BY-SA 3.0
4722	rebellion	Wiktionary	https://en.wiktionary.org/wiki/rebellion	CC BY-SA 3.0
4875	revolt	Wiktionary	https://en.wiktionary.org/wiki/revolt	CC BY-SA 3.0
4948	savage	Wiktionary	https://en.wiktionary.org/wiki/savage	CC BY-SA 3.0
5693	aggression	Wiktionary	https://en.wiktionary.org/wiki/aggression	CC BY-SA 3.0
5925	visible	Wiktionary	https://en.wiktionary.org/wiki/visible	CC BY-SA 3.0
5929	widely	Wiktionary	https://en.wiktionary.org/wiki/widely	CC BY-SA 3.0
3519	grin	Wiktionary	https://en.wiktionary.org/wiki/grin	CC BY-SA 3.0
5471	tolerance	Wiktionary	https://en.wiktionary.org/wiki/tolerance	CC BY-SA 3.0
5936	hermit	Wiktionary	https://en.wiktionary.org/wiki/hermit	CC BY-SA 3.0
5941	enslaved	Morpho authors		CC BY-NC-SA 4.0
5949	unalterable	Morpho authors		CC BY-NC-SA 4.0
5957	emergent	Wiktionary	https://en.wiktionary.org/wiki/emergent	CC BY-SA 3.0
5977	exclamation	Wiktionary	https://en.wiktionary.org/wiki/exclamation	CC BY-SA 3.0
5981	heredity	Wiktionary	https://en.wiktionary.org/wiki/heredity	CC BY-SA 3.0
5993	companionship	Morpho authors		CC BY-NC-SA 4.0
5996	empowered	Morpho authors		CC BY-NC-SA 4.0
6000	unpleasantly	Morpho authors		CC BY-NC-SA 4.0
6016	offence	Morpho authors		CC BY-NC-SA 4.0
6018	illogical	Morpho authors		CC BY-NC-SA 4.0
6019	hereditary	Wiktionary	https://en.wiktionary.org/wiki/hereditary	CC BY-SA 3.0
6030	poetical	Wiktionary	https://en.wiktionary.org/wiki/poetical	CC BY-SA 3.0
6037	dependable	Morpho authors		CC BY-NC-SA 4.0
6040	woody	Wiktionary	https://en.wiktionary.org/wiki/woody	CC BY-SA 3.0
6044	confederate	Wiktionary	https://en.wiktionary.org/wiki/confederate	CC BY-SA 3.0
6056	endearment	Morpho authors		CC BY-NC-SA 4.0
6067	sensibly	Morpho authors		CC BY-NC-SA 4.0
3976	logic	Wiktionary	https://en.wiktionary.org/wiki/logic	CC BY-SA 3.0
6075	acquiesce	Wiktionary	https://en.wiktionary.org/wiki/acquiesce	CC BY-SA 3.0
6076	assent	Wiktionary	https://en.wiktionary.org/wiki/assent	CC BY-SA 3.0
6083	prudence	Wiktionary	https://en.wiktionary.org/wiki/prudence	CC BY-SA 3.0
6089	feign	Wiktionary	https://en.wiktionary.org/wiki/feign	CC BY-SA 3.0
6090	manually	Morpho authors		CC BY-NC-SA 4.0
6104	acclamation	Wiktionary	https://en.wiktionary.org/wiki/acclamation	CC BY-SA 3.0
6108	peruse	Wiktionary	https://en.wiktionary.org/wiki/peruse	CC BY-SA 3.0
6117	supremely	Morpho authors		CC BY-NC-SA 4.0
6118	contemplative	Wiktionary	https://en.wiktionary.org/wiki/contemplative	CC BY-SA 3.0
6122	conclusive	Wiktionary	https://en.wiktionary.org/wiki/conclusive	CC BY-SA 3.0
6203	addictive	Wiktionary	https://en.wiktionary.org/wiki/addictive	CC BY-SA 3.0
6230	artifact	Wiktionary	https://en.wiktionary.org/wiki/artifact	CC BY-SA 3.0
6234	diatomic	Wiktionary	https://en.wiktionary.org/wiki/diatomic	CC BY-SA 3.0
6237	informal	Morpho authors		CC BY-NC-SA 4.0
2497	chat	Wiktionary	https://en.wiktionary.org/wiki/chat	CC BY-SA 3.0
6238	injection	Wiktionary	https://en.wiktionary.org/wiki/injection	CC BY-SA 3.0
6245	radioactivity	Wiktionary	https://en.wiktionary.org/wiki/radioactivity	CC BY-SA 3.0
6261	manure	Wiktionary	https://en.wiktionary.org/wiki/manure	CC BY-SA 3.0
6264	playful	Wiktionary	https://en.wiktionary.org/wiki/playful	CC BY-SA 3.0
5394	tease	Wiktionary	https://en.wiktionary.org/wiki/tease	CC BY-SA 3.0
6273	kinetic	Wiktionary	https://en.wiktionary.org/wiki/kinetic	CC BY-SA 3.0
6279	unfortunate	Wiktionary	https://en.wiktionary.org/wiki/unfortunate	CC BY-SA 3.0
6280	unpleasant	Wiktionary	https://en.wiktionary.org/wiki/unpleasant	CC BY-SA 3.0
3699	incident	Wiktionary	https://en.wiktionary.org/wiki/incident	CC BY-SA 3.0
5043	shock	Wiktionary	https://en.wiktionary.org/wiki/shock	CC BY-SA 3.0
4953	scandal	Wiktionary	https://en.wiktionary.org/wiki/scandal	CC BY-SA 3.0
5411	tennis	Wiktionary	https://en.wiktionary.org/wiki/tennis	CC BY-SA 3.0
4681	racket	Wiktionary	https://en.wiktionary.org/wiki/racket	CC BY-SA 3.0
2785	court	Wiktionary	https://en.wiktionary.org/wiki/court	CC BY-SA 3.0
3904	lawyer	Wiktionary	https://en.wiktionary.org/wiki/lawyer	CC BY-SA 3.0
5515	trial	Wiktionary	https://en.wiktionary.org/wiki/trial	CC BY-SA 3.0
2201	attorney	Wiktionary	https://en.wiktionary.org/wiki/attorney	CC BY-SA 3.0
2549	client	Wiktionary	https://en.wiktionary.org/wiki/client	CC BY-SA 3.0
3861	jury	Wiktionary	https://en.wiktionary.org/wiki/jury	CC BY-SA 3.0
2031	advocate	Wiktionary	https://en.wiktionary.org/wiki/advocate	CC BY-SA 3.0
5421	testimony	Wiktionary	https://en.wiktionary.org/wiki/testimony	CC BY-SA 3.0
5420	testify	Wiktionary	https://en.wiktionary.org/wiki/testify	CC BY-SA 3.0
4600	profession	Wiktionary	https://en.wiktionary.org/wiki/profession	CC BY-SA 3.0
2750	conviction	Wiktionary	https://en.wiktionary.org/wiki/conviction	CC BY-SA 3.0
5311	sue	Wiktionary	https://en.wiktionary.org/wiki/sue	CC BY-SA 3.0
5558	undergo	Wiktionary	https://en.wiktionary.org/wiki/undergo	CC BY-SA 3.0
5552	ugly	Wiktionary	https://en.wiktionary.org/wiki/ugly	CC BY-SA 3.0
3619	horror	Wiktionary	https://en.wiktionary.org/wiki/horror	CC BY-SA 3.0
2779	counsel	Wiktionary	https://en.wiktionary.org/wiki/counsel	CC BY-SA 3.0
3558	harsh	Wiktionary	https://en.wiktionary.org/wiki/harsh	CC BY-SA 3.0
4135	monster	Wiktionary	https://en.wiktionary.org/wiki/monster	CC BY-SA 3.0
2749	convict	Wiktionary	https://en.wiktionary.org/wiki/convict	CC BY-SA 3.0
4529	practitioner	Wiktionary	https://en.wiktionary.org/wiki/practitioner	CC BY-SA 3.0
5473	tolerate	Wiktionary	https://en.wiktionary.org/wiki/tolerate	CC BY-SA 3.0
4177	nasty	Wiktionary	https://en.wiktionary.org/wiki/nasty	CC BY-SA 3.0
4628	prosecute	Wiktionary	https://en.wiktionary.org/wiki/prosecute	CC BY-SA 3.0
5289	stun	Wiktionary	https://en.wiktionary.org/wiki/stun	CC BY-SA 3.0
4314	outrage	Wiktionary	https://en.wiktionary.org/wiki/outrage	CC BY-SA 3.0
5611	warrant	Wiktionary	https://en.wiktionary.org/wiki/warrant	CC BY-SA 3.0
4231	oath	Wiktionary	https://en.wiktionary.org/wiki/oath	CC BY-SA 3.0
4560	preside	Wiktionary	https://en.wiktionary.org/wiki/preside	CC BY-SA 3.0
3554	hardship	Wiktionary	https://en.wiktionary.org/wiki/hardship	CC BY-SA 3.0
2319	bleak	Wiktionary	https://en.wiktionary.org/wiki/bleak	CC BY-SA 3.0
2990	disgust	Wiktionary	https://en.wiktionary.org/wiki/disgust	CC BY-SA 3.0
3525	gross	Wiktionary	https://en.wiktionary.org/wiki/gross	CC BY-SA 3.0
4751	reel	Wiktionary	https://en.wiktionary.org/wiki/reel	CC BY-SA 3.0
4003	magistrate	Wiktionary	https://en.wiktionary.org/wiki/magistrate	CC BY-SA 3.0
4811	repel	Wiktionary	https://en.wiktionary.org/wiki/repel	CC BY-SA 3.0
2239	badminton	Wiktionary	https://en.wiktionary.org/wiki/badminton	CC BY-SA 3.0
4592	proceeding	Wiktionary	https://en.wiktionary.org/wiki/proceeding	CC BY-SA 3.0
6287	defense	Wiktionary	https://en.wiktionary.org/wiki/defense	CC BY-SA 3.0
6282	fortified	Morpho authors		CC BY-NC-SA 4.0
6291	showy	Wiktionary	https://en.wiktionary.org/wiki/showy	CC BY-SA 3.0
6299	politely	Morpho authors		CC BY-NC-SA 4.0
2872	decline	Wiktionary	https://en.wiktionary.org/wiki/decline	CC BY-SA 3.0
4826	request	Wiktionary	https://en.wiktionary.org/wiki/request	CC BY-SA 3.0
2133	application	Wiktionary	https://en.wiktionary.org/wiki/application	CC BY-SA 3.0
3831	invitation	Wiktionary	https://en.wiktionary.org/wiki/invitation	CC BY-SA 3.0
2638	comply	Wiktionary	https://en.wiktionary.org/wiki/comply	CC BY-SA 3.0
4474	plea	Wiktionary	https://en.wiktionary.org/wiki/plea	CC BY-SA 3.0
4440	petition	Wiktionary	https://en.wiktionary.org/wiki/petition	CC BY-SA 3.0
6303	contraction	Wiktionary	https://en.wiktionary.org/wiki/contraction	CC BY-SA 3.0
6305	seriously	Wiktionary	https://en.wiktionary.org/wiki/seriously	CC BY-SA 3.0
2124	appeal	Wiktionary	https://en.wiktionary.org/wiki/appeal	CC BY-SA 3.0
2720	contemplate	Wiktionary	https://en.wiktionary.org/wiki/contemplate	CC BY-SA 3.0
4476	pledge	Wiktionary	https://en.wiktionary.org/wiki/pledge	CC BY-SA 3.0
2806	cripple	Wiktionary	https://en.wiktionary.org/wiki/cripple	CC BY-SA 3.0
6308	alphabetical	Wiktionary	https://en.wiktionary.org/wiki/alphabetical	CC BY-SA 3.0
3710	index	Wiktionary	https://en.wiktionary.org/wiki/index	CC BY-SA 3.0
6310	diagnosis	Wiktionary	https://en.wiktionary.org/wiki/diagnosis	CC BY-SA 3.0
2951	diagnose	Wiktionary	https://en.wiktionary.org/wiki/diagnose	CC BY-SA 3.0
6321	specialty	Wiktionary	https://en.wiktionary.org/wiki/specialty	CC BY-SA 3.0
6331	intent	Wiktionary	https://en.wiktionary.org/wiki/intent	CC BY-SA 3.0
6334	pleasantly	Wiktionary	https://en.wiktionary.org/wiki/pleasantly	CC BY-SA 3.0
6339	conducive	Wiktionary	https://en.wiktionary.org/wiki/conducive	CC BY-SA 3.0
6343	irregular	Wiktionary	https://en.wiktionary.org/wiki/irregular	CC BY-SA 3.0
6344	potentially	Morpho authors		CC BY-NC-SA 4.0
6351	valuable	Morpho authors		CC BY-NC-SA 4.0
2177	asset	Wiktionary	https://en.wiktionary.org/wiki/asset	CC BY-SA 3.0
4537	precious	Wiktionary	https://en.wiktionary.org/wiki/precious	CC BY-SA 3.0
2113	antique	Wiktionary	https://en.wiktionary.org/wiki/antique	CC BY-SA 3.0
3850	jewel	Wiktionary	https://en.wiktionary.org/wiki/jewel	CC BY-SA 3.0
5509	treasure	Wiktionary	https://en.wiktionary.org/wiki/treasure	CC BY-SA 3.0
2815	crown	Wiktionary	https://en.wiktionary.org/wiki/crown	CC BY-SA 3.0
4400	pearl	Wiktionary	https://en.wiktionary.org/wiki/pearl	CC BY-SA 3.0
4920	ruby	Wiktionary	https://en.wiktionary.org/wiki/ruby	CC BY-SA 3.0
5520	trifle	Wiktionary	https://en.wiktionary.org/wiki/trifle	CC BY-SA 3.0
6358	expressive	Wiktionary	https://en.wiktionary.org/wiki/expressive	CC BY-SA 3.0
6378	supplementary	Wiktionary	https://en.wiktionary.org/wiki/supplementary	CC BY-SA 3.0
6379	tract	Wiktionary	https://en.wiktionary.org/wiki/tract	CC BY-SA 3.0
6392	weariness	Wiktionary	https://en.wiktionary.org/wiki/weariness	CC BY-SA 3.0
6410	fission	Wiktionary	https://en.wiktionary.org/wiki/fission	CC BY-SA 3.0
6424	troy	Wiktionary	https://en.wiktionary.org/wiki/troy	CC BY-SA 3.0
6439	spatial	Wiktionary	https://en.wiktionary.org/wiki/spatial	CC BY-SA 3.0
6450	autocracy	Wiktionary	https://en.wiktionary.org/wiki/autocracy	CC BY-SA 3.0
6477	ardent	Wiktionary	https://en.wiktionary.org/wiki/ardent	CC BY-SA 3.0
